customer_id,company_name,signup_date,country,industry,customer_segment
C00001,Bright 1,2025-02-02,Canada,Consulting,SMB
C00002,Cloud 2,2025-10-10,Canada,Media,SMB
C00003,Orbit 3,2025-08-27,India,Technology,Enterprise
C00004,Nexa 4,2025-06-10,India,Finance,Startup
C00005,Cloud 5,2025-06-08,USA,Marketing,Startup
C00006,Pulse 6,2025-11-10,India,Healthcare,SMB
C00007,Nexa 7,2025-02-01,USA,Education,Startup
C00008,Vertex 8,2025-09-12,Netherlands,Marketing,Mid-Market
C00009,Blue 9,2025-03-15,India,Consulting,SMB
C00010,Nova 10,2025-02-04,USA,Technology,Mid-Market
C00011,Nexa 11,2025-07-12,Canada,Healthcare,Mid-Market
C00012,Apex 12,2025-12-23,UK,Retail,SMB
C00013,Nexa 13,2025-09-26,India,Finance,Mid-Market
C00014,Pulse 14,2025-10-05,India,Marketing,Startup
C00015,Nexa 15,2025-09-19,Singapore,Technology,SMB
C00016,Nexa 16,2025-10-14,India,Technology,SMB
C00017,Core 17,2025-07-07,Germany,Healthcare,Startup
C00018,Pulse 18,2025-02-16,Australia,Healthcare,Startup
C00019,Core 19,2025-11-03,USA,Consulting,SMB
C00020,Apex 20,2025-06-14,Canada,Marketing,SMB
C00021,Cloud 21,2025-07-02,India,Retail,SMB
C00022,Cloud 22,2025-05-16,USA,Retail,Startup
C00023,Nexa 23,2025-03-08,USA,Finance,Startup
C00024,Orbit 24,2025-12-05,Netherlands,Technology,Enterprise
C00025,Nova 25,2025-10-13,India,Retail,Startup
C00026,Cloud 26,2025-08-24,India,Finance,Enterprise
C00027,Blue 27,2025-05-27,Singapore,Finance,Mid-Market
C00028,Pulse 28,2025-10-28,India,Technology,SMB
C00029,Pulse 29,2025-07-19,Singapore,Education,SMB
C00030,Vertex 30,2025-06-11,Germany,Finance,Mid-Market
C00031,Nova 31,2025-06-14,UK,Technology,Enterprise
C00032,Cloud 32,2025-03-24,Canada,Marketing,Mid-Market
C00033,Core 33,2025-02-03,Canada,Consulting,Mid-Market
C00034,Orbit 34,2025-07-22,India,Finance,SMB
C00035,Pulse 35,2025-11-21,Netherlands,Consulting,Startup
C00036,Apex 36,2025-01-24,Netherlands,Healthcare,Enterprise
C00037,Apex 37,2025-11-10,Singapore,Healthcare,Startup
C00038,Nexa 38,2025-10-30,Germany,Finance,SMB
C00039,Blue 39,2025-04-12,UK,Technology,SMB
C00040,Apex 40,2025-08-19,UK,Finance,Mid-Market
C00041,Orbit 41,2025-03-02,India,Retail,Mid-Market
C00042,Blue 42,2025-10-04,UK,Technology,SMB
C00043,Bright 43,2025-09-13,Germany,Media,Startup
C00044,Core 44,2025-05-10,Germany,Technology,Startup
C00045,Orbit 45,2025-01-25,USA,Finance,Startup
C00046,Core 46,2025-12-21,USA,Marketing,Enterprise
C00047,Apex 47,2025-06-12,Germany,Retail,Startup
C00048,Nexa 48,2025-11-22,USA,Technology,Enterprise
C00049,Bright 49,2025-09-05,Netherlands,Technology,Startup
C00050,Nexa 50,2025-10-12,Canada,Education,Mid-Market
C00051,Bright 51,2025-10-05,India,Finance,SMB
C00052,Nexa 52,2025-03-13,India,Education,Mid-Market
C00053,Pulse 53,2025-05-13,Germany,Consulting,SMB
C00054,Apex 54,2025-06-20,USA,Technology,Mid-Market
C00055,Apex 55,2025-07-01,Australia,Retail,Mid-Market
C00056,Bright 56,2025-01-16,India,Technology,Startup
C00057,Pulse 57,2025-07-19,India,Retail,Enterprise
C00058,Orbit 58,2025-02-26,USA,Media,SMB
C00059,Orbit 59,2025-09-29,Canada,Education,Startup
C00060,Nova 60,2025-09-07,Netherlands,Media,SMB
C00061,Vertex 61,2025-12-03,Singapore,Consulting,SMB
C00062,Nova 62,2025-09-29,UK,Technology,Mid-Market
C00063,Core 63,2025-05-14,Australia,Technology,Mid-Market
C00064,Core 64,2025-12-20,India,Technology,SMB
C00065,Nova 65,2025-05-30,UK,Healthcare,Mid-Market
C00066,Nova 66,2025-04-29,Singapore,Education,Startup
C00067,Pulse 67,2025-11-27,USA,Marketing,SMB
C00068,Orbit 68,2025-05-16,Netherlands,Education,Mid-Market
C00069,Bright 69,2025-01-28,India,Healthcare,Startup
C00070,Nexa 70,2025-06-21,India,Technology,SMB
C00071,Cloud 71,2025-10-18,UK,Technology,Startup
C00072,Vertex 72,2025-03-11,Singapore,Media,Startup
C00073,Bright 73,2025-06-18,USA,Finance,Startup
C00074,Core 74,2025-02-17,Australia,Finance,Startup
C00075,Pulse 75,2025-09-08,India,Technology,SMB
C00076,Vertex 76,2025-06-23,Canada,Media,Enterprise
C00077,Orbit 77,2025-05-01,UK,Technology,Startup
C00078,Core 78,2025-03-24,India,Education,Mid-Market
C00079,Blue 79,2025-07-26,Canada,Technology,Mid-Market
C00080,Pulse 80,2025-09-02,Canada,Technology,Startup
C00081,Vertex 81,2025-12-10,UK,Consulting,Startup
C00082,Cloud 82,2025-06-09,India,Education,Startup
C00083,Cloud 83,2025-02-28,India,Education,Mid-Market
C00084,Vertex 84,2025-10-31,Netherlands,Technology,Mid-Market
C00085,Vertex 85,2025-08-18,Germany,Media,SMB
C00086,Bright 86,2025-09-13,Australia,Marketing,Startup
C00087,Orbit 87,2025-02-05,Germany,Media,Startup
C00088,Bright 88,2025-04-25,Australia,Technology,SMB
C00089,Apex 89,2025-10-08,India,Healthcare,Startup
C00090,Cloud 90,2025-10-31,UK,Finance,SMB
C00091,Vertex 91,2025-06-08,Germany,Consulting,SMB
C00092,Blue 92,2025-10-21,India,Consulting,Mid-Market
C00093,Orbit 93,2025-11-04,India,Marketing,Startup
C00094,Cloud 94,2025-05-22,Germany,Technology,SMB
C00095,Core 95,2025-11-24,Australia,Technology,SMB
C00096,Core 96,2025-04-16,Germany,Technology,Mid-Market
C00097,Blue 97,2025-03-29,India,Retail,SMB
C00098,Vertex 98,2025-09-07,Netherlands,Finance,SMB
C00099,Nexa 99,2025-08-21,India,Technology,Startup
C00100,Blue 100,2025-02-21,India,Finance,Mid-Market
C00101,Core 101,2025-10-31,Netherlands,Technology,SMB
C00102,Cloud 102,2025-03-14,Canada,Media,Mid-Market
C00103,Core 103,2025-10-21,Singapore,Finance,SMB
C00104,Apex 104,2025-01-03,Australia,Media,Mid-Market
C00105,Apex 105,2025-10-18,Germany,Education,Mid-Market
C00106,Orbit 106,2025-10-15,USA,Marketing,SMB
C00107,Pulse 107,2025-10-12,USA,Healthcare,Startup
C00108,Vertex 108,2025-08-31,Netherlands,Education,Enterprise
C00109,Orbit 109,2025-06-22,Australia,Education,Mid-Market
C00110,Core 110,2025-09-15,USA,Technology,Enterprise
C00111,Orbit 111,2025-04-12,USA,Retail,SMB
C00112,Cloud 112,2025-10-12,USA,Finance,Enterprise
C00113,Nova 113,2025-07-22,USA,Finance,Startup
C00114,Orbit 114,2025-06-17,Australia,Healthcare,SMB
C00115,Pulse 115,2025-07-04,India,Education,SMB
C00116,Orbit 116,2025-07-27,USA,Healthcare,Startup
C00117,Blue 117,2025-01-14,Netherlands,Healthcare,Startup
C00118,Nexa 118,2025-02-21,UK,Technology,Startup
C00119,Orbit 119,2025-03-31,USA,Healthcare,Startup
C00120,Nova 120,2025-02-11,USA,Technology,Enterprise
C00121,Orbit 121,2025-06-10,India,Retail,Enterprise
C00122,Vertex 122,2025-09-01,India,Finance,Mid-Market
C00123,Pulse 123,2025-08-27,India,Media,Enterprise
C00124,Vertex 124,2025-06-21,India,Education,Mid-Market
C00125,Blue 125,2025-11-09,India,Consulting,Enterprise
C00126,Bright 126,2025-07-26,USA,Media,Startup
C00127,Apex 127,2025-01-29,India,Technology,Startup
C00128,Vertex 128,2025-10-07,Netherlands,Marketing,Mid-Market
C00129,Cloud 129,2025-07-29,India,Technology,SMB
C00130,Blue 130,2025-08-20,USA,Technology,Mid-Market
C00131,Cloud 131,2025-07-26,Singapore,Finance,SMB
C00132,Orbit 132,2025-07-22,India,Education,SMB
C00133,Blue 133,2025-02-03,UK,Retail,Startup
C00134,Nexa 134,2025-07-24,Australia,Finance,Mid-Market
C00135,Nova 135,2025-10-18,UK,Consulting,SMB
C00136,Bright 136,2025-04-21,India,Technology,SMB
C00137,Bright 137,2025-08-09,Canada,Technology,SMB
C00138,Cloud 138,2025-01-12,Germany,Technology,SMB
C00139,Cloud 139,2025-05-07,USA,Marketing,SMB
C00140,Orbit 140,2025-06-09,India,Marketing,Mid-Market
C00141,Bright 141,2025-12-25,India,Finance,SMB
C00142,Cloud 142,2025-03-20,Australia,Technology,Enterprise
C00143,Apex 143,2025-04-11,USA,Marketing,SMB
C00144,Bright 144,2025-05-30,India,Consulting,Enterprise
C00145,Cloud 145,2025-12-29,UK,Technology,Mid-Market
C00146,Apex 146,2025-11-08,Singapore,Consulting,Mid-Market
C00147,Blue 147,2025-01-13,India,Education,Mid-Market
C00148,Orbit 148,2025-03-27,India,Healthcare,SMB
C00149,Orbit 149,2025-10-27,USA,Technology,SMB
C00150,Blue 150,2025-01-22,Germany,Retail,SMB
C00151,Nexa 151,2025-11-09,USA,Healthcare,Startup
C00152,Cloud 152,2025-04-13,Singapore,Healthcare,Startup
C00153,Bright 153,2025-12-01,India,Retail,Startup
C00154,Apex 154,2025-04-18,USA,Retail,Mid-Market
C00155,Apex 155,2025-06-08,USA,Consulting,Startup
C00156,Vertex 156,2025-08-30,USA,Consulting,SMB
C00157,Vertex 157,2025-02-16,UK,Technology,Startup
C00158,Bright 158,2025-07-23,Australia,Consulting,Startup
C00159,Blue 159,2025-07-04,USA,Finance,SMB
C00160,Pulse 160,2025-10-14,Canada,Retail,Mid-Market
C00161,Core 161,2025-12-30,India,Healthcare,SMB
C00162,Vertex 162,2025-08-31,UK,Technology,Enterprise
C00163,Apex 163,2025-05-30,USA,Healthcare,Startup
C00164,Orbit 164,2025-05-29,UK,Consulting,SMB
C00165,Apex 165,2025-06-02,India,Marketing,Startup
C00166,Apex 166,2025-10-25,Netherlands,Consulting,SMB
C00167,Bright 167,2025-04-28,Singapore,Technology,Startup
C00168,Nova 168,2025-03-02,Australia,Technology,Startup
C00169,Core 169,2025-05-03,Singapore,Marketing,Mid-Market
C00170,Blue 170,2025-01-09,India,Healthcare,SMB
C00171,Nova 171,2025-02-08,UK,Education,Startup
C00172,Apex 172,2025-02-02,USA,Media,Enterprise
C00173,Orbit 173,2025-10-09,Singapore,Education,Mid-Market
C00174,Pulse 174,2025-09-21,India,Healthcare,SMB
C00175,Blue 175,2025-09-12,India,Marketing,SMB
C00176,Apex 176,2025-06-18,Germany,Retail,Startup
C00177,Pulse 177,2025-09-19,India,Education,Mid-Market
C00178,Blue 178,2025-02-28,Canada,Consulting,SMB
C00179,Core 179,2025-11-25,USA,Finance,Startup
C00180,Cloud 180,2025-07-02,Germany,Consulting,Startup
C00181,Core 181,2025-12-09,Singapore,Technology,Startup
C00182,Apex 182,2025-02-25,Germany,Consulting,SMB
C00183,Nova 183,2025-07-01,India,Retail,SMB
C00184,Pulse 184,2025-09-12,India,Retail,Enterprise
C00185,Core 185,2025-06-30,India,Technology,Startup
C00186,Bright 186,2025-06-12,India,Consulting,SMB
C00187,Apex 187,2025-03-02,UK,Technology,Startup
C00188,Bright 188,2025-05-20,USA,Healthcare,SMB
C00189,Vertex 189,2025-03-29,USA,Education,Mid-Market
C00190,Blue 190,2025-04-21,India,Marketing,Enterprise
C00191,Nova 191,2025-09-07,Netherlands,Finance,Mid-Market
C00192,Orbit 192,2025-08-19,India,Education,Startup
C00193,Nova 193,2025-08-10,USA,Education,Mid-Market
C00194,Nexa 194,2025-05-13,USA,Marketing,Mid-Market
C00195,Blue 195,2025-12-17,India,Marketing,Startup
C00196,Nexa 196,2025-02-01,Singapore,Education,Enterprise
C00197,Nexa 197,2025-05-06,India,Healthcare,Mid-Market
C00198,Core 198,2025-02-13,Germany,Technology,Mid-Market
C00199,Blue 199,2025-05-04,Germany,Marketing,SMB
C00200,Core 200,2025-12-18,Australia,Consulting,Startup
C00201,Cloud 201,2025-05-14,Germany,Finance,Mid-Market
C00202,Orbit 202,2025-11-28,Canada,Technology,SMB
C00203,Core 203,2025-06-30,USA,Retail,Enterprise
C00204,Cloud 204,2025-09-13,UK,Retail,Startup
C00205,Nexa 205,2025-06-16,Canada,Marketing,SMB
C00206,Nova 206,2025-04-08,UK,Consulting,Mid-Market
C00207,Core 207,2025-10-06,UK,Media,SMB
C00208,Nexa 208,2025-12-20,India,Marketing,SMB
C00209,Pulse 209,2025-04-07,USA,Finance,Mid-Market
C00210,Core 210,2025-10-12,USA,Education,Mid-Market
C00211,Cloud 211,2025-04-06,India,Retail,SMB
C00212,Apex 212,2025-09-19,USA,Education,SMB
C00213,Core 213,2025-10-15,India,Technology,SMB
C00214,Vertex 214,2025-06-14,UK,Retail,SMB
C00215,Core 215,2025-09-26,Canada,Consulting,Mid-Market
C00216,Cloud 216,2025-04-10,UK,Healthcare,SMB
C00217,Orbit 217,2025-01-29,Germany,Media,SMB
C00218,Orbit 218,2025-02-05,India,Consulting,Startup
C00219,Nexa 219,2025-06-13,India,Consulting,Startup
C00220,Core 220,2025-11-26,Germany,Media,SMB
C00221,Bright 221,2025-02-16,Australia,Technology,SMB
C00222,Vertex 222,2025-06-16,Canada,Consulting,Mid-Market
C00223,Apex 223,2025-09-14,Germany,Healthcare,Enterprise
C00224,Nexa 224,2025-03-15,Canada,Retail,SMB
C00225,Pulse 225,2025-09-21,Canada,Retail,Mid-Market
C00226,Pulse 226,2025-04-22,Canada,Consulting,SMB
C00227,Bright 227,2025-10-23,Canada,Consulting,SMB
C00228,Blue 228,2025-07-31,India,Consulting,SMB
C00229,Nova 229,2025-07-19,India,Finance,SMB
C00230,Vertex 230,2025-03-06,USA,Healthcare,SMB
C00231,Nova 231,2025-06-19,UK,Technology,Enterprise
C00232,Blue 232,2025-11-09,Canada,Retail,SMB
C00233,Vertex 233,2025-01-08,USA,Education,Startup
C00234,Nexa 234,2025-10-04,USA,Marketing,SMB
C00235,Core 235,2025-06-29,Canada,Finance,Enterprise
C00236,Pulse 236,2025-09-20,USA,Marketing,Startup
C00237,Blue 237,2025-08-31,Australia,Healthcare,Enterprise
C00238,Nova 238,2025-06-07,India,Media,Enterprise
C00239,Apex 239,2025-04-23,USA,Retail,SMB
C00240,Orbit 240,2025-08-17,USA,Marketing,SMB
C00241,Nexa 241,2025-02-21,USA,Consulting,Startup
C00242,Nexa 242,2025-08-02,India,Technology,Startup
C00243,Orbit 243,2025-02-04,India,Technology,SMB
C00244,Bright 244,2025-08-26,USA,Education,Mid-Market
C00245,Vertex 245,2025-08-18,USA,Consulting,Enterprise
C00246,Apex 246,2025-01-31,Canada,Technology,Startup
C00247,Cloud 247,2025-10-04,India,Technology,SMB
C00248,Orbit 248,2025-06-01,USA,Marketing,SMB
C00249,Pulse 249,2025-10-15,India,Technology,SMB
C00250,Orbit 250,2025-01-16,Singapore,Healthcare,SMB
C00251,Orbit 251,2025-03-07,Australia,Marketing,Enterprise
C00252,Nova 252,2025-06-30,Netherlands,Retail,SMB
C00253,Nexa 253,2025-03-10,Singapore,Finance,Startup
C00254,Apex 254,2025-05-01,USA,Technology,Mid-Market
C00255,Vertex 255,2025-08-30,Germany,Technology,Startup
C00256,Cloud 256,2025-02-22,USA,Technology,Enterprise
C00257,Pulse 257,2025-09-05,Singapore,Consulting,Enterprise
C00258,Blue 258,2025-02-07,USA,Healthcare,Startup
C00259,Orbit 259,2025-03-05,USA,Technology,SMB
C00260,Blue 260,2025-08-03,Singapore,Media,Mid-Market
C00261,Vertex 261,2025-10-17,Australia,Consulting,SMB
C00262,Cloud 262,2025-03-04,Netherlands,Technology,SMB
C00263,Blue 263,2025-04-20,India,Finance,Enterprise
C00264,Vertex 264,2025-12-04,USA,Retail,Startup
C00265,Nexa 265,2025-12-28,USA,Education,SMB
C00266,Cloud 266,2025-08-01,USA,Media,Startup
C00267,Bright 267,2025-06-13,USA,Technology,SMB
C00268,Apex 268,2025-05-07,USA,Consulting,Mid-Market
C00269,Bright 269,2025-08-12,Australia,Technology,Mid-Market
C00270,Core 270,2025-08-04,India,Finance,SMB
C00271,Blue 271,2025-04-18,Germany,Consulting,Startup
C00272,Orbit 272,2025-01-09,Australia,Consulting,Mid-Market
C00273,Orbit 273,2025-02-25,Germany,Technology,Startup
C00274,Nova 274,2025-12-16,USA,Technology,SMB
C00275,Cloud 275,2025-06-02,India,Consulting,Startup
C00276,Nova 276,2025-06-26,India,Technology,SMB
C00277,Core 277,2025-06-20,Canada,Finance,SMB
C00278,Cloud 278,2025-10-13,USA,Technology,SMB
C00279,Bright 279,2025-01-24,India,Technology,SMB
C00280,Core 280,2025-01-31,Netherlands,Retail,SMB
C00281,Pulse 281,2025-04-11,Germany,Technology,Mid-Market
C00282,Nexa 282,2025-06-27,Australia,Marketing,SMB
C00283,Nova 283,2025-09-02,USA,Education,Mid-Market
C00284,Orbit 284,2025-06-29,Netherlands,Technology,Startup
C00285,Orbit 285,2025-06-11,India,Education,Startup
C00286,Bright 286,2025-12-09,India,Finance,Startup
C00287,Pulse 287,2025-02-28,Singapore,Retail,Startup
C00288,Blue 288,2025-07-28,Singapore,Consulting,SMB
C00289,Cloud 289,2025-07-17,UK,Consulting,Startup
C00290,Bright 290,2025-06-22,India,Healthcare,Startup
C00291,Bright 291,2025-10-22,USA,Consulting,Startup
C00292,Core 292,2025-04-08,Canada,Education,SMB
C00293,Nova 293,2025-12-15,Australia,Healthcare,Mid-Market
C00294,Core 294,2025-05-02,USA,Technology,SMB
C00295,Pulse 295,2025-07-18,India,Technology,Enterprise
C00296,Apex 296,2025-07-10,Germany,Finance,Startup
C00297,Orbit 297,2025-11-07,Canada,Finance,SMB
C00298,Core 298,2025-06-10,USA,Retail,Startup
C00299,Pulse 299,2025-04-14,UK,Media,Mid-Market
C00300,Cloud 300,2025-01-08,Netherlands,Technology,Startup
C00301,Nova 301,2025-05-13,USA,Media,Enterprise
C00302,Nexa 302,2025-10-29,UK,Education,Mid-Market
C00303,Vertex 303,2025-01-04,Germany,Marketing,SMB
C00304,Nova 304,2025-11-24,UK,Media,SMB
C00305,Blue 305,2025-07-18,Australia,Consulting,SMB
C00306,Apex 306,2025-02-21,Germany,Marketing,Startup
C00307,Nexa 307,2025-04-21,UK,Technology,Enterprise
C00308,Cloud 308,2025-07-22,India,Finance,Mid-Market
C00309,Vertex 309,2025-04-26,Canada,Retail,Startup
C00310,Nova 310,2025-02-09,India,Technology,Startup
C00311,Bright 311,2025-09-01,India,Technology,SMB
C00312,Nova 312,2025-09-03,UK,Finance,Mid-Market
C00313,Apex 313,2025-02-13,UK,Marketing,SMB
C00314,Bright 314,2025-04-13,Netherlands,Healthcare,SMB
C00315,Orbit 315,2025-03-31,Canada,Media,Startup
C00316,Orbit 316,2025-08-29,Australia,Healthcare,Enterprise
C00317,Bright 317,2025-09-24,USA,Retail,Startup
C00318,Apex 318,2025-09-23,UK,Marketing,SMB
C00319,Nova 319,2025-12-09,Netherlands,Marketing,Enterprise
C00320,Bright 320,2025-10-08,USA,Technology,Mid-Market
C00321,Blue 321,2025-04-28,Australia,Finance,SMB
C00322,Blue 322,2025-02-09,UK,Retail,Mid-Market
C00323,Apex 323,2025-08-13,India,Consulting,Startup
C00324,Blue 324,2025-12-01,UK,Healthcare,Startup
C00325,Orbit 325,2025-12-22,India,Retail,Startup
C00326,Vertex 326,2025-03-26,India,Consulting,Startup
C00327,Core 327,2025-03-28,India,Technology,Mid-Market
C00328,Apex 328,2025-01-14,India,Marketing,SMB
C00329,Nexa 329,2025-02-21,USA,Consulting,SMB
C00330,Nexa 330,2025-07-22,Singapore,Consulting,Mid-Market
C00331,Bright 331,2025-07-19,USA,Technology,SMB
C00332,Pulse 332,2025-05-16,Australia,Technology,Startup
C00333,Orbit 333,2025-04-24,UK,Healthcare,SMB
C00334,Bright 334,2025-10-30,India,Finance,Mid-Market
C00335,Cloud 335,2025-06-17,India,Technology,SMB
C00336,Pulse 336,2025-10-23,Singapore,Education,Enterprise
C00337,Cloud 337,2025-12-18,Germany,Marketing,Mid-Market
C00338,Vertex 338,2025-04-26,Singapore,Technology,Mid-Market
C00339,Core 339,2025-03-15,USA,Marketing,Mid-Market
C00340,Bright 340,2025-12-14,Canada,Technology,SMB
C00341,Nexa 341,2025-08-20,Canada,Healthcare,Enterprise
C00342,Pulse 342,2025-04-17,Netherlands,Consulting,SMB
C00343,Core 343,2025-08-15,India,Retail,SMB
C00344,Nexa 344,2025-07-07,Netherlands,Finance,Startup
C00345,Pulse 345,2025-11-27,USA,Retail,Mid-Market
C00346,Core 346,2025-04-04,Australia,Retail,SMB
C00347,Blue 347,2025-12-28,UK,Marketing,Mid-Market
C00348,Nova 348,2025-12-08,UK,Media,Enterprise
C00349,Pulse 349,2025-03-07,USA,Finance,SMB
C00350,Vertex 350,2025-03-02,Australia,Technology,SMB
C00351,Core 351,2025-07-14,USA,Retail,Startup
C00352,Nova 352,2025-01-17,UK,Marketing,SMB
C00353,Cloud 353,2025-04-20,UK,Finance,SMB
C00354,Vertex 354,2025-06-08,Canada,Technology,SMB
C00355,Nexa 355,2025-12-20,USA,Technology,SMB
C00356,Nova 356,2025-12-29,Germany,Technology,SMB
C00357,Nova 357,2025-02-25,UK,Technology,Startup
C00358,Orbit 358,2025-11-22,Germany,Media,Startup
C00359,Blue 359,2025-02-03,Germany,Finance,Startup
C00360,Orbit 360,2025-10-01,Canada,Consulting,Mid-Market
C00361,Apex 361,2025-11-05,Australia,Technology,Startup
C00362,Nexa 362,2025-11-22,UK,Finance,Startup
C00363,Orbit 363,2025-03-23,India,Retail,SMB
C00364,Bright 364,2025-11-23,Germany,Technology,Mid-Market
C00365,Orbit 365,2025-02-12,India,Finance,Mid-Market
C00366,Nova 366,2025-07-09,India,Consulting,SMB
C00367,Cloud 367,2025-06-21,Australia,Technology,SMB
C00368,Nexa 368,2025-04-26,USA,Technology,Mid-Market
C00369,Bright 369,2025-01-09,UK,Media,Mid-Market
C00370,Nova 370,2025-10-09,Netherlands,Healthcare,SMB
C00371,Vertex 371,2025-05-03,India,Education,Mid-Market
C00372,Core 372,2025-08-30,India,Technology,Startup
C00373,Bright 373,2025-05-30,India,Technology,SMB
C00374,Nova 374,2025-05-17,USA,Healthcare,Mid-Market
C00375,Pulse 375,2025-11-20,Canada,Education,Startup
C00376,Orbit 376,2025-02-04,Canada,Finance,SMB
C00377,Apex 377,2025-09-26,UK,Retail,Mid-Market
C00378,Core 378,2025-09-30,USA,Consulting,Enterprise
C00379,Bright 379,2025-05-19,UK,Marketing,Startup
C00380,Orbit 380,2025-04-06,India,Healthcare,Mid-Market
C00381,Pulse 381,2025-01-02,Germany,Marketing,Startup
C00382,Nexa 382,2025-12-08,Germany,Consulting,Mid-Market
C00383,Cloud 383,2025-12-12,India,Technology,Mid-Market
C00384,Nexa 384,2025-03-29,Australia,Retail,Mid-Market
C00385,Pulse 385,2025-01-12,Canada,Marketing,Enterprise
C00386,Vertex 386,2025-02-14,USA,Media,Enterprise
C00387,Vertex 387,2025-01-25,Germany,Media,Enterprise
C00388,Nexa 388,2025-10-31,Germany,Technology,SMB
C00389,Vertex 389,2025-11-22,India,Healthcare,SMB
C00390,Core 390,2025-02-25,India,Marketing,Startup
C00391,Vertex 391,2025-09-30,Germany,Marketing,Startup
C00392,Blue 392,2025-03-07,Singapore,Consulting,SMB
C00393,Nexa 393,2025-05-15,UK,Technology,Startup
C00394,Apex 394,2025-08-07,UK,Education,Enterprise
C00395,Cloud 395,2025-09-20,Germany,Media,Startup
C00396,Bright 396,2025-11-16,USA,Media,Startup
C00397,Pulse 397,2025-01-17,India,Technology,Startup
C00398,Pulse 398,2025-03-13,USA,Media,Startup
C00399,Cloud 399,2025-04-13,Singapore,Technology,Startup
C00400,Orbit 400,2025-04-24,Australia,Marketing,SMB
C00401,Blue 401,2025-12-31,Singapore,Finance,Startup
C00402,Cloud 402,2025-10-11,India,Marketing,Mid-Market
C00403,Nexa 403,2025-04-27,UK,Technology,SMB
C00404,Vertex 404,2025-12-21,UK,Technology,Mid-Market
C00405,Core 405,2025-07-02,India,Finance,Mid-Market
C00406,Vertex 406,2025-07-02,India,Retail,Startup
C00407,Cloud 407,2025-06-08,Canada,Marketing,Startup
C00408,Apex 408,2025-02-22,Germany,Education,Mid-Market
C00409,Bright 409,2025-12-08,Germany,Education,Mid-Market
C00410,Vertex 410,2025-01-06,USA,Healthcare,Startup
C00411,Nexa 411,2025-03-05,UK,Technology,Mid-Market
C00412,Nova 412,2025-03-25,India,Technology,SMB
C00413,Blue 413,2025-04-12,India,Healthcare,Startup
C00414,Nova 414,2025-02-18,UK,Media,Startup
C00415,Bright 415,2025-01-07,USA,Finance,Mid-Market
C00416,Blue 416,2025-09-05,Netherlands,Education,SMB
C00417,Vertex 417,2025-12-20,USA,Consulting,SMB
C00418,Nova 418,2025-02-14,India,Retail,Startup
C00419,Pulse 419,2025-04-19,India,Finance,Startup
C00420,Nova 420,2025-07-04,Canada,Media,Startup
C00421,Core 421,2025-12-05,India,Marketing,SMB
C00422,Apex 422,2025-09-11,India,Marketing,Mid-Market
C00423,Core 423,2025-10-07,USA,Consulting,Mid-Market
C00424,Cloud 424,2025-08-01,USA,Technology,Startup
C00425,Vertex 425,2025-06-02,Germany,Consulting,Startup
C00426,Blue 426,2025-03-14,UK,Education,Startup
C00427,Pulse 427,2025-11-12,India,Consulting,Mid-Market
C00428,Blue 428,2025-10-21,Canada,Retail,SMB
C00429,Bright 429,2025-01-10,USA,Marketing,Mid-Market
C00430,Apex 430,2025-09-19,Germany,Technology,SMB
C00431,Orbit 431,2025-01-31,India,Finance,SMB
C00432,Apex 432,2025-09-27,Germany,Retail,SMB
C00433,Cloud 433,2025-10-29,USA,Education,SMB
C00434,Bright 434,2025-02-17,UK,Retail,SMB
C00435,Nexa 435,2025-06-08,USA,Healthcare,Startup
C00436,Nova 436,2025-02-15,Netherlands,Marketing,SMB
C00437,Bright 437,2025-07-27,India,Retail,Enterprise
C00438,Cloud 438,2025-12-05,Singapore,Consulting,Startup
C00439,Nova 439,2025-01-30,Singapore,Healthcare,Mid-Market
C00440,Vertex 440,2025-05-26,USA,Technology,Enterprise
C00441,Apex 441,2025-12-22,USA,Retail,SMB
C00442,Vertex 442,2025-04-20,USA,Consulting,SMB
C00443,Bright 443,2025-02-18,Netherlands,Healthcare,Startup
C00444,Orbit 444,2025-06-28,Germany,Marketing,Mid-Market
C00445,Core 445,2025-07-05,UK,Technology,Enterprise
C00446,Nova 446,2025-08-30,India,Healthcare,Enterprise
C00447,Apex 447,2025-04-25,Australia,Technology,Startup
C00448,Vertex 448,2025-12-15,India,Technology,Enterprise
C00449,Apex 449,2025-07-10,India,Retail,SMB
C00450,Apex 450,2025-04-15,USA,Finance,SMB
C00451,Pulse 451,2025-12-17,USA,Consulting,Startup
C00452,Apex 452,2025-12-04,Singapore,Healthcare,Startup
C00453,Blue 453,2025-07-02,Australia,Technology,SMB
C00454,Vertex 454,2025-01-10,India,Finance,SMB
C00455,Nova 455,2025-08-06,USA,Technology,Enterprise
C00456,Nova 456,2025-07-22,Canada,Education,Startup
C00457,Bright 457,2025-02-24,UK,Retail,Mid-Market
C00458,Vertex 458,2025-08-20,India,Consulting,SMB
C00459,Nova 459,2025-11-03,USA,Consulting,Startup
C00460,Cloud 460,2025-02-08,Germany,Retail,Startup
C00461,Blue 461,2025-09-22,Netherlands,Consulting,Mid-Market
C00462,Core 462,2025-02-21,Germany,Marketing,Mid-Market
C00463,Nova 463,2025-10-01,India,Consulting,Startup
C00464,Blue 464,2025-06-02,Canada,Healthcare,SMB
C00465,Cloud 465,2025-01-03,USA,Technology,SMB
C00466,Apex 466,2025-12-19,Australia,Education,SMB
C00467,Bright 467,2025-03-02,USA,Consulting,SMB
C00468,Apex 468,2025-08-06,India,Technology,Mid-Market
C00469,Pulse 469,2025-03-08,USA,Media,Startup
C00470,Pulse 470,2025-12-07,USA,Technology,Startup
C00471,Orbit 471,2025-09-27,India,Consulting,Startup
C00472,Nexa 472,2025-10-21,UK,Media,Enterprise
C00473,Pulse 473,2025-06-07,Canada,Finance,SMB
C00474,Vertex 474,2025-06-20,Australia,Retail,Startup
C00475,Bright 475,2025-08-20,USA,Consulting,Mid-Market
C00476,Vertex 476,2025-10-14,India,Consulting,SMB
C00477,Pulse 477,2025-11-06,UK,Media,SMB
C00478,Apex 478,2025-01-07,USA,Education,Startup
C00479,Nexa 479,2025-08-31,India,Marketing,Mid-Market
C00480,Orbit 480,2025-02-09,Singapore,Education,Mid-Market
C00481,Cloud 481,2025-04-16,Netherlands,Healthcare,Startup
C00482,Vertex 482,2025-10-30,India,Finance,Startup
C00483,Blue 483,2025-04-02,Australia,Technology,Startup
C00484,Cloud 484,2025-10-18,Germany,Healthcare,Mid-Market
C00485,Vertex 485,2025-06-18,USA,Consulting,Startup
C00486,Bright 486,2025-03-26,Germany,Media,SMB
C00487,Blue 487,2025-05-02,India,Media,SMB
C00488,Cloud 488,2025-07-13,India,Technology,Enterprise
C00489,Blue 489,2025-10-07,Netherlands,Marketing,SMB
C00490,Apex 490,2025-08-10,Germany,Marketing,SMB
C00491,Core 491,2025-12-07,USA,Technology,SMB
C00492,Nexa 492,2025-11-13,USA,Marketing,Mid-Market
C00493,Nova 493,2025-10-02,Netherlands,Finance,Mid-Market
C00494,Orbit 494,2025-08-09,USA,Media,Enterprise
C00495,Apex 495,2025-04-16,Singapore,Finance,SMB
C00496,Cloud 496,2025-05-31,Australia,Retail,SMB
C00497,Orbit 497,2025-02-13,USA,Retail,SMB
C00498,Vertex 498,2025-05-17,Germany,Consulting,Mid-Market
C00499,Nexa 499,2025-12-05,Germany,Technology,SMB
C00500,Core 500,2025-06-05,Canada,Finance,SMB
C00501,Nova 501,2025-02-11,USA,Media,SMB
C00502,Apex 502,2025-08-26,India,Technology,Startup
C00503,Nexa 503,2025-12-18,India,Technology,Mid-Market
C00504,Nova 504,2025-11-13,Germany,Media,Startup
C00505,Bright 505,2025-04-11,Canada,Consulting,SMB
C00506,Cloud 506,2025-06-15,Canada,Consulting,Startup
C00507,Nova 507,2025-07-13,UK,Technology,Startup
C00508,Core 508,2025-04-01,India,Marketing,Startup
C00509,Apex 509,2025-04-09,India,Retail,Mid-Market
C00510,Pulse 510,2025-03-28,Canada,Finance,Mid-Market
C00511,Orbit 511,2025-12-30,UK,Technology,SMB
C00512,Core 512,2025-09-30,Canada,Technology,SMB
C00513,Blue 513,2025-11-03,India,Education,Mid-Market
C00514,Nexa 514,2025-10-26,USA,Finance,Mid-Market
C00515,Bright 515,2025-12-17,Singapore,Retail,SMB
C00516,Apex 516,2025-02-08,India,Finance,SMB
C00517,Core 517,2025-11-18,India,Technology,Mid-Market
C00518,Apex 518,2025-01-25,Germany,Media,Mid-Market
C00519,Orbit 519,2025-06-23,UK,Media,Startup
C00520,Vertex 520,2025-08-05,Netherlands,Education,SMB
C00521,Blue 521,2025-05-11,Singapore,Retail,Startup
C00522,Nexa 522,2025-02-23,Canada,Technology,Mid-Market
C00523,Bright 523,2025-03-12,India,Healthcare,SMB
C00524,Orbit 524,2025-10-29,UK,Technology,Enterprise
C00525,Apex 525,2025-04-27,Singapore,Healthcare,Startup
C00526,Vertex 526,2025-04-24,USA,Consulting,SMB
C00527,Core 527,2025-12-04,Netherlands,Retail,Mid-Market
C00528,Core 528,2025-02-22,Germany,Technology,Mid-Market
C00529,Core 529,2025-12-01,India,Healthcare,Mid-Market
C00530,Bright 530,2025-12-03,UK,Media,Startup
C00531,Cloud 531,2025-08-07,Germany,Marketing,Enterprise
C00532,Nova 532,2025-03-02,India,Finance,Enterprise
C00533,Pulse 533,2025-02-26,USA,Healthcare,Enterprise
C00534,Bright 534,2025-04-14,Canada,Finance,SMB
C00535,Core 535,2025-07-30,India,Healthcare,Mid-Market
C00536,Core 536,2025-02-26,USA,Healthcare,Startup
C00537,Vertex 537,2025-06-16,Germany,Marketing,Startup
C00538,Blue 538,2025-02-12,Canada,Healthcare,Startup
C00539,Vertex 539,2025-07-17,UK,Marketing,SMB
C00540,Apex 540,2025-01-08,Netherlands,Technology,Enterprise
C00541,Apex 541,2025-09-16,Singapore,Technology,SMB
C00542,Blue 542,2025-01-21,USA,Healthcare,SMB
C00543,Nexa 543,2025-03-13,India,Retail,Mid-Market
C00544,Core 544,2025-03-05,Canada,Consulting,SMB
C00545,Orbit 545,2025-10-31,USA,Technology,SMB
C00546,Core 546,2025-01-20,Australia,Marketing,SMB
C00547,Core 547,2025-06-06,UK,Marketing,SMB
C00548,Core 548,2025-08-04,USA,Marketing,SMB
C00549,Apex 549,2025-07-08,UK,Education,Mid-Market
C00550,Bright 550,2025-09-06,UK,Media,SMB
C00551,Blue 551,2025-10-21,Singapore,Technology,SMB
C00552,Pulse 552,2025-05-24,India,Marketing,SMB
C00553,Blue 553,2025-10-30,Singapore,Marketing,Enterprise
C00554,Orbit 554,2025-04-27,India,Marketing,SMB
C00555,Blue 555,2025-12-26,Canada,Technology,Mid-Market
C00556,Pulse 556,2025-07-04,Singapore,Education,SMB
C00557,Pulse 557,2025-09-26,USA,Technology,Startup
C00558,Vertex 558,2025-11-16,India,Consulting,SMB
C00559,Orbit 559,2025-10-17,Australia,Education,Startup
C00560,Pulse 560,2025-11-07,Australia,Finance,Startup
C00561,Pulse 561,2025-07-15,USA,Media,Startup
C00562,Blue 562,2025-01-16,UK,Consulting,Mid-Market
C00563,Bright 563,2025-06-29,Australia,Marketing,SMB
C00564,Bright 564,2025-03-08,India,Media,SMB
C00565,Blue 565,2025-11-21,Germany,Retail,SMB
C00566,Blue 566,2025-03-28,USA,Technology,SMB
C00567,Vertex 567,2025-03-25,India,Marketing,Mid-Market
C00568,Bright 568,2025-04-02,Australia,Marketing,Enterprise
C00569,Blue 569,2025-08-23,USA,Education,Mid-Market
C00570,Vertex 570,2025-07-28,Singapore,Media,Startup
C00571,Pulse 571,2025-12-13,UK,Marketing,Enterprise
C00572,Vertex 572,2025-06-01,UK,Technology,Mid-Market
C00573,Vertex 573,2025-04-14,USA,Healthcare,Startup
C00574,Pulse 574,2025-01-18,USA,Consulting,SMB
C00575,Nexa 575,2025-01-03,Australia,Finance,SMB
C00576,Orbit 576,2025-05-17,Germany,Technology,Mid-Market
C00577,Core 577,2025-12-04,Canada,Finance,SMB
C00578,Bright 578,2025-07-11,USA,Education,Startup
C00579,Orbit 579,2025-11-23,USA,Technology,Startup
C00580,Nexa 580,2025-02-07,India,Healthcare,SMB
C00581,Pulse 581,2025-02-04,Canada,Technology,Mid-Market
C00582,Bright 582,2025-11-01,USA,Healthcare,SMB
C00583,Nexa 583,2025-02-08,UK,Technology,Startup
C00584,Apex 584,2025-01-19,USA,Technology,SMB
C00585,Orbit 585,2025-05-28,USA,Education,Enterprise
C00586,Core 586,2025-12-04,Germany,Technology,Startup
C00587,Bright 587,2025-09-09,Germany,Technology,SMB
C00588,Nexa 588,2025-02-06,Netherlands,Marketing,SMB
C00589,Blue 589,2025-11-02,India,Technology,Startup
C00590,Pulse 590,2025-11-04,UK,Technology,Mid-Market
C00591,Blue 591,2025-10-20,India,Healthcare,Enterprise
C00592,Orbit 592,2025-11-26,Australia,Finance,SMB
C00593,Cloud 593,2025-03-29,Germany,Marketing,SMB
C00594,Blue 594,2025-12-24,USA,Media,Startup
C00595,Nexa 595,2025-04-28,Australia,Healthcare,SMB
C00596,Cloud 596,2025-10-20,USA,Marketing,Startup
C00597,Bright 597,2025-07-31,India,Retail,SMB
C00598,Cloud 598,2025-10-12,USA,Marketing,Startup
C00599,Core 599,2025-08-18,India,Consulting,Mid-Market
C00600,Nova 600,2025-08-23,Singapore,Marketing,Enterprise
C00601,Pulse 601,2025-08-13,Canada,Education,Startup
C00602,Orbit 602,2025-10-12,Canada,Media,Mid-Market
C00603,Nova 603,2025-09-27,Singapore,Technology,Mid-Market
C00604,Nexa 604,2025-02-19,Australia,Retail,Startup
C00605,Pulse 605,2025-10-29,USA,Marketing,Enterprise
C00606,Pulse 606,2025-07-15,India,Marketing,SMB
C00607,Orbit 607,2025-04-28,USA,Healthcare,SMB
C00608,Bright 608,2025-07-07,Singapore,Finance,Mid-Market
C00609,Vertex 609,2025-12-19,Netherlands,Technology,Startup
C00610,Nova 610,2025-11-10,Canada,Media,Startup
C00611,Bright 611,2025-11-01,India,Education,SMB
C00612,Nexa 612,2025-06-18,India,Retail,Mid-Market
C00613,Nova 613,2025-10-14,Singapore,Finance,Enterprise
C00614,Blue 614,2025-05-21,India,Finance,SMB
C00615,Orbit 615,2025-09-08,UK,Finance,Startup
C00616,Cloud 616,2025-08-22,USA,Technology,Startup
C00617,Blue 617,2025-04-02,USA,Marketing,Enterprise
C00618,Vertex 618,2025-04-08,Germany,Media,Startup
C00619,Blue 619,2025-01-23,Netherlands,Retail,Enterprise
C00620,Cloud 620,2025-02-21,Canada,Marketing,Startup
C00621,Bright 621,2025-06-08,UK,Finance,Startup
C00622,Apex 622,2025-06-24,USA,Marketing,Startup
C00623,Blue 623,2025-03-02,Singapore,Marketing,SMB
C00624,Cloud 624,2025-06-02,UK,Education,SMB
C00625,Blue 625,2025-08-09,UK,Marketing,Enterprise
C00626,Bright 626,2025-03-26,Germany,Technology,SMB
C00627,Cloud 627,2025-05-04,India,Technology,Startup
C00628,Nexa 628,2025-05-15,India,Media,SMB
C00629,Nexa 629,2025-07-04,Australia,Consulting,SMB
C00630,Bright 630,2025-05-14,Germany,Media,Mid-Market
C00631,Vertex 631,2025-09-26,India,Finance,Mid-Market
C00632,Bright 632,2025-04-30,USA,Marketing,Enterprise
C00633,Orbit 633,2025-06-08,Netherlands,Finance,SMB
C00634,Nova 634,2025-05-19,Germany,Retail,SMB
C00635,Nova 635,2025-03-08,Germany,Finance,SMB
C00636,Blue 636,2025-09-08,India,Education,SMB
C00637,Nova 637,2025-03-27,Netherlands,Technology,SMB
C00638,Apex 638,2025-04-19,Singapore,Technology,Startup
C00639,Pulse 639,2025-10-17,UK,Technology,Startup
C00640,Bright 640,2025-12-13,USA,Marketing,Enterprise
C00641,Apex 641,2025-09-02,Germany,Retail,Enterprise
C00642,Nova 642,2025-12-01,Australia,Media,Startup
C00643,Pulse 643,2025-11-08,Canada,Education,Enterprise
C00644,Nexa 644,2025-06-25,Netherlands,Marketing,Mid-Market
C00645,Core 645,2025-10-09,Germany,Consulting,Startup
C00646,Core 646,2025-04-30,USA,Technology,Enterprise
C00647,Bright 647,2025-06-18,UK,Consulting,Enterprise
C00648,Nova 648,2025-07-15,Australia,Consulting,SMB
C00649,Bright 649,2025-12-17,USA,Marketing,Mid-Market
C00650,Vertex 650,2025-11-06,India,Technology,SMB
C00651,Orbit 651,2025-06-28,Canada,Technology,SMB
C00652,Vertex 652,2025-08-27,USA,Finance,Mid-Market
C00653,Blue 653,2025-03-15,Australia,Media,SMB
C00654,Nexa 654,2025-10-21,India,Education,SMB
C00655,Cloud 655,2025-07-21,USA,Marketing,SMB
C00656,Blue 656,2025-07-14,USA,Marketing,Mid-Market
C00657,Pulse 657,2025-10-07,Germany,Consulting,Mid-Market
C00658,Apex 658,2025-08-20,Canada,Finance,Startup
C00659,Vertex 659,2025-01-27,USA,Technology,SMB
C00660,Bright 660,2025-04-16,USA,Education,Startup
C00661,Orbit 661,2025-03-06,India,Finance,SMB
C00662,Pulse 662,2025-09-26,Canada,Finance,Startup
C00663,Cloud 663,2025-01-13,Netherlands,Healthcare,Enterprise
C00664,Pulse 664,2025-03-15,Canada,Finance,SMB
C00665,Cloud 665,2025-08-07,India,Retail,SMB
C00666,Cloud 666,2025-09-11,Germany,Retail,Mid-Market
C00667,Apex 667,2025-07-03,USA,Media,Startup
C00668,Vertex 668,2025-11-11,India,Media,Startup
C00669,Apex 669,2025-12-02,India,Finance,Startup
C00670,Bright 670,2025-02-18,India,Healthcare,SMB
C00671,Cloud 671,2025-12-14,India,Education,Mid-Market
C00672,Pulse 672,2025-08-13,Australia,Technology,Startup
C00673,Bright 673,2025-08-21,USA,Media,Mid-Market
C00674,Nexa 674,2025-02-04,Canada,Technology,Startup
C00675,Pulse 675,2025-08-15,Netherlands,Marketing,SMB
C00676,Nexa 676,2025-09-22,UK,Education,SMB
C00677,Cloud 677,2025-07-31,UK,Retail,Mid-Market
C00678,Core 678,2025-01-31,Canada,Education,Enterprise
C00679,Cloud 679,2025-07-10,India,Marketing,SMB
C00680,Cloud 680,2025-12-08,USA,Finance,SMB
C00681,Core 681,2025-09-22,UK,Marketing,Startup
C00682,Bright 682,2025-02-20,Australia,Consulting,Startup
C00683,Nexa 683,2025-12-17,Australia,Marketing,Enterprise
C00684,Nova 684,2025-12-16,Australia,Consulting,SMB
C00685,Nexa 685,2025-03-03,Germany,Technology,SMB
C00686,Core 686,2025-10-20,UK,Finance,Startup
C00687,Pulse 687,2025-05-29,Australia,Media,Startup
C00688,Orbit 688,2025-08-05,Singapore,Finance,Mid-Market
C00689,Core 689,2025-06-12,UK,Education,SMB
C00690,Cloud 690,2025-10-13,Netherlands,Marketing,Enterprise
C00691,Bright 691,2025-12-30,Singapore,Media,SMB
C00692,Nova 692,2025-10-18,UK,Technology,Mid-Market
C00693,Nexa 693,2025-12-06,India,Finance,Startup
C00694,Pulse 694,2025-12-12,India,Retail,Startup
C00695,Pulse 695,2025-02-02,Canada,Education,Startup
C00696,Pulse 696,2025-04-03,India,Marketing,Startup
C00697,Vertex 697,2025-09-21,USA,Healthcare,Enterprise
C00698,Nexa 698,2025-08-04,Germany,Healthcare,Mid-Market
C00699,Pulse 699,2025-01-19,Singapore,Media,SMB
C00700,Cloud 700,2025-02-04,Australia,Education,SMB
C00701,Apex 701,2025-07-09,Canada,Retail,SMB
C00702,Blue 702,2025-08-13,USA,Media,SMB
C00703,Apex 703,2025-03-03,India,Marketing,Startup
C00704,Pulse 704,2025-03-04,Germany,Marketing,SMB
C00705,Orbit 705,2025-02-17,India,Education,Startup
C00706,Nexa 706,2025-07-26,UK,Retail,Enterprise
C00707,Nexa 707,2025-01-03,Netherlands,Education,SMB
C00708,Nexa 708,2025-07-28,UK,Technology,Mid-Market
C00709,Pulse 709,2025-06-23,Germany,Media,Enterprise
C00710,Blue 710,2025-06-20,Germany,Education,SMB
C00711,Cloud 711,2025-09-05,Australia,Retail,Startup
C00712,Blue 712,2025-07-10,USA,Healthcare,SMB
C00713,Nexa 713,2025-09-23,UK,Healthcare,Mid-Market
C00714,Orbit 714,2025-10-06,India,Education,SMB
C00715,Bright 715,2025-12-02,Germany,Consulting,Startup
C00716,Apex 716,2025-10-19,USA,Technology,Startup
C00717,Nexa 717,2025-07-08,UK,Healthcare,Mid-Market
C00718,Bright 718,2025-06-29,Canada,Consulting,Mid-Market
C00719,Cloud 719,2025-03-28,India,Media,Startup
C00720,Core 720,2025-08-07,UK,Technology,Mid-Market
C00721,Apex 721,2025-02-20,India,Finance,SMB
C00722,Nexa 722,2025-12-06,USA,Healthcare,Startup
C00723,Nova 723,2025-11-05,India,Technology,SMB
C00724,Nova 724,2025-02-13,India,Technology,Mid-Market
C00725,Core 725,2025-10-14,Netherlands,Marketing,SMB
C00726,Vertex 726,2025-02-12,Netherlands,Education,SMB
C00727,Pulse 727,2025-09-21,Canada,Healthcare,Startup
C00728,Blue 728,2025-02-02,Germany,Finance,SMB
C00729,Apex 729,2025-06-28,Canada,Media,SMB
C00730,Core 730,2025-08-29,Singapore,Healthcare,SMB
C00731,Apex 731,2025-09-24,UK,Consulting,SMB
C00732,Blue 732,2025-06-02,India,Finance,SMB
C00733,Cloud 733,2025-12-03,Canada,Retail,Startup
C00734,Apex 734,2025-10-10,Netherlands,Consulting,Startup
C00735,Bright 735,2025-03-18,USA,Finance,Startup
C00736,Pulse 736,2025-09-02,USA,Education,SMB
C00737,Nova 737,2025-09-24,USA,Education,SMB
C00738,Core 738,2025-05-02,USA,Healthcare,Mid-Market
C00739,Nova 739,2025-09-27,Canada,Consulting,Startup
C00740,Bright 740,2025-11-24,USA,Finance,SMB
C00741,Orbit 741,2025-10-26,Netherlands,Marketing,Startup
C00742,Vertex 742,2025-10-06,Canada,Media,Startup
C00743,Apex 743,2025-08-20,India,Technology,Mid-Market
C00744,Blue 744,2025-04-09,Australia,Technology,Startup
C00745,Core 745,2025-10-18,Canada,Technology,Startup
C00746,Nova 746,2025-05-13,UK,Media,SMB
C00747,Orbit 747,2025-07-14,UK,Technology,Startup
C00748,Orbit 748,2025-04-25,Australia,Technology,Enterprise
C00749,Nova 749,2025-04-25,USA,Education,Enterprise
C00750,Nexa 750,2025-02-27,India,Consulting,SMB
C00751,Orbit 751,2025-12-17,USA,Marketing,Startup
C00752,Nexa 752,2025-02-23,USA,Media,SMB
C00753,Cloud 753,2025-02-01,Germany,Technology,SMB
C00754,Cloud 754,2025-12-08,India,Education,SMB
C00755,Pulse 755,2025-07-22,Germany,Marketing,Startup
C00756,Pulse 756,2025-06-09,USA,Finance,Startup
C00757,Vertex 757,2025-09-27,Australia,Retail,Startup
C00758,Cloud 758,2025-05-20,UK,Marketing,SMB
C00759,Orbit 759,2025-02-16,Singapore,Finance,SMB
C00760,Core 760,2025-09-24,Singapore,Technology,Mid-Market
C00761,Cloud 761,2025-03-06,India,Technology,Startup
C00762,Cloud 762,2025-07-21,Germany,Retail,Mid-Market
C00763,Core 763,2025-12-13,India,Finance,Startup
C00764,Nexa 764,2025-12-08,Australia,Retail,Startup
C00765,Blue 765,2025-05-12,Germany,Technology,SMB
C00766,Pulse 766,2025-10-12,USA,Media,Startup
C00767,Blue 767,2025-08-12,USA,Retail,Enterprise
C00768,Vertex 768,2025-06-24,USA,Technology,Enterprise
C00769,Cloud 769,2025-02-21,Australia,Technology,Startup
C00770,Cloud 770,2025-05-18,Australia,Consulting,Startup
C00771,Nova 771,2025-08-26,India,Technology,Startup
C00772,Pulse 772,2025-12-27,USA,Finance,Enterprise
C00773,Nexa 773,2025-01-02,USA,Consulting,Startup
C00774,Nova 774,2025-09-19,UK,Retail,Mid-Market
C00775,Vertex 775,2025-11-05,India,Consulting,Startup
C00776,Vertex 776,2025-12-14,USA,Retail,SMB
C00777,Apex 777,2025-06-04,Singapore,Marketing,Startup
C00778,Apex 778,2025-02-13,USA,Consulting,Mid-Market
C00779,Cloud 779,2025-04-09,Canada,Finance,Mid-Market
C00780,Blue 780,2025-11-07,UK,Consulting,Startup
C00781,Cloud 781,2025-11-17,USA,Education,Startup
C00782,Orbit 782,2025-08-21,Germany,Marketing,SMB
C00783,Apex 783,2025-02-14,USA,Media,SMB
C00784,Bright 784,2025-02-14,USA,Healthcare,Mid-Market
C00785,Core 785,2025-06-24,Netherlands,Marketing,SMB
C00786,Blue 786,2025-08-03,Australia,Marketing,Enterprise
C00787,Nova 787,2025-01-12,Canada,Finance,Startup
C00788,Apex 788,2025-09-08,India,Finance,Mid-Market
C00789,Vertex 789,2025-07-18,India,Media,Enterprise
C00790,Apex 790,2025-01-05,India,Healthcare,SMB
C00791,Nexa 791,2025-02-04,Singapore,Education,Enterprise
C00792,Apex 792,2025-06-15,Australia,Marketing,SMB
C00793,Bright 793,2025-09-21,UK,Retail,Mid-Market
C00794,Bright 794,2025-10-29,Netherlands,Consulting,Startup
C00795,Cloud 795,2025-06-07,India,Technology,Startup
C00796,Bright 796,2025-04-18,UK,Finance,SMB
C00797,Bright 797,2025-12-20,India,Consulting,Mid-Market
C00798,Nexa 798,2025-06-17,USA,Technology,Enterprise
C00799,Nova 799,2025-04-26,Netherlands,Marketing,SMB
C00800,Nova 800,2025-06-11,Australia,Finance,Mid-Market
C00801,Orbit 801,2025-01-05,India,Technology,Mid-Market
C00802,Nexa 802,2025-04-21,USA,Media,Mid-Market
C00803,Cloud 803,2025-07-08,UK,Retail,Startup
C00804,Cloud 804,2025-12-02,India,Consulting,SMB
C00805,Nexa 805,2025-09-27,UK,Technology,SMB
C00806,Bright 806,2025-10-13,UK,Media,Mid-Market
C00807,Pulse 807,2025-07-18,USA,Education,SMB
C00808,Vertex 808,2025-02-10,USA,Media,Mid-Market
C00809,Vertex 809,2025-05-23,India,Technology,Enterprise
C00810,Orbit 810,2025-12-30,Singapore,Technology,SMB
C00811,Bright 811,2025-01-17,USA,Education,Mid-Market
C00812,Pulse 812,2025-11-17,UK,Retail,SMB
C00813,Orbit 813,2025-09-07,USA,Technology,SMB
C00814,Bright 814,2025-04-14,Canada,Finance,SMB
C00815,Vertex 815,2025-10-11,India,Marketing,Enterprise
C00816,Vertex 816,2025-11-02,India,Media,Mid-Market
C00817,Pulse 817,2025-01-16,Canada,Consulting,Mid-Market
C00818,Cloud 818,2025-02-08,Canada,Retail,SMB
C00819,Orbit 819,2025-08-31,USA,Education,SMB
C00820,Core 820,2025-12-31,USA,Retail,Mid-Market
C00821,Core 821,2025-01-09,Netherlands,Marketing,Enterprise
C00822,Cloud 822,2025-08-31,India,Technology,Enterprise
C00823,Vertex 823,2025-02-19,India,Education,Mid-Market
C00824,Pulse 824,2025-08-26,USA,Marketing,Mid-Market
C00825,Nexa 825,2025-08-16,USA,Marketing,Startup
C00826,Bright 826,2025-02-03,Germany,Finance,Mid-Market
C00827,Orbit 827,2025-09-06,Germany,Consulting,SMB
C00828,Vertex 828,2025-11-24,UK,Consulting,Mid-Market
C00829,Pulse 829,2025-11-12,Germany,Finance,Startup
C00830,Pulse 830,2025-01-11,USA,Retail,Enterprise
C00831,Cloud 831,2025-03-31,Canada,Finance,SMB
C00832,Apex 832,2025-03-29,India,Technology,Startup
C00833,Bright 833,2025-06-15,USA,Technology,SMB
C00834,Nova 834,2025-02-22,Germany,Marketing,Mid-Market
C00835,Vertex 835,2025-11-08,USA,Technology,Mid-Market
C00836,Blue 836,2025-10-11,India,Consulting,Mid-Market
C00837,Apex 837,2025-10-23,USA,Consulting,SMB
C00838,Vertex 838,2025-03-14,Canada,Marketing,Startup
C00839,Nova 839,2025-01-06,India,Retail,Mid-Market
C00840,Bright 840,2025-11-29,Canada,Media,Enterprise
C00841,Blue 841,2025-04-16,Canada,Healthcare,Mid-Market
C00842,Bright 842,2025-08-28,Germany,Technology,Startup
C00843,Blue 843,2025-11-28,USA,Technology,Mid-Market
C00844,Apex 844,2025-01-14,Australia,Education,Startup
C00845,Pulse 845,2025-01-02,India,Healthcare,Enterprise
C00846,Pulse 846,2025-01-02,Singapore,Education,Startup
C00847,Nova 847,2025-02-27,Canada,Education,Startup
C00848,Nova 848,2025-01-19,India,Marketing,Startup
C00849,Blue 849,2025-10-27,Australia,Technology,Mid-Market
C00850,Blue 850,2025-08-10,UK,Finance,SMB
C00851,Vertex 851,2025-12-24,USA,Healthcare,Mid-Market
C00852,Nexa 852,2025-10-20,USA,Consulting,SMB
C00853,Blue 853,2025-12-18,Germany,Education,Mid-Market
C00854,Blue 854,2025-03-29,Canada,Education,SMB
C00855,Cloud 855,2025-04-16,Singapore,Education,Startup
C00856,Core 856,2025-11-07,USA,Marketing,Mid-Market
C00857,Nexa 857,2025-03-31,Germany,Technology,SMB
C00858,Blue 858,2025-01-21,Germany,Technology,SMB
C00859,Vertex 859,2025-09-02,Germany,Technology,SMB
C00860,Nexa 860,2025-10-20,UK,Technology,Mid-Market
C00861,Nova 861,2025-12-20,USA,Finance,Startup
C00862,Bright 862,2025-12-05,Canada,Consulting,SMB
C00863,Nova 863,2025-02-13,USA,Technology,SMB
C00864,Apex 864,2025-10-09,India,Technology,Mid-Market
C00865,Core 865,2025-11-05,UK,Technology,Startup
C00866,Nexa 866,2025-09-12,USA,Finance,Startup
C00867,Bright 867,2025-10-27,India,Technology,SMB
C00868,Apex 868,2025-11-02,India,Technology,SMB
C00869,Bright 869,2025-06-12,Germany,Finance,Startup
C00870,Pulse 870,2025-01-15,Netherlands,Media,Mid-Market
C00871,Cloud 871,2025-06-16,USA,Finance,SMB
C00872,Nova 872,2025-03-15,India,Technology,SMB
C00873,Orbit 873,2025-02-11,Australia,Marketing,SMB
C00874,Core 874,2025-02-15,USA,Technology,SMB
C00875,Apex 875,2025-09-12,Netherlands,Marketing,Mid-Market
C00876,Cloud 876,2025-07-04,UK,Healthcare,SMB
C00877,Nova 877,2025-07-17,India,Retail,Mid-Market
C00878,Blue 878,2025-09-29,UK,Retail,SMB
C00879,Pulse 879,2025-07-20,USA,Consulting,SMB
C00880,Vertex 880,2025-08-18,Canada,Technology,Startup
C00881,Nova 881,2025-02-01,India,Healthcare,SMB
C00882,Vertex 882,2025-11-07,Australia,Finance,Mid-Market
C00883,Bright 883,2025-06-13,Canada,Consulting,Startup
C00884,Core 884,2025-02-26,Australia,Technology,Startup
C00885,Vertex 885,2025-10-24,Singapore,Education,Mid-Market
C00886,Core 886,2025-09-26,India,Finance,SMB
C00887,Nova 887,2025-01-20,UK,Marketing,Enterprise
C00888,Pulse 888,2025-03-12,Australia,Finance,Startup
C00889,Cloud 889,2025-01-06,USA,Finance,Mid-Market
C00890,Blue 890,2025-04-09,India,Education,Mid-Market
C00891,Apex 891,2025-02-06,USA,Marketing,Mid-Market
C00892,Cloud 892,2025-09-17,USA,Finance,SMB
C00893,Cloud 893,2025-07-10,Singapore,Technology,SMB
C00894,Core 894,2025-12-24,USA,Retail,Startup
C00895,Apex 895,2025-10-01,Germany,Marketing,Mid-Market
C00896,Bright 896,2025-08-12,Netherlands,Marketing,Startup
C00897,Pulse 897,2025-07-05,USA,Marketing,Startup
C00898,Orbit 898,2025-01-20,Canada,Marketing,Startup
C00899,Nexa 899,2025-01-26,India,Education,Mid-Market
C00900,Apex 900,2025-08-13,India,Technology,Startup
C00901,Nova 901,2025-01-02,India,Marketing,SMB
C00902,Nova 902,2025-01-16,USA,Marketing,Mid-Market
C00903,Nova 903,2025-03-21,USA,Technology,Mid-Market
C00904,Orbit 904,2025-11-19,USA,Consulting,Mid-Market
C00905,Orbit 905,2025-06-17,USA,Technology,SMB
C00906,Pulse 906,2025-09-16,India,Technology,Startup
C00907,Core 907,2025-05-31,Germany,Consulting,Startup
C00908,Vertex 908,2025-03-05,India,Retail,Startup
C00909,Blue 909,2025-05-16,Australia,Finance,SMB
C00910,Blue 910,2025-02-03,Singapore,Education,SMB
C00911,Nexa 911,2025-10-09,Canada,Technology,SMB
C00912,Orbit 912,2025-03-08,UK,Consulting,SMB
C00913,Vertex 913,2025-05-18,Germany,Healthcare,Mid-Market
C00914,Vertex 914,2025-12-24,Germany,Consulting,Startup
C00915,Nova 915,2025-08-05,Singapore,Healthcare,Enterprise
C00916,Nexa 916,2025-06-17,Netherlands,Finance,Mid-Market
C00917,Apex 917,2025-07-18,USA,Retail,SMB
C00918,Vertex 918,2025-10-14,Germany,Technology,SMB
C00919,Vertex 919,2025-04-03,Australia,Technology,Enterprise
C00920,Nova 920,2025-08-21,India,Healthcare,Enterprise
C00921,Nexa 921,2025-11-15,UK,Marketing,SMB
C00922,Nexa 922,2025-07-28,Germany,Technology,Startup
C00923,Nexa 923,2025-06-12,Canada,Marketing,Enterprise
C00924,Vertex 924,2025-02-22,USA,Healthcare,SMB
C00925,Nova 925,2025-04-01,USA,Education,Mid-Market
C00926,Vertex 926,2025-12-12,India,Retail,Startup
C00927,Pulse 927,2025-07-17,UK,Healthcare,Mid-Market
C00928,Pulse 928,2025-04-20,Singapore,Marketing,SMB
C00929,Cloud 929,2025-06-02,Singapore,Healthcare,SMB
C00930,Nova 930,2025-07-30,USA,Technology,Mid-Market
C00931,Bright 931,2025-07-16,USA,Consulting,SMB
C00932,Core 932,2025-09-13,Canada,Retail,SMB
C00933,Vertex 933,2025-04-04,Canada,Consulting,SMB
C00934,Pulse 934,2025-08-25,UK,Media,SMB
C00935,Apex 935,2025-06-11,USA,Healthcare,Enterprise
C00936,Vertex 936,2025-12-10,India,Education,SMB
C00937,Blue 937,2025-02-27,Canada,Technology,SMB
C00938,Orbit 938,2025-02-24,Germany,Media,Startup
C00939,Nexa 939,2025-06-18,USA,Marketing,SMB
C00940,Nova 940,2025-07-05,Singapore,Finance,Startup
C00941,Bright 941,2025-09-10,Germany,Consulting,SMB
C00942,Nexa 942,2025-05-28,Singapore,Marketing,SMB
C00943,Nexa 943,2025-11-30,USA,Media,SMB
C00944,Nova 944,2025-06-23,USA,Consulting,Startup
C00945,Nexa 945,2025-02-17,Singapore,Retail,SMB
C00946,Blue 946,2025-02-13,Netherlands,Marketing,Startup
C00947,Pulse 947,2025-12-22,Netherlands,Marketing,SMB
C00948,Cloud 948,2025-02-18,Australia,Consulting,Startup
C00949,Blue 949,2025-12-12,USA,Technology,Enterprise
C00950,Nexa 950,2025-04-12,India,Technology,SMB
C00951,Nova 951,2025-02-04,USA,Media,Mid-Market
C00952,Vertex 952,2025-04-22,Singapore,Retail,Mid-Market
C00953,Blue 953,2025-08-13,USA,Media,Mid-Market
C00954,Cloud 954,2025-06-06,Canada,Technology,Mid-Market
C00955,Nova 955,2025-10-14,Singapore,Finance,Startup
C00956,Apex 956,2025-08-12,Netherlands,Retail,SMB
C00957,Orbit 957,2025-05-27,Netherlands,Technology,Mid-Market
C00958,Orbit 958,2025-08-20,UK,Healthcare,SMB
C00959,Nexa 959,2025-12-21,UK,Finance,SMB
C00960,Blue 960,2025-05-31,Netherlands,Retail,Mid-Market
C00961,Pulse 961,2025-02-26,India,Marketing,Startup
C00962,Nova 962,2025-05-30,India,Finance,Startup
C00963,Nova 963,2025-11-03,Netherlands,Marketing,SMB
C00964,Nova 964,2025-03-21,Germany,Technology,SMB
C00965,Bright 965,2025-12-13,UK,Consulting,Mid-Market
C00966,Bright 966,2025-08-03,India,Marketing,Mid-Market
C00967,Blue 967,2025-08-08,UK,Marketing,Startup
C00968,Bright 968,2025-04-26,Netherlands,Healthcare,Startup
C00969,Nova 969,2025-12-02,Germany,Finance,SMB
C00970,Core 970,2025-01-14,USA,Technology,SMB
C00971,Cloud 971,2025-04-20,UK,Media,Mid-Market
C00972,Blue 972,2025-06-02,Singapore,Healthcare,Mid-Market
C00973,Pulse 973,2025-06-24,Singapore,Marketing,Mid-Market
C00974,Core 974,2025-06-23,USA,Healthcare,SMB
C00975,Core 975,2025-02-23,Germany,Media,Startup
C00976,Vertex 976,2025-03-24,USA,Consulting,SMB
C00977,Nexa 977,2025-02-04,USA,Technology,Startup
C00978,Apex 978,2025-07-28,India,Marketing,Startup
C00979,Nexa 979,2025-05-09,UK,Marketing,SMB
C00980,Pulse 980,2025-07-26,UK,Consulting,SMB
C00981,Orbit 981,2025-08-04,USA,Media,Startup
C00982,Bright 982,2025-09-14,USA,Consulting,Mid-Market
C00983,Blue 983,2025-07-19,India,Retail,SMB
C00984,Nexa 984,2025-08-25,India,Marketing,Startup
C00985,Core 985,2025-08-03,Canada,Healthcare,Mid-Market
C00986,Cloud 986,2025-08-27,India,Education,Startup
C00987,Core 987,2025-08-14,India,Consulting,SMB
C00988,Bright 988,2025-04-26,Netherlands,Technology,SMB
C00989,Apex 989,2025-03-31,USA,Marketing,SMB
C00990,Core 990,2025-10-15,Singapore,Technology,Mid-Market
C00991,Bright 991,2025-05-06,Germany,Technology,SMB
C00992,Cloud 992,2025-07-20,Canada,Retail,Startup
C00993,Blue 993,2025-03-13,UK,Technology,SMB
C00994,Blue 994,2025-06-07,India,Consulting,SMB
C00995,Bright 995,2025-07-13,Australia,Healthcare,Startup
C00996,Bright 996,2025-08-17,Australia,Education,SMB
C00997,Cloud 997,2025-07-12,USA,Retail,Startup
C00998,Nova 998,2025-05-12,Canada,Consulting,SMB
C00999,Orbit 999,2025-12-18,UK,Consulting,SMB
C01000,Cloud 1000,2025-07-07,Singapore,Finance,Mid-Market
C01001,Core 1001,2025-10-23,Australia,Finance,Mid-Market
C01002,Vertex 1002,2025-09-26,India,Consulting,Mid-Market
C01003,Nexa 1003,2025-07-23,Singapore,Consulting,Mid-Market
C01004,Orbit 1004,2025-11-20,Netherlands,Consulting,SMB
C01005,Nexa 1005,2025-02-16,Canada,Consulting,Mid-Market
C01006,Vertex 1006,2025-12-03,India,Technology,Mid-Market
C01007,Apex 1007,2025-11-07,Australia,Finance,Mid-Market
C01008,Nexa 1008,2025-07-03,Germany,Media,Mid-Market
C01009,Bright 1009,2025-09-25,USA,Marketing,Enterprise
C01010,Core 1010,2025-07-09,Singapore,Consulting,SMB
C01011,Orbit 1011,2025-04-09,UK,Marketing,Enterprise
C01012,Bright 1012,2025-10-19,Australia,Retail,SMB
C01013,Nova 1013,2025-03-31,Germany,Retail,Startup
C01014,Vertex 1014,2025-04-25,USA,Finance,Startup
C01015,Apex 1015,2025-07-09,Netherlands,Retail,SMB
C01016,Apex 1016,2025-11-02,UK,Finance,Startup
C01017,Core 1017,2025-05-21,UK,Healthcare,Startup
C01018,Pulse 1018,2025-06-30,USA,Retail,SMB
C01019,Vertex 1019,2025-01-16,India,Finance,SMB
C01020,Orbit 1020,2025-02-12,Germany,Finance,Startup
C01021,Apex 1021,2025-01-21,USA,Education,SMB
C01022,Vertex 1022,2025-01-27,Singapore,Media,Mid-Market
C01023,Nexa 1023,2025-11-14,Netherlands,Technology,Mid-Market
C01024,Orbit 1024,2025-11-04,Canada,Education,Mid-Market
C01025,Nova 1025,2025-10-27,USA,Marketing,Startup
C01026,Apex 1026,2025-01-21,Canada,Healthcare,Enterprise
C01027,Pulse 1027,2025-01-29,India,Consulting,Mid-Market
C01028,Bright 1028,2025-04-13,Australia,Marketing,SMB
C01029,Bright 1029,2025-07-26,UK,Consulting,Startup
C01030,Vertex 1030,2025-05-02,Singapore,Consulting,SMB
C01031,Cloud 1031,2025-06-27,USA,Media,Mid-Market
C01032,Blue 1032,2025-03-05,USA,Consulting,Mid-Market
C01033,Nexa 1033,2025-09-24,Netherlands,Technology,Mid-Market
C01034,Vertex 1034,2025-04-25,UK,Consulting,Enterprise
C01035,Apex 1035,2025-01-25,Australia,Education,Mid-Market
C01036,Vertex 1036,2025-09-29,Singapore,Technology,Startup
C01037,Apex 1037,2025-11-26,UK,Marketing,Startup
C01038,Vertex 1038,2025-01-06,USA,Consulting,Startup
C01039,Nexa 1039,2025-06-09,UK,Technology,Startup
C01040,Orbit 1040,2025-10-29,Australia,Healthcare,Startup
C01041,Nexa 1041,2025-09-15,Netherlands,Marketing,SMB
C01042,Apex 1042,2025-11-09,USA,Healthcare,Mid-Market
C01043,Cloud 1043,2025-06-01,Canada,Retail,Startup
C01044,Cloud 1044,2025-05-16,USA,Technology,Mid-Market
C01045,Cloud 1045,2025-09-16,Germany,Consulting,Enterprise
C01046,Apex 1046,2025-02-26,Australia,Consulting,Startup
C01047,Apex 1047,2025-03-29,Singapore,Healthcare,Startup
C01048,Nexa 1048,2025-08-08,USA,Marketing,SMB
C01049,Nova 1049,2025-09-01,USA,Technology,Mid-Market
C01050,Cloud 1050,2025-02-13,USA,Technology,Mid-Market
C01051,Core 1051,2025-07-05,India,Marketing,Startup
C01052,Blue 1052,2025-05-14,USA,Technology,Mid-Market
C01053,Blue 1053,2025-07-03,Singapore,Consulting,Mid-Market
C01054,Bright 1054,2025-12-16,USA,Marketing,Startup
C01055,Vertex 1055,2025-01-28,USA,Technology,SMB
C01056,Vertex 1056,2025-12-30,Canada,Finance,SMB
C01057,Vertex 1057,2025-06-14,India,Retail,Startup
C01058,Blue 1058,2025-10-09,USA,Finance,Enterprise
C01059,Core 1059,2025-06-04,Singapore,Consulting,Startup
C01060,Core 1060,2025-04-24,India,Technology,Mid-Market
C01061,Pulse 1061,2025-10-09,USA,Media,Mid-Market
C01062,Bright 1062,2025-09-08,UK,Healthcare,Startup
C01063,Apex 1063,2025-02-22,India,Marketing,Mid-Market
C01064,Core 1064,2025-09-15,USA,Marketing,Startup
C01065,Core 1065,2025-10-02,India,Finance,Startup
C01066,Orbit 1066,2025-05-22,USA,Consulting,Startup
C01067,Core 1067,2025-12-04,Singapore,Technology,Mid-Market
C01068,Bright 1068,2025-08-22,USA,Technology,Enterprise
C01069,Apex 1069,2025-05-02,USA,Technology,Startup
C01070,Core 1070,2025-01-04,USA,Education,SMB
C01071,Bright 1071,2025-09-04,Netherlands,Retail,Enterprise
C01072,Pulse 1072,2025-03-18,India,Technology,Mid-Market
C01073,Apex 1073,2025-10-04,Singapore,Retail,Startup
C01074,Cloud 1074,2025-07-11,USA,Consulting,SMB
C01075,Cloud 1075,2025-06-20,Netherlands,Technology,SMB
C01076,Nexa 1076,2025-03-01,USA,Technology,SMB
C01077,Apex 1077,2025-09-17,India,Finance,SMB
C01078,Bright 1078,2025-03-02,UK,Technology,Mid-Market
C01079,Pulse 1079,2025-06-02,India,Consulting,Mid-Market
C01080,Nova 1080,2025-11-02,Canada,Marketing,SMB
C01081,Nova 1081,2025-12-02,Germany,Healthcare,Mid-Market
C01082,Blue 1082,2025-12-28,Germany,Consulting,SMB
C01083,Nexa 1083,2025-12-16,India,Finance,Mid-Market
C01084,Orbit 1084,2025-07-22,Canada,Retail,Startup
C01085,Nova 1085,2025-03-15,USA,Education,SMB
C01086,Orbit 1086,2025-11-03,Netherlands,Finance,SMB
C01087,Apex 1087,2025-10-20,Canada,Marketing,SMB
C01088,Orbit 1088,2025-12-28,UK,Finance,Mid-Market
C01089,Nova 1089,2025-08-26,Australia,Media,SMB
C01090,Orbit 1090,2025-02-21,UK,Healthcare,SMB
C01091,Orbit 1091,2025-07-03,UK,Retail,SMB
C01092,Cloud 1092,2025-06-13,India,Media,Mid-Market
C01093,Nova 1093,2025-11-04,Germany,Marketing,Mid-Market
C01094,Blue 1094,2025-05-24,USA,Consulting,Mid-Market
C01095,Pulse 1095,2025-04-30,India,Marketing,Mid-Market
C01096,Nexa 1096,2025-01-30,Australia,Technology,Mid-Market
C01097,Pulse 1097,2025-11-01,India,Media,Startup
C01098,Nexa 1098,2025-10-03,Germany,Healthcare,Mid-Market
C01099,Vertex 1099,2025-01-16,India,Retail,SMB
C01100,Apex 1100,2025-06-08,USA,Education,Mid-Market
C01101,Core 1101,2025-06-25,Australia,Technology,Enterprise
C01102,Cloud 1102,2025-06-21,India,Healthcare,Startup
C01103,Blue 1103,2025-12-02,Germany,Technology,Startup
C01104,Nova 1104,2025-02-24,Germany,Technology,Startup
C01105,Bright 1105,2025-04-22,Australia,Consulting,Enterprise
C01106,Bright 1106,2025-03-08,India,Technology,SMB
C01107,Nexa 1107,2025-03-31,Australia,Media,Mid-Market
C01108,Vertex 1108,2025-11-28,USA,Healthcare,Startup
C01109,Cloud 1109,2025-12-10,USA,Marketing,Startup
C01110,Nexa 1110,2025-01-17,USA,Finance,Startup
C01111,Cloud 1111,2025-08-19,USA,Technology,Mid-Market
C01112,Core 1112,2025-03-26,UK,Marketing,Startup
C01113,Core 1113,2025-03-12,India,Finance,Enterprise
C01114,Bright 1114,2025-04-17,USA,Education,Mid-Market
C01115,Orbit 1115,2025-03-12,Germany,Marketing,Enterprise
C01116,Bright 1116,2025-06-28,UK,Technology,SMB
C01117,Bright 1117,2025-12-30,India,Healthcare,SMB
C01118,Nexa 1118,2025-08-03,USA,Finance,Startup
C01119,Cloud 1119,2025-09-21,USA,Technology,SMB
C01120,Vertex 1120,2025-06-30,Germany,Consulting,SMB
C01121,Cloud 1121,2025-01-06,Singapore,Technology,Startup
C01122,Blue 1122,2025-01-31,UK,Finance,Enterprise
C01123,Cloud 1123,2025-04-09,Germany,Marketing,Startup
C01124,Bright 1124,2025-03-30,India,Healthcare,Startup
C01125,Nexa 1125,2025-11-03,Netherlands,Media,SMB
C01126,Vertex 1126,2025-11-04,USA,Retail,SMB
C01127,Cloud 1127,2025-11-08,USA,Consulting,Startup
C01128,Vertex 1128,2025-08-21,India,Marketing,Enterprise
C01129,Blue 1129,2025-07-23,India,Healthcare,Startup
C01130,Blue 1130,2025-08-25,Australia,Technology,SMB
C01131,Pulse 1131,2025-05-29,USA,Consulting,Startup
C01132,Cloud 1132,2025-09-02,USA,Healthcare,Startup
C01133,Nexa 1133,2025-10-17,India,Finance,SMB
C01134,Nexa 1134,2025-10-06,Netherlands,Marketing,Mid-Market
C01135,Core 1135,2025-08-13,Canada,Consulting,SMB
C01136,Vertex 1136,2025-01-22,Singapore,Marketing,Startup
C01137,Pulse 1137,2025-09-22,Australia,Technology,Startup
C01138,Vertex 1138,2025-05-14,Singapore,Retail,Enterprise
C01139,Orbit 1139,2025-09-29,USA,Technology,Startup
C01140,Core 1140,2025-07-16,India,Media,SMB
C01141,Nova 1141,2025-11-18,USA,Healthcare,Startup
C01142,Vertex 1142,2025-05-04,USA,Media,Startup
C01143,Core 1143,2025-12-06,Canada,Retail,Startup
C01144,Nova 1144,2025-11-05,India,Healthcare,Startup
C01145,Nexa 1145,2025-05-01,India,Consulting,SMB
C01146,Orbit 1146,2025-06-26,Germany,Technology,SMB
C01147,Bright 1147,2025-07-13,India,Technology,Mid-Market
C01148,Core 1148,2025-10-08,India,Finance,Startup
C01149,Core 1149,2025-09-09,India,Marketing,SMB
C01150,Bright 1150,2025-11-07,Germany,Technology,SMB
C01151,Nova 1151,2025-05-16,India,Marketing,Startup
C01152,Vertex 1152,2025-07-04,India,Media,Startup
C01153,Vertex 1153,2025-06-07,India,Retail,Startup
C01154,Blue 1154,2025-11-28,Canada,Technology,Startup
C01155,Orbit 1155,2025-04-22,India,Marketing,SMB
C01156,Nexa 1156,2025-08-03,India,Technology,Startup
C01157,Cloud 1157,2025-02-13,Singapore,Finance,SMB
C01158,Core 1158,2025-11-07,Singapore,Retail,SMB
C01159,Pulse 1159,2025-05-21,India,Media,SMB
C01160,Pulse 1160,2025-05-05,USA,Finance,Startup
C01161,Apex 1161,2025-08-01,India,Technology,SMB
C01162,Nexa 1162,2025-07-02,Canada,Healthcare,SMB
C01163,Orbit 1163,2025-11-06,USA,Healthcare,Enterprise
C01164,Bright 1164,2025-07-13,Singapore,Technology,Startup
C01165,Orbit 1165,2025-07-08,Australia,Technology,Startup
C01166,Bright 1166,2025-02-08,UK,Healthcare,Mid-Market
C01167,Blue 1167,2025-01-09,India,Technology,Startup
C01168,Pulse 1168,2025-05-26,Singapore,Retail,Startup
C01169,Pulse 1169,2025-12-31,Canada,Consulting,Mid-Market
C01170,Pulse 1170,2025-12-01,Canada,Marketing,SMB
C01171,Apex 1171,2025-08-18,India,Healthcare,SMB
C01172,Blue 1172,2025-08-19,Canada,Retail,Startup
C01173,Cloud 1173,2025-05-23,Australia,Technology,Startup
C01174,Orbit 1174,2025-03-06,Netherlands,Retail,Startup
C01175,Nova 1175,2025-01-04,UK,Technology,Mid-Market
C01176,Cloud 1176,2025-05-04,UK,Retail,SMB
C01177,Orbit 1177,2025-04-26,USA,Technology,SMB
C01178,Apex 1178,2025-03-11,Canada,Consulting,Enterprise
C01179,Blue 1179,2025-04-05,Singapore,Technology,Enterprise
C01180,Nexa 1180,2025-01-10,UK,Consulting,Startup
C01181,Apex 1181,2025-08-10,India,Marketing,SMB
C01182,Apex 1182,2025-12-05,India,Technology,Mid-Market
C01183,Nexa 1183,2025-09-10,Germany,Consulting,Mid-Market
C01184,Pulse 1184,2025-06-13,Australia,Technology,Enterprise
C01185,Cloud 1185,2025-06-03,India,Marketing,Mid-Market
C01186,Orbit 1186,2025-04-23,USA,Finance,Mid-Market
C01187,Orbit 1187,2025-02-21,Netherlands,Consulting,Startup
C01188,Nova 1188,2025-08-07,UK,Retail,SMB
C01189,Blue 1189,2025-07-26,India,Healthcare,SMB
C01190,Orbit 1190,2025-01-03,USA,Consulting,Mid-Market
C01191,Cloud 1191,2025-06-01,USA,Retail,SMB
C01192,Nexa 1192,2025-04-12,India,Education,SMB
C01193,Nexa 1193,2025-03-04,Germany,Finance,SMB
C01194,Blue 1194,2025-09-14,UK,Healthcare,Enterprise
C01195,Nova 1195,2025-07-11,Germany,Technology,SMB
C01196,Apex 1196,2025-08-20,Germany,Healthcare,Mid-Market
C01197,Vertex 1197,2025-09-18,India,Finance,SMB
C01198,Orbit 1198,2025-12-25,India,Consulting,SMB
C01199,Orbit 1199,2025-10-21,India,Marketing,SMB
C01200,Apex 1200,2025-08-15,India,Education,SMB
C01201,Blue 1201,2025-11-17,Canada,Technology,Mid-Market
C01202,Orbit 1202,2025-06-24,India,Technology,Startup
C01203,Apex 1203,2025-12-26,Germany,Consulting,Enterprise
C01204,Nova 1204,2025-10-05,India,Marketing,Mid-Market
C01205,Cloud 1205,2025-08-26,India,Media,SMB
C01206,Core 1206,2025-11-26,India,Marketing,Startup
C01207,Apex 1207,2025-07-08,UK,Technology,Startup
C01208,Blue 1208,2025-09-21,Germany,Education,Startup
C01209,Orbit 1209,2025-04-14,Australia,Education,Startup
C01210,Orbit 1210,2025-12-18,India,Technology,Startup
C01211,Apex 1211,2025-08-16,Germany,Education,Enterprise
C01212,Orbit 1212,2025-10-13,Canada,Technology,SMB
C01213,Nova 1213,2025-06-18,USA,Finance,Mid-Market
C01214,Nova 1214,2025-11-13,India,Technology,SMB
C01215,Apex 1215,2025-01-28,India,Education,SMB
C01216,Orbit 1216,2025-02-11,India,Consulting,Mid-Market
C01217,Orbit 1217,2025-07-05,Singapore,Technology,Startup
C01218,Apex 1218,2025-09-25,USA,Consulting,Mid-Market
C01219,Cloud 1219,2025-10-23,UK,Consulting,Mid-Market
C01220,Pulse 1220,2025-06-10,Canada,Healthcare,Enterprise
C01221,Nexa 1221,2025-08-26,USA,Technology,SMB
C01222,Nova 1222,2025-07-21,Germany,Finance,Mid-Market
C01223,Apex 1223,2025-12-17,India,Technology,SMB
C01224,Pulse 1224,2025-08-27,UK,Media,Startup
C01225,Pulse 1225,2025-06-02,India,Consulting,Startup
C01226,Cloud 1226,2025-12-20,USA,Technology,SMB
C01227,Blue 1227,2025-02-09,USA,Marketing,Startup
C01228,Nexa 1228,2025-12-26,Canada,Finance,Startup
C01229,Apex 1229,2025-02-26,Germany,Technology,Startup
C01230,Nexa 1230,2025-04-16,Canada,Finance,Mid-Market
C01231,Core 1231,2025-10-27,India,Technology,Mid-Market
C01232,Cloud 1232,2025-09-25,Netherlands,Technology,Mid-Market
C01233,Vertex 1233,2025-12-21,India,Finance,SMB
C01234,Apex 1234,2025-10-01,Australia,Healthcare,Enterprise
C01235,Nova 1235,2025-08-21,Canada,Healthcare,SMB
C01236,Core 1236,2025-05-07,UK,Marketing,SMB
C01237,Blue 1237,2025-01-02,USA,Healthcare,SMB
C01238,Nexa 1238,2025-02-15,Canada,Marketing,Startup
C01239,Blue 1239,2025-04-19,Canada,Healthcare,SMB
C01240,Nova 1240,2025-01-15,India,Media,SMB
C01241,Nexa 1241,2025-07-05,Australia,Technology,Enterprise
C01242,Apex 1242,2025-10-11,India,Marketing,Startup
C01243,Cloud 1243,2025-12-18,UK,Technology,Startup
C01244,Bright 1244,2025-06-28,Germany,Healthcare,SMB
C01245,Orbit 1245,2025-11-16,Australia,Marketing,Startup
C01246,Nexa 1246,2025-12-26,USA,Consulting,Enterprise
C01247,Vertex 1247,2025-11-10,India,Media,SMB
C01248,Nexa 1248,2025-06-19,UK,Marketing,SMB
C01249,Blue 1249,2025-04-29,USA,Finance,SMB
C01250,Nova 1250,2025-12-23,UK,Consulting,SMB
C01251,Core 1251,2025-03-30,USA,Technology,Startup
C01252,Nexa 1252,2025-05-31,Canada,Marketing,SMB
C01253,Bright 1253,2025-01-28,USA,Retail,Startup
C01254,Pulse 1254,2025-10-17,India,Healthcare,SMB
C01255,Nexa 1255,2025-08-26,USA,Marketing,Mid-Market
C01256,Pulse 1256,2025-01-31,India,Technology,Startup
C01257,Nova 1257,2025-03-23,India,Technology,SMB
C01258,Nova 1258,2025-07-22,USA,Media,Mid-Market
C01259,Nexa 1259,2025-07-17,UK,Technology,SMB
C01260,Bright 1260,2025-10-20,USA,Finance,SMB
C01261,Cloud 1261,2025-04-08,UK,Marketing,SMB
C01262,Apex 1262,2025-12-04,Singapore,Healthcare,SMB
C01263,Pulse 1263,2025-06-12,UK,Technology,SMB
C01264,Vertex 1264,2025-10-28,USA,Technology,Startup
C01265,Blue 1265,2025-03-29,India,Marketing,SMB
C01266,Apex 1266,2025-01-14,India,Healthcare,Mid-Market
C01267,Vertex 1267,2025-01-21,UK,Consulting,SMB
C01268,Nova 1268,2025-05-17,Germany,Finance,Enterprise
C01269,Core 1269,2025-12-14,India,Media,Startup
C01270,Vertex 1270,2025-01-18,India,Finance,SMB
C01271,Apex 1271,2025-05-15,USA,Finance,SMB
C01272,Nexa 1272,2025-02-09,USA,Media,SMB
C01273,Orbit 1273,2025-12-07,Netherlands,Retail,Enterprise
C01274,Cloud 1274,2025-09-04,India,Finance,SMB
C01275,Vertex 1275,2025-10-06,India,Healthcare,SMB
C01276,Pulse 1276,2025-09-18,USA,Retail,SMB
C01277,Apex 1277,2025-08-28,India,Technology,SMB
C01278,Nova 1278,2025-10-10,India,Finance,Mid-Market
C01279,Vertex 1279,2025-01-03,USA,Marketing,Mid-Market
C01280,Orbit 1280,2025-11-12,USA,Consulting,Startup
C01281,Vertex 1281,2025-09-28,India,Marketing,Mid-Market
C01282,Bright 1282,2025-09-27,Germany,Marketing,Mid-Market
C01283,Vertex 1283,2025-05-24,UK,Media,SMB
C01284,Pulse 1284,2025-10-20,India,Technology,SMB
C01285,Nexa 1285,2025-05-20,Australia,Consulting,Enterprise
C01286,Pulse 1286,2025-01-18,USA,Technology,Mid-Market
C01287,Nova 1287,2025-11-28,Netherlands,Consulting,Startup
C01288,Bright 1288,2025-03-27,Singapore,Marketing,SMB
C01289,Cloud 1289,2025-02-07,USA,Finance,Mid-Market
C01290,Nexa 1290,2025-08-15,India,Marketing,Enterprise
C01291,Core 1291,2025-03-27,Australia,Retail,SMB
C01292,Cloud 1292,2025-11-10,USA,Healthcare,Mid-Market
C01293,Pulse 1293,2025-06-11,India,Technology,SMB
C01294,Orbit 1294,2025-01-02,UK,Technology,SMB
C01295,Core 1295,2025-12-14,UK,Education,Mid-Market
C01296,Nova 1296,2025-07-07,Australia,Education,Startup
C01297,Blue 1297,2025-04-06,Canada,Healthcare,Startup
C01298,Apex 1298,2025-09-05,Singapore,Finance,Mid-Market
C01299,Cloud 1299,2025-07-13,Canada,Consulting,Startup
C01300,Vertex 1300,2025-01-11,Germany,Finance,Startup
C01301,Blue 1301,2025-10-05,UK,Technology,Startup
C01302,Core 1302,2025-05-27,Netherlands,Healthcare,Startup
C01303,Vertex 1303,2025-09-13,Netherlands,Marketing,Startup
C01304,Apex 1304,2025-11-23,Australia,Media,SMB
C01305,Pulse 1305,2025-08-11,Canada,Marketing,Enterprise
C01306,Orbit 1306,2025-09-03,UK,Technology,SMB
C01307,Vertex 1307,2025-04-03,USA,Retail,Mid-Market
C01308,Bright 1308,2025-03-28,Singapore,Finance,Startup
C01309,Bright 1309,2025-06-01,India,Media,Startup
C01310,Cloud 1310,2025-11-08,India,Finance,Mid-Market
C01311,Blue 1311,2025-07-11,USA,Retail,SMB
C01312,Cloud 1312,2025-05-08,UK,Retail,Mid-Market
C01313,Pulse 1313,2025-10-12,UK,Retail,SMB
C01314,Blue 1314,2025-11-08,India,Technology,SMB
C01315,Pulse 1315,2025-11-26,India,Retail,SMB
C01316,Pulse 1316,2025-04-20,India,Consulting,Startup
C01317,Vertex 1317,2025-09-17,USA,Finance,Mid-Market
C01318,Vertex 1318,2025-08-04,India,Marketing,SMB
C01319,Pulse 1319,2025-06-13,Germany,Education,SMB
C01320,Pulse 1320,2025-05-25,USA,Media,Startup
C01321,Pulse 1321,2025-02-11,USA,Consulting,SMB
C01322,Apex 1322,2025-04-11,USA,Healthcare,Mid-Market
C01323,Orbit 1323,2025-07-20,UK,Education,SMB
C01324,Nova 1324,2025-11-20,Australia,Technology,Enterprise
C01325,Cloud 1325,2025-11-13,India,Healthcare,Startup
C01326,Orbit 1326,2025-03-10,USA,Consulting,Mid-Market
C01327,Vertex 1327,2025-09-05,Germany,Marketing,Mid-Market
C01328,Vertex 1328,2025-01-31,India,Consulting,Enterprise
C01329,Nova 1329,2025-09-04,Australia,Marketing,Mid-Market
C01330,Cloud 1330,2025-05-05,Netherlands,Healthcare,SMB
C01331,Blue 1331,2025-06-14,Germany,Consulting,SMB
C01332,Nexa 1332,2025-09-19,Netherlands,Technology,Mid-Market
C01333,Blue 1333,2025-06-05,USA,Media,Mid-Market
C01334,Cloud 1334,2025-10-22,USA,Media,SMB
C01335,Orbit 1335,2025-07-14,India,Retail,Mid-Market
C01336,Core 1336,2025-12-31,India,Retail,SMB
C01337,Bright 1337,2025-08-21,USA,Marketing,Startup
C01338,Nexa 1338,2025-04-19,USA,Marketing,Startup
C01339,Nexa 1339,2025-10-10,UK,Consulting,SMB
C01340,Core 1340,2025-05-29,India,Finance,Mid-Market
C01341,Blue 1341,2025-07-14,Germany,Retail,Mid-Market
C01342,Nexa 1342,2025-02-19,India,Technology,SMB
C01343,Orbit 1343,2025-02-13,USA,Retail,SMB
C01344,Core 1344,2025-07-29,India,Marketing,Startup
C01345,Nexa 1345,2025-03-10,Germany,Retail,Startup
C01346,Bright 1346,2025-12-31,UK,Marketing,Startup
C01347,Nexa 1347,2025-11-09,Canada,Marketing,SMB
C01348,Orbit 1348,2025-09-13,India,Retail,Mid-Market
C01349,Cloud 1349,2025-09-26,USA,Healthcare,Enterprise
C01350,Orbit 1350,2025-08-06,Netherlands,Technology,Startup
C01351,Nexa 1351,2025-01-23,India,Technology,Mid-Market
C01352,Blue 1352,2025-05-24,USA,Marketing,SMB
C01353,Orbit 1353,2025-06-30,India,Marketing,SMB
C01354,Vertex 1354,2025-12-01,India,Education,Mid-Market
C01355,Blue 1355,2025-03-22,USA,Technology,Enterprise
C01356,Orbit 1356,2025-07-01,India,Technology,SMB
C01357,Cloud 1357,2025-05-06,UK,Retail,SMB
C01358,Pulse 1358,2025-02-19,Singapore,Education,Startup
C01359,Bright 1359,2025-02-07,India,Technology,Startup
C01360,Bright 1360,2025-05-14,India,Technology,Startup
C01361,Core 1361,2025-01-31,Australia,Technology,Startup
C01362,Core 1362,2025-01-25,USA,Consulting,Mid-Market
C01363,Orbit 1363,2025-05-09,Singapore,Consulting,Startup
C01364,Bright 1364,2025-03-15,USA,Education,Mid-Market
C01365,Core 1365,2025-07-22,Germany,Education,Mid-Market
C01366,Vertex 1366,2025-01-07,Singapore,Retail,Mid-Market
C01367,Pulse 1367,2025-04-21,India,Finance,Startup
C01368,Orbit 1368,2025-06-15,Australia,Finance,Startup
C01369,Core 1369,2025-12-18,Germany,Healthcare,SMB
C01370,Apex 1370,2025-08-20,Australia,Media,Startup
C01371,Core 1371,2025-11-18,India,Marketing,SMB
C01372,Nova 1372,2025-05-06,USA,Marketing,SMB
C01373,Pulse 1373,2025-06-14,India,Consulting,SMB
C01374,Nova 1374,2025-06-03,Netherlands,Technology,Startup
C01375,Nexa 1375,2025-11-20,India,Healthcare,Startup
C01376,Vertex 1376,2025-12-17,India,Education,Mid-Market
C01377,Blue 1377,2025-12-18,Singapore,Media,Enterprise
C01378,Pulse 1378,2025-10-02,USA,Technology,SMB
C01379,Vertex 1379,2025-07-03,UK,Healthcare,SMB
C01380,Core 1380,2025-07-17,USA,Retail,SMB
C01381,Cloud 1381,2025-12-24,Germany,Consulting,Startup
C01382,Orbit 1382,2025-04-14,India,Marketing,Mid-Market
C01383,Nova 1383,2025-05-07,USA,Finance,Startup
C01384,Vertex 1384,2025-11-24,UK,Technology,Mid-Market
C01385,Cloud 1385,2025-05-22,USA,Healthcare,Startup
C01386,Orbit 1386,2025-03-27,USA,Finance,Mid-Market
C01387,Orbit 1387,2025-07-24,India,Consulting,Mid-Market
C01388,Core 1388,2025-04-29,Canada,Consulting,Mid-Market
C01389,Vertex 1389,2025-11-22,India,Retail,SMB
C01390,Pulse 1390,2025-11-28,USA,Technology,SMB
C01391,Nova 1391,2025-04-22,USA,Finance,SMB
C01392,Cloud 1392,2025-07-13,USA,Consulting,Mid-Market
C01393,Vertex 1393,2025-12-26,Canada,Technology,SMB
C01394,Vertex 1394,2025-09-28,USA,Technology,SMB
C01395,Orbit 1395,2025-03-20,Singapore,Healthcare,Mid-Market
C01396,Blue 1396,2025-08-04,Germany,Technology,Startup
C01397,Nexa 1397,2025-08-15,Australia,Technology,SMB
C01398,Core 1398,2025-08-27,Canada,Finance,Startup
C01399,Orbit 1399,2025-01-10,India,Retail,Mid-Market
C01400,Nova 1400,2025-04-20,Netherlands,Technology,SMB
C01401,Bright 1401,2025-11-08,Canada,Marketing,Mid-Market
C01402,Core 1402,2025-03-30,UK,Marketing,Startup
C01403,Nova 1403,2025-04-20,India,Marketing,SMB
C01404,Nova 1404,2025-04-28,India,Marketing,Startup
C01405,Core 1405,2025-03-06,Germany,Technology,Mid-Market
C01406,Nova 1406,2025-02-26,USA,Technology,Startup
C01407,Blue 1407,2025-05-07,Germany,Marketing,SMB
C01408,Pulse 1408,2025-11-16,USA,Media,Startup
C01409,Nexa 1409,2025-01-01,UK,Healthcare,Mid-Market
C01410,Orbit 1410,2025-04-14,India,Healthcare,Startup
C01411,Nova 1411,2025-01-23,India,Media,SMB
C01412,Apex 1412,2025-07-24,India,Consulting,Startup
C01413,Core 1413,2025-04-02,Australia,Consulting,SMB
C01414,Blue 1414,2025-10-17,UK,Marketing,Startup
C01415,Apex 1415,2025-08-02,Netherlands,Retail,SMB
C01416,Core 1416,2025-10-14,Canada,Marketing,Startup
C01417,Pulse 1417,2025-08-20,Canada,Education,Enterprise
C01418,Nova 1418,2025-06-10,UK,Consulting,SMB
C01419,Nexa 1419,2025-11-11,Australia,Healthcare,SMB
C01420,Nexa 1420,2025-06-23,Netherlands,Media,Startup
C01421,Orbit 1421,2025-12-13,Canada,Media,Startup
C01422,Pulse 1422,2025-12-30,India,Marketing,Mid-Market
C01423,Core 1423,2025-08-03,Germany,Technology,Mid-Market
C01424,Orbit 1424,2025-09-04,India,Consulting,SMB
C01425,Bright 1425,2025-04-04,India,Finance,Mid-Market
C01426,Blue 1426,2025-10-25,Germany,Marketing,Startup
C01427,Blue 1427,2025-09-03,Australia,Technology,Enterprise
C01428,Nexa 1428,2025-11-26,India,Consulting,SMB
C01429,Nexa 1429,2025-04-08,India,Media,Mid-Market
C01430,Vertex 1430,2025-10-15,Singapore,Technology,Mid-Market
C01431,Apex 1431,2025-06-21,India,Consulting,Startup
C01432,Vertex 1432,2025-03-09,India,Retail,SMB
C01433,Orbit 1433,2025-03-04,Canada,Technology,Enterprise
C01434,Core 1434,2025-07-25,Australia,Finance,Startup
C01435,Cloud 1435,2025-04-27,UK,Healthcare,SMB
C01436,Blue 1436,2025-02-07,UK,Retail,SMB
C01437,Vertex 1437,2025-06-05,USA,Marketing,SMB
C01438,Nova 1438,2025-08-27,India,Technology,SMB
C01439,Blue 1439,2025-04-27,Canada,Finance,Mid-Market
C01440,Vertex 1440,2025-12-15,Australia,Healthcare,Enterprise
C01441,Pulse 1441,2025-10-12,USA,Technology,SMB
C01442,Pulse 1442,2025-07-07,USA,Education,Enterprise
C01443,Bright 1443,2025-12-08,USA,Technology,Startup
C01444,Nova 1444,2025-06-08,India,Consulting,Startup
C01445,Bright 1445,2025-02-20,USA,Consulting,Startup
C01446,Nova 1446,2025-01-14,India,Retail,SMB
C01447,Nexa 1447,2025-12-09,Canada,Technology,SMB
C01448,Core 1448,2025-12-17,USA,Marketing,Startup
C01449,Blue 1449,2025-09-27,Germany,Consulting,SMB
C01450,Core 1450,2025-02-07,UK,Marketing,Mid-Market
C01451,Pulse 1451,2025-04-18,Australia,Technology,SMB
C01452,Core 1452,2025-01-15,Netherlands,Technology,SMB
C01453,Pulse 1453,2025-01-19,USA,Marketing,SMB
C01454,Nexa 1454,2025-03-31,India,Marketing,Enterprise
C01455,Blue 1455,2025-07-28,Canada,Retail,Mid-Market
C01456,Bright 1456,2025-01-24,India,Retail,Enterprise
C01457,Apex 1457,2025-12-26,India,Consulting,Enterprise
C01458,Blue 1458,2025-06-16,India,Media,Mid-Market
C01459,Bright 1459,2025-04-07,Singapore,Education,Startup
C01460,Cloud 1460,2025-07-08,India,Technology,SMB
C01461,Vertex 1461,2025-10-16,UK,Technology,SMB
C01462,Cloud 1462,2025-04-25,USA,Consulting,Startup
C01463,Orbit 1463,2025-01-18,Germany,Finance,SMB
C01464,Core 1464,2025-01-19,USA,Retail,Startup
C01465,Vertex 1465,2025-11-07,Singapore,Technology,SMB
C01466,Nexa 1466,2025-02-10,Canada,Technology,Mid-Market
C01467,Pulse 1467,2025-08-20,USA,Consulting,SMB
C01468,Core 1468,2025-05-21,USA,Retail,Enterprise
C01469,Pulse 1469,2025-10-11,Australia,Retail,Mid-Market
C01470,Vertex 1470,2025-01-23,Canada,Technology,Mid-Market
C01471,Apex 1471,2025-11-24,USA,Healthcare,Startup
C01472,Blue 1472,2025-09-12,USA,Education,Enterprise
C01473,Blue 1473,2025-06-13,India,Retail,Startup
C01474,Nexa 1474,2025-03-17,India,Technology,Mid-Market
C01475,Blue 1475,2025-12-23,India,Marketing,Startup
C01476,Nexa 1476,2025-04-21,India,Technology,Startup
C01477,Nova 1477,2025-06-29,India,Consulting,SMB
C01478,Blue 1478,2025-05-24,Australia,Technology,Mid-Market
C01479,Vertex 1479,2025-03-26,Australia,Media,Mid-Market
C01480,Bright 1480,2025-06-02,Australia,Technology,Mid-Market
C01481,Cloud 1481,2025-02-25,Germany,Education,Mid-Market
C01482,Pulse 1482,2025-01-01,Germany,Consulting,Startup
C01483,Nova 1483,2025-04-16,India,Finance,Enterprise
C01484,Nexa 1484,2025-02-10,Germany,Finance,SMB
C01485,Core 1485,2025-06-01,USA,Marketing,Enterprise
C01486,Pulse 1486,2025-11-11,UK,Education,Mid-Market
C01487,Bright 1487,2025-03-01,Netherlands,Consulting,SMB
C01488,Core 1488,2025-01-01,Singapore,Marketing,SMB
C01489,Bright 1489,2025-02-10,India,Technology,Mid-Market
C01490,Nexa 1490,2025-07-05,Canada,Retail,Enterprise
C01491,Orbit 1491,2025-04-11,India,Technology,Mid-Market
C01492,Nova 1492,2025-06-28,India,Marketing,Mid-Market
C01493,Nova 1493,2025-01-11,India,Retail,Enterprise
C01494,Vertex 1494,2025-05-02,India,Retail,SMB
C01495,Blue 1495,2025-05-30,Germany,Technology,SMB
C01496,Blue 1496,2025-06-07,USA,Technology,SMB
C01497,Apex 1497,2025-07-21,India,Marketing,Startup
C01498,Blue 1498,2025-10-12,Netherlands,Finance,Mid-Market
C01499,Nova 1499,2025-06-20,UK,Consulting,Startup
C01500,Blue 1500,2025-11-04,USA,Marketing,Mid-Market
C01501,Cloud 1501,2025-07-13,UK,Finance,SMB
C01502,Nova 1502,2025-04-06,UK,Healthcare,Mid-Market
C01503,Pulse 1503,2025-03-25,USA,Education,SMB
C01504,Bright 1504,2025-04-28,Germany,Consulting,SMB
C01505,Cloud 1505,2025-08-07,Singapore,Finance,Startup
C01506,Pulse 1506,2025-03-30,USA,Technology,Mid-Market
C01507,Bright 1507,2025-11-30,UK,Finance,SMB
C01508,Pulse 1508,2025-06-25,India,Education,SMB
C01509,Vertex 1509,2025-11-12,Australia,Consulting,Mid-Market
C01510,Nova 1510,2025-09-07,USA,Retail,SMB
C01511,Bright 1511,2025-05-02,USA,Media,Startup
C01512,Nexa 1512,2025-03-25,Netherlands,Marketing,Startup
C01513,Cloud 1513,2025-09-29,UK,Retail,SMB
C01514,Vertex 1514,2025-05-01,India,Finance,Startup
C01515,Pulse 1515,2025-04-01,USA,Marketing,SMB
C01516,Apex 1516,2025-12-06,USA,Marketing,Startup
C01517,Apex 1517,2025-06-26,Netherlands,Consulting,SMB
C01518,Cloud 1518,2025-01-18,USA,Consulting,SMB
C01519,Nova 1519,2025-06-30,India,Finance,SMB
C01520,Nova 1520,2025-06-18,UK,Retail,SMB
C01521,Nexa 1521,2025-11-12,USA,Retail,SMB
C01522,Nova 1522,2025-09-17,India,Media,SMB
C01523,Cloud 1523,2025-03-11,Australia,Healthcare,Enterprise
C01524,Blue 1524,2025-02-24,India,Media,SMB
C01525,Bright 1525,2025-08-09,Singapore,Consulting,Mid-Market
C01526,Pulse 1526,2025-01-18,Australia,Education,SMB
C01527,Bright 1527,2025-04-27,India,Healthcare,SMB
C01528,Blue 1528,2025-02-20,Canada,Retail,Mid-Market
C01529,Core 1529,2025-01-08,Canada,Consulting,Startup
C01530,Apex 1530,2025-12-02,Germany,Marketing,Enterprise
C01531,Nexa 1531,2025-02-02,UK,Media,SMB
C01532,Apex 1532,2025-01-04,India,Finance,Startup
C01533,Blue 1533,2025-12-07,India,Education,SMB
C01534,Bright 1534,2025-03-10,Canada,Finance,Mid-Market
C01535,Core 1535,2025-10-26,India,Healthcare,Startup
C01536,Nexa 1536,2025-01-12,USA,Finance,Startup
C01537,Nexa 1537,2025-02-26,UK,Finance,Enterprise
C01538,Bright 1538,2025-02-10,India,Healthcare,SMB
C01539,Core 1539,2025-09-15,Canada,Technology,Startup
C01540,Pulse 1540,2025-08-15,Australia,Technology,Startup
C01541,Core 1541,2025-06-23,Australia,Consulting,SMB
C01542,Core 1542,2025-03-30,India,Finance,SMB
C01543,Vertex 1543,2025-02-02,USA,Technology,SMB
C01544,Core 1544,2025-07-27,Australia,Technology,Enterprise
C01545,Core 1545,2025-03-26,USA,Technology,Startup
C01546,Cloud 1546,2025-08-04,Germany,Technology,Startup
C01547,Blue 1547,2025-09-08,UK,Media,Startup
C01548,Orbit 1548,2025-11-07,USA,Marketing,SMB
C01549,Bright 1549,2025-06-30,USA,Healthcare,Startup
C01550,Cloud 1550,2025-01-02,Germany,Marketing,SMB
C01551,Bright 1551,2025-04-13,India,Technology,Mid-Market
C01552,Nova 1552,2025-11-08,Australia,Education,Startup
C01553,Nexa 1553,2025-07-14,UK,Media,Enterprise
C01554,Pulse 1554,2025-08-14,India,Technology,Enterprise
C01555,Nexa 1555,2025-06-17,Canada,Technology,SMB
C01556,Orbit 1556,2025-03-01,USA,Education,Mid-Market
C01557,Bright 1557,2025-11-24,India,Technology,Mid-Market
C01558,Pulse 1558,2025-10-10,Netherlands,Technology,SMB
C01559,Core 1559,2025-12-30,Canada,Education,SMB
C01560,Nova 1560,2025-11-09,UK,Marketing,Startup
C01561,Bright 1561,2025-04-17,Australia,Technology,SMB
C01562,Blue 1562,2025-04-03,UK,Consulting,Mid-Market
C01563,Core 1563,2025-04-01,USA,Technology,SMB
C01564,Blue 1564,2025-12-02,India,Finance,SMB
C01565,Vertex 1565,2025-07-23,India,Consulting,Mid-Market
C01566,Apex 1566,2025-06-15,USA,Marketing,Enterprise
C01567,Vertex 1567,2025-12-20,USA,Marketing,Startup
C01568,Core 1568,2025-08-09,Canada,Education,SMB
C01569,Orbit 1569,2025-11-28,USA,Education,Startup
C01570,Cloud 1570,2025-12-26,UK,Retail,Enterprise
C01571,Nova 1571,2025-01-29,Australia,Marketing,SMB
C01572,Pulse 1572,2025-05-12,Netherlands,Healthcare,Startup
C01573,Core 1573,2025-09-25,USA,Consulting,SMB
C01574,Core 1574,2025-10-24,Singapore,Finance,SMB
C01575,Blue 1575,2025-02-24,Australia,Consulting,Startup
C01576,Core 1576,2025-04-27,India,Finance,Mid-Market
C01577,Pulse 1577,2025-07-20,USA,Marketing,Mid-Market
C01578,Core 1578,2025-10-19,India,Consulting,Startup
C01579,Blue 1579,2025-02-11,Germany,Education,Enterprise
C01580,Apex 1580,2025-08-08,UK,Technology,Startup
C01581,Pulse 1581,2025-04-19,UK,Healthcare,Startup
C01582,Core 1582,2025-03-20,Canada,Consulting,SMB
C01583,Vertex 1583,2025-07-08,USA,Media,Startup
C01584,Nexa 1584,2025-06-01,USA,Healthcare,SMB
C01585,Bright 1585,2025-08-21,Australia,Technology,SMB
C01586,Vertex 1586,2025-04-26,Netherlands,Finance,Startup
C01587,Vertex 1587,2025-10-28,Canada,Marketing,Enterprise
C01588,Vertex 1588,2025-01-29,India,Technology,SMB
C01589,Core 1589,2025-11-11,India,Retail,SMB
C01590,Pulse 1590,2025-01-11,India,Marketing,Startup
C01591,Vertex 1591,2025-09-26,USA,Healthcare,Mid-Market
C01592,Nexa 1592,2025-05-07,India,Healthcare,Startup
C01593,Nexa 1593,2025-05-20,Singapore,Technology,Startup
C01594,Orbit 1594,2025-01-07,Germany,Marketing,Mid-Market
C01595,Nexa 1595,2025-09-14,USA,Healthcare,Startup
C01596,Blue 1596,2025-03-02,USA,Finance,Mid-Market
C01597,Orbit 1597,2025-08-29,USA,Education,SMB
C01598,Nexa 1598,2025-09-22,USA,Healthcare,Mid-Market
C01599,Orbit 1599,2025-11-05,Canada,Marketing,Startup
C01600,Bright 1600,2025-09-16,India,Retail,Enterprise
C01601,Core 1601,2025-04-21,Australia,Finance,Startup
C01602,Apex 1602,2025-09-27,India,Healthcare,Startup
C01603,Pulse 1603,2025-10-29,USA,Retail,Mid-Market
C01604,Nexa 1604,2025-04-26,Netherlands,Finance,Startup
C01605,Nexa 1605,2025-02-15,India,Healthcare,SMB
C01606,Pulse 1606,2025-11-21,India,Consulting,SMB
C01607,Pulse 1607,2025-02-23,Germany,Marketing,Startup
C01608,Orbit 1608,2025-08-05,USA,Media,Startup
C01609,Nexa 1609,2025-03-28,India,Healthcare,SMB
C01610,Orbit 1610,2025-02-15,India,Healthcare,SMB
C01611,Bright 1611,2025-10-11,India,Technology,SMB
C01612,Pulse 1612,2025-02-22,UK,Technology,Mid-Market
C01613,Core 1613,2025-09-02,India,Marketing,SMB
C01614,Pulse 1614,2025-09-10,Canada,Technology,SMB
C01615,Pulse 1615,2025-01-22,Australia,Healthcare,Startup
C01616,Core 1616,2025-03-05,India,Finance,SMB
C01617,Bright 1617,2025-10-17,USA,Technology,Startup
C01618,Nova 1618,2025-07-05,India,Healthcare,SMB
C01619,Bright 1619,2025-02-14,USA,Education,Startup
C01620,Pulse 1620,2025-12-28,India,Finance,Mid-Market
C01621,Core 1621,2025-04-07,Canada,Consulting,Startup
C01622,Orbit 1622,2025-01-02,USA,Technology,Startup
C01623,Pulse 1623,2025-12-04,UK,Technology,Startup
C01624,Nova 1624,2025-01-07,Germany,Media,SMB
C01625,Nexa 1625,2025-07-21,Australia,Retail,Mid-Market
C01626,Nexa 1626,2025-12-29,USA,Healthcare,Mid-Market
C01627,Orbit 1627,2025-07-30,India,Healthcare,Enterprise
C01628,Pulse 1628,2025-08-02,Netherlands,Retail,SMB
C01629,Apex 1629,2025-05-22,USA,Marketing,Startup
C01630,Orbit 1630,2025-02-16,Germany,Technology,Mid-Market
C01631,Nexa 1631,2025-07-29,Germany,Technology,Mid-Market
C01632,Pulse 1632,2025-11-24,UK,Technology,Startup
C01633,Cloud 1633,2025-02-03,India,Consulting,Startup
C01634,Bright 1634,2025-11-18,India,Marketing,SMB
C01635,Apex 1635,2025-06-01,UK,Finance,SMB
C01636,Cloud 1636,2025-07-15,UK,Technology,SMB
C01637,Bright 1637,2025-03-02,Canada,Technology,Startup
C01638,Bright 1638,2025-08-15,Canada,Consulting,Enterprise
C01639,Bright 1639,2025-03-08,Singapore,Retail,SMB
C01640,Apex 1640,2025-04-10,Netherlands,Marketing,Mid-Market
C01641,Orbit 1641,2025-09-21,Canada,Consulting,Startup
C01642,Nexa 1642,2025-01-19,India,Finance,SMB
C01643,Bright 1643,2025-06-13,USA,Marketing,Mid-Market
C01644,Core 1644,2025-08-06,Germany,Healthcare,Startup
C01645,Apex 1645,2025-02-18,UK,Technology,SMB
C01646,Pulse 1646,2025-04-18,India,Marketing,Startup
C01647,Vertex 1647,2025-05-06,UK,Retail,SMB
C01648,Vertex 1648,2025-08-31,USA,Technology,Mid-Market
C01649,Apex 1649,2025-12-23,USA,Healthcare,Mid-Market
C01650,Bright 1650,2025-11-02,Australia,Retail,Mid-Market
C01651,Apex 1651,2025-03-11,USA,Consulting,Startup
C01652,Vertex 1652,2025-01-07,UK,Marketing,Mid-Market
C01653,Apex 1653,2025-01-19,UK,Technology,SMB
C01654,Nexa 1654,2025-08-06,UK,Retail,Startup
C01655,Pulse 1655,2025-02-27,India,Technology,Mid-Market
C01656,Cloud 1656,2025-03-26,UK,Finance,Startup
C01657,Bright 1657,2025-11-06,USA,Technology,Startup
C01658,Orbit 1658,2025-11-15,Germany,Healthcare,Mid-Market
C01659,Orbit 1659,2025-11-03,India,Education,Startup
C01660,Pulse 1660,2025-04-03,Netherlands,Consulting,Startup
C01661,Bright 1661,2025-08-15,Canada,Healthcare,Startup
C01662,Nexa 1662,2025-08-11,USA,Media,Mid-Market
C01663,Core 1663,2025-03-09,USA,Marketing,Startup
C01664,Cloud 1664,2025-07-22,USA,Marketing,SMB
C01665,Core 1665,2025-07-11,Canada,Technology,Startup
C01666,Bright 1666,2025-05-25,Germany,Technology,SMB
C01667,Bright 1667,2025-10-02,Canada,Marketing,Startup
C01668,Nexa 1668,2025-09-05,Singapore,Consulting,Mid-Market
C01669,Nexa 1669,2025-07-14,USA,Technology,Mid-Market
C01670,Orbit 1670,2025-09-22,Germany,Marketing,Mid-Market
C01671,Cloud 1671,2025-10-06,USA,Finance,Mid-Market
C01672,Nova 1672,2025-07-26,Germany,Healthcare,SMB
C01673,Blue 1673,2025-04-08,USA,Technology,Startup
C01674,Core 1674,2025-10-04,Canada,Technology,SMB
C01675,Core 1675,2025-09-19,India,Finance,SMB
C01676,Orbit 1676,2025-12-25,India,Retail,SMB
C01677,Core 1677,2025-02-24,USA,Consulting,Startup
C01678,Apex 1678,2025-06-03,Netherlands,Technology,Mid-Market
C01679,Nova 1679,2025-12-04,UK,Technology,Startup
C01680,Vertex 1680,2025-07-07,USA,Marketing,SMB
C01681,Cloud 1681,2025-12-11,USA,Finance,Enterprise
C01682,Bright 1682,2025-01-05,USA,Consulting,Startup
C01683,Blue 1683,2025-01-13,Australia,Marketing,Startup
C01684,Bright 1684,2025-10-18,Netherlands,Retail,Startup
C01685,Nexa 1685,2025-05-11,Australia,Technology,SMB
C01686,Cloud 1686,2025-07-09,Australia,Media,SMB
C01687,Nexa 1687,2025-06-06,India,Consulting,Enterprise
C01688,Orbit 1688,2025-05-29,USA,Consulting,Mid-Market
C01689,Vertex 1689,2025-12-09,UK,Media,Mid-Market
C01690,Apex 1690,2025-02-04,Germany,Healthcare,Mid-Market
C01691,Vertex 1691,2025-10-09,India,Technology,Startup
C01692,Core 1692,2025-11-21,Canada,Marketing,Enterprise
C01693,Pulse 1693,2025-08-28,India,Consulting,SMB
C01694,Blue 1694,2025-05-25,USA,Retail,Startup
C01695,Core 1695,2025-02-28,USA,Marketing,Enterprise
C01696,Cloud 1696,2025-09-07,Australia,Consulting,SMB
C01697,Pulse 1697,2025-06-21,Canada,Finance,Startup
C01698,Vertex 1698,2025-02-24,UK,Technology,Mid-Market
C01699,Blue 1699,2025-05-12,Australia,Marketing,Startup
C01700,Pulse 1700,2025-12-17,Australia,Healthcare,Startup
C01701,Nexa 1701,2025-04-07,USA,Technology,Startup
C01702,Blue 1702,2025-03-07,Canada,Consulting,SMB
C01703,Core 1703,2025-09-06,India,Marketing,Startup
C01704,Core 1704,2025-03-14,UK,Marketing,Startup
C01705,Vertex 1705,2025-12-02,India,Technology,SMB
C01706,Nova 1706,2025-11-10,USA,Finance,Startup
C01707,Blue 1707,2025-12-25,UK,Education,SMB
C01708,Cloud 1708,2025-11-30,India,Retail,SMB
C01709,Apex 1709,2025-03-30,USA,Technology,Startup
C01710,Nova 1710,2025-03-19,Germany,Consulting,Startup
C01711,Nexa 1711,2025-05-06,Germany,Consulting,Startup
C01712,Core 1712,2025-06-21,India,Consulting,SMB
C01713,Core 1713,2025-11-18,India,Marketing,Mid-Market
C01714,Orbit 1714,2025-09-25,USA,Finance,Startup
C01715,Nexa 1715,2025-08-24,Australia,Consulting,Startup
C01716,Orbit 1716,2025-11-17,Australia,Healthcare,Startup
C01717,Apex 1717,2025-08-24,USA,Technology,SMB
C01718,Orbit 1718,2025-05-19,Canada,Healthcare,SMB
C01719,Blue 1719,2025-05-31,UK,Healthcare,Mid-Market
C01720,Cloud 1720,2025-07-08,Netherlands,Marketing,Mid-Market
C01721,Apex 1721,2025-02-02,India,Retail,Startup
C01722,Nexa 1722,2025-09-28,UK,Healthcare,SMB
C01723,Orbit 1723,2025-08-27,UK,Finance,Enterprise
C01724,Nova 1724,2025-09-24,USA,Media,Startup
C01725,Cloud 1725,2025-07-14,India,Finance,SMB
C01726,Nexa 1726,2025-10-13,India,Technology,SMB
C01727,Nexa 1727,2025-12-13,USA,Retail,Startup
C01728,Pulse 1728,2025-07-28,Germany,Media,Mid-Market
C01729,Blue 1729,2025-06-12,Canada,Education,Startup
C01730,Nexa 1730,2025-02-08,India,Healthcare,Startup
C01731,Orbit 1731,2025-10-12,Australia,Marketing,SMB
C01732,Bright 1732,2025-11-26,USA,Retail,Enterprise
C01733,Bright 1733,2025-09-13,Netherlands,Retail,Startup
C01734,Core 1734,2025-11-12,India,Technology,SMB
C01735,Apex 1735,2025-11-11,Australia,Retail,Startup
C01736,Pulse 1736,2025-10-19,Singapore,Marketing,SMB
C01737,Vertex 1737,2025-07-03,Australia,Technology,SMB
C01738,Vertex 1738,2025-02-06,Australia,Technology,SMB
C01739,Cloud 1739,2025-01-02,USA,Technology,Enterprise
C01740,Vertex 1740,2025-03-16,Canada,Media,Mid-Market
C01741,Nexa 1741,2025-06-07,UK,Healthcare,Startup
C01742,Nexa 1742,2025-09-29,USA,Consulting,Enterprise
C01743,Orbit 1743,2025-06-16,Netherlands,Technology,Startup
C01744,Cloud 1744,2025-01-09,USA,Consulting,Mid-Market
C01745,Orbit 1745,2025-03-18,USA,Marketing,Mid-Market
C01746,Vertex 1746,2025-12-24,Singapore,Retail,Mid-Market
C01747,Apex 1747,2025-12-27,USA,Marketing,SMB
C01748,Vertex 1748,2025-05-18,India,Consulting,Mid-Market
C01749,Nova 1749,2025-10-21,USA,Education,SMB
C01750,Vertex 1750,2025-09-20,Canada,Marketing,SMB
C01751,Vertex 1751,2025-12-06,Australia,Media,Enterprise
C01752,Apex 1752,2025-11-20,India,Marketing,Startup
C01753,Orbit 1753,2025-08-18,Germany,Retail,Startup
C01754,Nexa 1754,2025-05-25,UK,Technology,SMB
C01755,Apex 1755,2025-08-17,Germany,Education,Startup
C01756,Vertex 1756,2025-04-27,Germany,Retail,Mid-Market
C01757,Nova 1757,2025-05-08,Netherlands,Retail,SMB
C01758,Pulse 1758,2025-08-11,USA,Marketing,SMB
C01759,Blue 1759,2025-07-28,USA,Healthcare,Mid-Market
C01760,Cloud 1760,2025-08-01,UK,Consulting,Mid-Market
C01761,Cloud 1761,2025-05-21,USA,Finance,Mid-Market
C01762,Bright 1762,2025-05-30,USA,Media,Startup
C01763,Cloud 1763,2025-01-04,India,Finance,SMB
C01764,Cloud 1764,2025-08-08,India,Technology,Mid-Market
C01765,Apex 1765,2025-07-30,Singapore,Consulting,Enterprise
C01766,Pulse 1766,2025-12-08,India,Healthcare,SMB
C01767,Pulse 1767,2025-07-04,UK,Finance,SMB
C01768,Blue 1768,2025-06-20,Canada,Finance,SMB
C01769,Bright 1769,2025-01-25,India,Media,SMB
C01770,Apex 1770,2025-03-13,India,Marketing,SMB
C01771,Bright 1771,2025-05-04,USA,Media,Startup
C01772,Nova 1772,2025-05-18,UK,Finance,Startup
C01773,Bright 1773,2025-05-13,USA,Healthcare,SMB
C01774,Cloud 1774,2025-05-24,Germany,Technology,SMB
C01775,Apex 1775,2025-10-08,India,Healthcare,Startup
C01776,Vertex 1776,2025-02-17,India,Technology,Mid-Market
C01777,Pulse 1777,2025-05-02,India,Technology,Startup
C01778,Core 1778,2025-03-01,USA,Healthcare,Mid-Market
C01779,Blue 1779,2025-04-23,USA,Consulting,Mid-Market
C01780,Nova 1780,2025-09-07,Netherlands,Healthcare,Mid-Market
C01781,Vertex 1781,2025-01-18,India,Marketing,Mid-Market
C01782,Blue 1782,2025-05-04,UK,Healthcare,Mid-Market
C01783,Core 1783,2025-01-09,UK,Marketing,SMB
C01784,Orbit 1784,2025-12-15,Germany,Consulting,SMB
C01785,Bright 1785,2025-09-23,Germany,Consulting,Mid-Market
C01786,Orbit 1786,2025-03-30,India,Retail,SMB
C01787,Orbit 1787,2025-03-14,Germany,Technology,Mid-Market
C01788,Core 1788,2025-02-06,USA,Healthcare,Startup
C01789,Orbit 1789,2025-06-22,Canada,Retail,SMB
C01790,Nova 1790,2025-10-03,India,Media,Startup
C01791,Nexa 1791,2025-08-02,Canada,Marketing,Mid-Market
C01792,Pulse 1792,2025-11-18,Germany,Marketing,SMB
C01793,Cloud 1793,2025-05-06,Germany,Consulting,Startup
C01794,Vertex 1794,2025-04-12,India,Media,SMB
C01795,Vertex 1795,2025-06-24,Germany,Healthcare,Mid-Market
C01796,Core 1796,2025-03-15,Canada,Technology,Enterprise
C01797,Apex 1797,2025-12-23,UK,Retail,Startup
C01798,Orbit 1798,2025-03-09,USA,Consulting,Startup
C01799,Blue 1799,2025-06-24,India,Technology,Mid-Market
C01800,Nova 1800,2025-07-10,USA,Finance,SMB
C01801,Cloud 1801,2025-01-21,Canada,Marketing,SMB
C01802,Core 1802,2025-06-20,USA,Consulting,SMB
C01803,Orbit 1803,2025-06-15,Canada,Consulting,Mid-Market
C01804,Nova 1804,2025-04-05,Canada,Technology,Startup
C01805,Pulse 1805,2025-02-16,Germany,Technology,SMB
C01806,Vertex 1806,2025-01-17,Germany,Consulting,Startup
C01807,Pulse 1807,2025-01-04,Germany,Technology,Enterprise
C01808,Pulse 1808,2025-06-25,UK,Marketing,Mid-Market
C01809,Core 1809,2025-02-02,India,Marketing,SMB
C01810,Apex 1810,2025-12-17,Australia,Finance,Enterprise
C01811,Cloud 1811,2025-03-31,Netherlands,Consulting,Startup
C01812,Core 1812,2025-08-27,USA,Technology,Mid-Market
C01813,Orbit 1813,2025-09-03,Singapore,Consulting,Mid-Market
C01814,Nexa 1814,2025-06-30,Netherlands,Education,Mid-Market
C01815,Vertex 1815,2025-11-19,UK,Marketing,Mid-Market
C01816,Nexa 1816,2025-02-10,Canada,Retail,Startup
C01817,Orbit 1817,2025-03-27,Germany,Technology,Startup
C01818,Cloud 1818,2025-04-03,India,Consulting,Startup
C01819,Pulse 1819,2025-02-19,India,Technology,Mid-Market
C01820,Vertex 1820,2025-04-18,USA,Media,SMB
C01821,Pulse 1821,2025-04-25,Canada,Technology,SMB
C01822,Blue 1822,2025-10-07,USA,Marketing,Startup
C01823,Orbit 1823,2025-04-21,Canada,Technology,SMB
C01824,Vertex 1824,2025-11-16,Germany,Healthcare,SMB
C01825,Orbit 1825,2025-10-10,Germany,Technology,SMB
C01826,Orbit 1826,2025-11-26,USA,Technology,SMB
C01827,Orbit 1827,2025-02-08,USA,Technology,Startup
C01828,Cloud 1828,2025-12-26,India,Technology,Startup
C01829,Nexa 1829,2025-08-13,USA,Consulting,Enterprise
C01830,Cloud 1830,2025-12-25,India,Healthcare,SMB
C01831,Orbit 1831,2025-05-10,India,Technology,SMB
C01832,Orbit 1832,2025-12-14,India,Media,Enterprise
C01833,Nexa 1833,2025-08-03,UK,Education,SMB
C01834,Pulse 1834,2025-01-27,USA,Finance,SMB
C01835,Core 1835,2025-05-30,USA,Healthcare,SMB
C01836,Pulse 1836,2025-02-20,Australia,Marketing,Startup
C01837,Pulse 1837,2025-12-10,UK,Marketing,SMB
C01838,Core 1838,2025-04-22,Singapore,Retail,Mid-Market
C01839,Cloud 1839,2025-03-23,Germany,Marketing,SMB
C01840,Cloud 1840,2025-07-21,India,Media,Startup
C01841,Orbit 1841,2025-06-05,Singapore,Consulting,Mid-Market
C01842,Apex 1842,2025-02-05,Australia,Media,Startup
C01843,Pulse 1843,2025-10-26,Germany,Marketing,SMB
C01844,Nova 1844,2025-11-05,UK,Education,Mid-Market
C01845,Vertex 1845,2025-09-29,USA,Consulting,SMB
C01846,Pulse 1846,2025-08-14,UK,Consulting,Startup
C01847,Core 1847,2025-05-27,Canada,Technology,SMB
C01848,Bright 1848,2025-07-17,UK,Technology,Mid-Market
C01849,Bright 1849,2025-07-10,India,Technology,Mid-Market
C01850,Orbit 1850,2025-03-02,India,Finance,Mid-Market
C01851,Apex 1851,2025-01-30,India,Retail,Startup
C01852,Vertex 1852,2025-04-03,USA,Consulting,Startup
C01853,Orbit 1853,2025-06-15,USA,Technology,SMB
C01854,Core 1854,2025-02-28,Singapore,Healthcare,Mid-Market
C01855,Pulse 1855,2025-02-08,India,Finance,Startup
C01856,Core 1856,2025-11-07,USA,Consulting,Startup
C01857,Nexa 1857,2025-05-17,India,Retail,Startup
C01858,Core 1858,2025-08-02,UK,Technology,SMB
C01859,Cloud 1859,2025-07-11,Germany,Healthcare,Mid-Market
C01860,Nova 1860,2025-09-26,UK,Media,Enterprise
C01861,Vertex 1861,2025-09-28,Netherlands,Education,Startup
C01862,Blue 1862,2025-04-19,Netherlands,Retail,SMB
C01863,Nexa 1863,2025-11-06,Australia,Finance,SMB
C01864,Cloud 1864,2025-05-16,Australia,Technology,SMB
C01865,Core 1865,2025-11-01,USA,Education,Startup
C01866,Bright 1866,2025-05-28,UK,Technology,Startup
C01867,Orbit 1867,2025-02-10,USA,Retail,Startup
C01868,Cloud 1868,2025-10-05,Canada,Consulting,Mid-Market
C01869,Nova 1869,2025-01-12,India,Finance,SMB
C01870,Cloud 1870,2025-10-09,India,Marketing,SMB
C01871,Cloud 1871,2025-01-16,India,Consulting,SMB
C01872,Orbit 1872,2025-03-17,Germany,Media,SMB
C01873,Nova 1873,2025-08-09,Germany,Finance,Startup
C01874,Cloud 1874,2025-12-10,India,Consulting,Startup
C01875,Orbit 1875,2025-05-30,UK,Technology,Startup
C01876,Bright 1876,2025-02-14,USA,Retail,Startup
C01877,Nexa 1877,2025-03-27,Australia,Education,Enterprise
C01878,Nexa 1878,2025-11-24,India,Technology,Enterprise
C01879,Blue 1879,2025-09-23,India,Consulting,Mid-Market
C01880,Core 1880,2025-02-06,Germany,Consulting,SMB
C01881,Cloud 1881,2025-05-21,UK,Consulting,Mid-Market
C01882,Nexa 1882,2025-04-07,Australia,Finance,SMB
C01883,Nexa 1883,2025-03-06,UK,Consulting,SMB
C01884,Orbit 1884,2025-11-05,Netherlands,Consulting,Startup
C01885,Pulse 1885,2025-08-14,USA,Finance,Enterprise
C01886,Vertex 1886,2025-03-07,USA,Technology,Mid-Market
C01887,Bright 1887,2025-08-26,Netherlands,Retail,Startup
C01888,Core 1888,2025-05-31,India,Education,SMB
C01889,Core 1889,2025-01-23,Australia,Healthcare,Mid-Market
C01890,Nova 1890,2025-06-14,India,Retail,Enterprise
C01891,Apex 1891,2025-03-09,UK,Technology,SMB
C01892,Cloud 1892,2025-03-31,India,Consulting,SMB
C01893,Vertex 1893,2025-11-17,UK,Marketing,SMB
C01894,Nova 1894,2025-09-17,Australia,Technology,SMB
C01895,Orbit 1895,2025-02-18,India,Media,Startup
C01896,Nexa 1896,2025-11-07,India,Consulting,Startup
C01897,Orbit 1897,2025-07-29,USA,Technology,SMB
C01898,Bright 1898,2025-11-16,USA,Retail,SMB
C01899,Pulse 1899,2025-09-30,USA,Media,Mid-Market
C01900,Nexa 1900,2025-05-04,Netherlands,Consulting,SMB
C01901,Blue 1901,2025-07-15,India,Technology,SMB
C01902,Bright 1902,2025-07-13,USA,Technology,SMB
C01903,Cloud 1903,2025-09-20,USA,Consulting,Mid-Market
C01904,Apex 1904,2025-04-01,USA,Retail,SMB
C01905,Orbit 1905,2025-05-02,USA,Technology,SMB
C01906,Apex 1906,2025-03-31,Canada,Healthcare,Startup
C01907,Core 1907,2025-04-19,Germany,Technology,Startup
C01908,Nova 1908,2025-02-28,Australia,Healthcare,Enterprise
C01909,Orbit 1909,2025-01-14,USA,Education,Startup
C01910,Apex 1910,2025-12-10,Germany,Technology,SMB
C01911,Cloud 1911,2025-01-28,Singapore,Education,Startup
C01912,Nexa 1912,2025-11-21,Australia,Education,SMB
C01913,Core 1913,2025-01-02,Singapore,Healthcare,Mid-Market
C01914,Orbit 1914,2025-10-11,USA,Retail,Mid-Market
C01915,Nova 1915,2025-04-30,Netherlands,Technology,Mid-Market
C01916,Nova 1916,2025-07-08,Australia,Technology,Startup
C01917,Apex 1917,2025-04-14,Australia,Marketing,SMB
C01918,Nexa 1918,2025-06-29,Germany,Marketing,Enterprise
C01919,Bright 1919,2025-06-14,Netherlands,Finance,SMB
C01920,Bright 1920,2025-07-13,USA,Media,Mid-Market
C01921,Core 1921,2025-05-24,Canada,Finance,SMB
C01922,Nova 1922,2025-07-15,Germany,Finance,Startup
C01923,Nova 1923,2025-10-29,Canada,Consulting,Enterprise
C01924,Vertex 1924,2025-06-08,Canada,Retail,SMB
C01925,Blue 1925,2025-05-12,India,Marketing,SMB
C01926,Apex 1926,2025-02-18,USA,Technology,Startup
C01927,Vertex 1927,2025-05-12,USA,Finance,SMB
C01928,Bright 1928,2025-02-15,Canada,Technology,SMB
C01929,Blue 1929,2025-03-08,Canada,Marketing,Startup
C01930,Nexa 1930,2025-12-14,Australia,Education,Enterprise
C01931,Cloud 1931,2025-02-02,Canada,Healthcare,Startup
C01932,Cloud 1932,2025-06-25,UK,Marketing,SMB
C01933,Nova 1933,2025-11-01,India,Consulting,Startup
C01934,Pulse 1934,2025-12-14,Germany,Finance,Mid-Market
C01935,Vertex 1935,2025-02-23,Singapore,Technology,SMB
C01936,Cloud 1936,2025-03-01,Germany,Consulting,SMB
C01937,Bright 1937,2025-05-16,Singapore,Technology,Mid-Market
C01938,Nexa 1938,2025-07-22,Netherlands,Technology,Mid-Market
C01939,Nexa 1939,2025-12-17,USA,Technology,Enterprise
C01940,Pulse 1940,2025-03-17,Canada,Marketing,Mid-Market
C01941,Cloud 1941,2025-03-02,UK,Marketing,SMB
C01942,Bright 1942,2025-04-03,USA,Marketing,Mid-Market
C01943,Bright 1943,2025-11-16,India,Healthcare,Startup
C01944,Nova 1944,2025-01-11,USA,Marketing,Startup
C01945,Pulse 1945,2025-05-19,India,Technology,SMB
C01946,Orbit 1946,2025-02-13,Germany,Consulting,SMB
C01947,Apex 1947,2025-02-27,India,Media,SMB
C01948,Blue 1948,2025-12-01,USA,Marketing,SMB
C01949,Vertex 1949,2025-01-01,UK,Healthcare,SMB
C01950,Blue 1950,2025-04-28,USA,Consulting,Enterprise
C01951,Nexa 1951,2025-12-01,Australia,Technology,Startup
C01952,Cloud 1952,2025-08-10,USA,Finance,SMB
C01953,Nexa 1953,2025-01-27,India,Media,Startup
C01954,Pulse 1954,2025-06-19,Netherlands,Technology,Startup
C01955,Bright 1955,2025-12-21,Australia,Technology,Enterprise
C01956,Bright 1956,2025-05-27,Germany,Marketing,Startup
C01957,Core 1957,2025-07-12,Canada,Marketing,Startup
C01958,Vertex 1958,2025-07-14,India,Marketing,SMB
C01959,Nova 1959,2025-08-30,Canada,Technology,Startup
C01960,Nexa 1960,2025-03-10,India,Consulting,SMB
C01961,Blue 1961,2025-11-03,UK,Finance,Enterprise
C01962,Orbit 1962,2025-12-27,India,Media,Mid-Market
C01963,Vertex 1963,2025-02-22,Canada,Technology,SMB
C01964,Orbit 1964,2025-10-26,USA,Technology,Mid-Market
C01965,Cloud 1965,2025-10-26,USA,Marketing,Mid-Market
C01966,Core 1966,2025-09-28,India,Technology,Startup
C01967,Nexa 1967,2025-05-16,Canada,Education,Mid-Market
C01968,Bright 1968,2025-06-21,USA,Technology,SMB
C01969,Nexa 1969,2025-11-03,UK,Healthcare,Mid-Market
C01970,Nexa 1970,2025-02-25,USA,Technology,Startup
C01971,Nexa 1971,2025-10-30,Canada,Healthcare,Mid-Market
C01972,Bright 1972,2025-12-03,India,Technology,Mid-Market
C01973,Orbit 1973,2025-09-06,Netherlands,Finance,Mid-Market
C01974,Nova 1974,2025-05-05,USA,Technology,Startup
C01975,Apex 1975,2025-07-24,India,Consulting,Startup
C01976,Bright 1976,2025-01-19,USA,Consulting,Mid-Market
C01977,Orbit 1977,2025-12-07,India,Technology,SMB
C01978,Blue 1978,2025-05-05,USA,Technology,Enterprise
C01979,Blue 1979,2025-01-21,USA,Technology,SMB
C01980,Apex 1980,2025-10-17,Singapore,Technology,Startup
C01981,Nexa 1981,2025-08-29,UK,Marketing,Mid-Market
C01982,Vertex 1982,2025-08-16,India,Healthcare,Mid-Market
C01983,Apex 1983,2025-01-20,USA,Media,SMB
C01984,Nexa 1984,2025-10-02,India,Consulting,Mid-Market
C01985,Nexa 1985,2025-08-21,India,Technology,SMB
C01986,Blue 1986,2025-10-17,USA,Technology,Startup
C01987,Apex 1987,2025-10-29,India,Technology,Startup
C01988,Blue 1988,2025-03-19,India,Technology,Startup
C01989,Blue 1989,2025-03-18,Singapore,Marketing,SMB
C01990,Orbit 1990,2025-12-04,Germany,Technology,Startup
C01991,Nova 1991,2025-07-13,Singapore,Technology,Mid-Market
C01992,Bright 1992,2025-06-09,USA,Technology,Startup
C01993,Pulse 1993,2025-04-15,Australia,Education,Mid-Market
C01994,Orbit 1994,2025-08-22,USA,Technology,SMB
C01995,Blue 1995,2025-10-03,India,Media,Startup
C01996,Core 1996,2025-01-01,Australia,Healthcare,SMB
C01997,Nova 1997,2025-07-21,India,Finance,Enterprise
C01998,Core 1998,2025-12-29,USA,Healthcare,Enterprise
C01999,Bright 1999,2025-04-13,Australia,Marketing,Startup
C02000,Core 2000,2025-04-13,Germany,Healthcare,SMB
C02001,Orbit 2001,2025-11-17,UK,Marketing,Startup
C02002,Apex 2002,2025-01-23,USA,Finance,SMB
C02003,Nova 2003,2025-05-26,India,Finance,SMB
C02004,Vertex 2004,2025-06-17,Netherlands,Technology,Enterprise
C02005,Orbit 2005,2025-10-19,India,Education,SMB
C02006,Orbit 2006,2025-02-17,USA,Marketing,Startup
C02007,Orbit 2007,2025-06-08,India,Education,Enterprise
C02008,Vertex 2008,2025-02-25,Singapore,Media,Mid-Market
C02009,Orbit 2009,2025-10-15,Canada,Healthcare,Startup
C02010,Nova 2010,2025-08-19,USA,Retail,Mid-Market
C02011,Vertex 2011,2025-07-01,Netherlands,Healthcare,SMB
C02012,Apex 2012,2025-05-24,India,Healthcare,SMB
C02013,Nexa 2013,2025-02-25,Singapore,Education,Startup
C02014,Nexa 2014,2025-12-03,India,Technology,Startup
C02015,Blue 2015,2025-08-25,USA,Technology,Startup
C02016,Core 2016,2025-04-27,India,Marketing,Mid-Market
C02017,Bright 2017,2025-06-01,Netherlands,Technology,Startup
C02018,Pulse 2018,2025-09-23,Singapore,Technology,SMB
C02019,Nova 2019,2025-09-20,UK,Consulting,Enterprise
C02020,Core 2020,2025-06-18,India,Healthcare,Enterprise
C02021,Bright 2021,2025-04-21,USA,Technology,Mid-Market
C02022,Pulse 2022,2025-08-29,USA,Technology,Mid-Market
C02023,Blue 2023,2025-08-29,USA,Retail,Enterprise
C02024,Pulse 2024,2025-08-07,India,Media,Mid-Market
C02025,Blue 2025,2025-01-27,Germany,Education,SMB
C02026,Nova 2026,2025-06-22,Germany,Technology,Startup
C02027,Vertex 2027,2025-08-13,Singapore,Finance,Startup
C02028,Nexa 2028,2025-12-13,USA,Finance,SMB
C02029,Orbit 2029,2025-07-11,USA,Consulting,Startup
C02030,Vertex 2030,2025-05-06,UK,Marketing,SMB
C02031,Pulse 2031,2025-07-22,India,Consulting,Startup
C02032,Nova 2032,2025-03-06,Germany,Finance,SMB
C02033,Blue 2033,2025-02-03,Canada,Retail,SMB
C02034,Vertex 2034,2025-09-05,India,Healthcare,Startup
C02035,Apex 2035,2025-12-26,USA,Healthcare,SMB
C02036,Core 2036,2025-11-05,Australia,Marketing,Startup
C02037,Orbit 2037,2025-08-02,UK,Marketing,SMB
C02038,Pulse 2038,2025-01-15,UK,Retail,Startup
C02039,Pulse 2039,2025-12-27,Canada,Healthcare,Mid-Market
C02040,Blue 2040,2025-06-14,UK,Media,Mid-Market
C02041,Apex 2041,2025-04-16,India,Healthcare,Startup
C02042,Blue 2042,2025-11-22,Australia,Finance,Mid-Market
C02043,Orbit 2043,2025-09-30,Singapore,Finance,Mid-Market
C02044,Core 2044,2025-10-01,India,Technology,Enterprise
C02045,Pulse 2045,2025-04-12,India,Retail,Mid-Market
C02046,Vertex 2046,2025-12-29,Canada,Technology,SMB
C02047,Nexa 2047,2025-06-15,Germany,Finance,Startup
C02048,Core 2048,2025-07-13,USA,Finance,Startup
C02049,Vertex 2049,2025-10-02,UK,Consulting,Startup
C02050,Core 2050,2025-08-29,Canada,Media,SMB
C02051,Vertex 2051,2025-03-04,UK,Consulting,Enterprise
C02052,Core 2052,2025-04-21,India,Finance,Startup
C02053,Pulse 2053,2025-05-12,India,Healthcare,SMB
C02054,Vertex 2054,2025-12-12,USA,Finance,Enterprise
C02055,Pulse 2055,2025-09-18,Singapore,Retail,Startup
C02056,Vertex 2056,2025-05-14,UK,Technology,Startup
C02057,Orbit 2057,2025-09-26,USA,Media,Startup
C02058,Blue 2058,2025-09-27,Singapore,Consulting,Startup
C02059,Cloud 2059,2025-05-24,USA,Consulting,SMB
C02060,Vertex 2060,2025-05-28,UK,Consulting,SMB
C02061,Apex 2061,2025-11-23,India,Finance,SMB
C02062,Bright 2062,2025-07-25,Canada,Finance,Startup
C02063,Nova 2063,2025-02-24,Canada,Healthcare,Mid-Market
C02064,Apex 2064,2025-09-20,Australia,Technology,Startup
C02065,Cloud 2065,2025-08-04,USA,Consulting,SMB
C02066,Vertex 2066,2025-07-05,USA,Healthcare,Startup
C02067,Cloud 2067,2025-09-22,India,Retail,Mid-Market
C02068,Nova 2068,2025-11-28,Netherlands,Retail,SMB
C02069,Blue 2069,2025-05-01,India,Technology,Startup
C02070,Blue 2070,2025-06-03,Germany,Technology,SMB
C02071,Bright 2071,2025-03-11,Canada,Healthcare,SMB
C02072,Core 2072,2025-08-25,India,Technology,Mid-Market
C02073,Apex 2073,2025-05-27,USA,Education,Enterprise
C02074,Blue 2074,2025-05-05,India,Consulting,Startup
C02075,Vertex 2075,2025-09-12,UK,Consulting,SMB
C02076,Cloud 2076,2025-05-29,Netherlands,Healthcare,Startup
C02077,Pulse 2077,2025-06-19,USA,Retail,Mid-Market
C02078,Cloud 2078,2025-06-10,Netherlands,Marketing,Startup
C02079,Core 2079,2025-04-05,India,Media,SMB
C02080,Apex 2080,2025-02-15,USA,Consulting,Mid-Market
C02081,Apex 2081,2025-10-29,Singapore,Consulting,SMB
C02082,Apex 2082,2025-02-03,Singapore,Technology,Mid-Market
C02083,Pulse 2083,2025-04-29,USA,Retail,Startup
C02084,Nova 2084,2025-09-01,Germany,Finance,Enterprise
C02085,Pulse 2085,2025-02-17,Singapore,Healthcare,Mid-Market
C02086,Pulse 2086,2025-08-28,Canada,Healthcare,SMB
C02087,Core 2087,2025-09-25,Germany,Finance,Startup
C02088,Blue 2088,2025-08-30,India,Technology,SMB
C02089,Pulse 2089,2025-04-22,India,Technology,Mid-Market
C02090,Orbit 2090,2025-01-08,Germany,Consulting,Startup
C02091,Apex 2091,2025-11-20,UK,Education,Enterprise
C02092,Bright 2092,2025-04-30,India,Media,Mid-Market
C02093,Core 2093,2025-10-21,USA,Consulting,Enterprise
C02094,Bright 2094,2025-03-14,USA,Healthcare,Startup
C02095,Orbit 2095,2025-03-01,UK,Consulting,SMB
C02096,Nova 2096,2025-10-12,USA,Marketing,Startup
C02097,Bright 2097,2025-12-10,USA,Finance,Startup
C02098,Cloud 2098,2025-11-11,India,Media,Startup
C02099,Apex 2099,2025-10-02,Australia,Retail,Startup
C02100,Orbit 2100,2025-04-01,Germany,Technology,Mid-Market
C02101,Pulse 2101,2025-11-30,India,Retail,Startup
C02102,Apex 2102,2025-09-01,USA,Technology,Startup
C02103,Vertex 2103,2025-03-04,USA,Retail,SMB
C02104,Orbit 2104,2025-02-17,Germany,Education,Mid-Market
C02105,Nova 2105,2025-11-14,Germany,Technology,Mid-Market
C02106,Core 2106,2025-04-11,Germany,Consulting,SMB
C02107,Pulse 2107,2025-10-07,Germany,Marketing,Startup
C02108,Cloud 2108,2025-02-20,India,Technology,SMB
C02109,Cloud 2109,2025-04-13,USA,Consulting,SMB
C02110,Nova 2110,2025-04-14,India,Consulting,Startup
C02111,Bright 2111,2025-04-13,USA,Marketing,Startup
C02112,Nova 2112,2025-09-04,USA,Consulting,Enterprise
C02113,Blue 2113,2025-11-30,Canada,Technology,Startup
C02114,Vertex 2114,2025-11-29,India,Finance,Startup
C02115,Nexa 2115,2025-09-28,Germany,Education,Startup
C02116,Orbit 2116,2025-03-15,USA,Technology,Mid-Market
C02117,Cloud 2117,2025-12-17,USA,Healthcare,SMB
C02118,Core 2118,2025-07-17,Canada,Media,Enterprise
C02119,Vertex 2119,2025-07-19,India,Consulting,Mid-Market
C02120,Core 2120,2025-09-14,USA,Marketing,Mid-Market
C02121,Pulse 2121,2025-10-08,USA,Marketing,Startup
C02122,Nexa 2122,2025-12-14,Canada,Retail,SMB
C02123,Core 2123,2025-08-01,India,Retail,Mid-Market
C02124,Apex 2124,2025-08-11,Netherlands,Technology,Enterprise
C02125,Cloud 2125,2025-09-30,Netherlands,Healthcare,Mid-Market
C02126,Vertex 2126,2025-04-04,Australia,Technology,Enterprise
C02127,Blue 2127,2025-04-23,USA,Technology,SMB
C02128,Apex 2128,2025-08-17,Germany,Finance,SMB
C02129,Core 2129,2025-01-24,India,Marketing,SMB
C02130,Bright 2130,2025-04-27,Singapore,Consulting,SMB
C02131,Blue 2131,2025-09-20,UK,Retail,Startup
C02132,Core 2132,2025-12-23,India,Healthcare,SMB
C02133,Bright 2133,2025-07-09,USA,Healthcare,Startup
C02134,Apex 2134,2025-05-26,Australia,Technology,Startup
C02135,Pulse 2135,2025-06-10,Singapore,Technology,SMB
C02136,Cloud 2136,2025-09-08,UK,Technology,Mid-Market
C02137,Nova 2137,2025-07-18,UK,Media,SMB
C02138,Cloud 2138,2025-01-09,Canada,Technology,SMB
C02139,Orbit 2139,2025-07-16,Australia,Consulting,Mid-Market
C02140,Vertex 2140,2025-05-27,Canada,Finance,SMB
C02141,Bright 2141,2025-09-13,USA,Marketing,SMB
C02142,Blue 2142,2025-11-16,Germany,Retail,SMB
C02143,Nova 2143,2025-12-18,Australia,Media,Startup
C02144,Nova 2144,2025-08-11,India,Finance,SMB
C02145,Apex 2145,2025-05-13,USA,Retail,Mid-Market
C02146,Nova 2146,2025-06-12,India,Finance,Startup
C02147,Nova 2147,2025-03-06,USA,Consulting,Mid-Market
C02148,Vertex 2148,2025-12-08,Canada,Technology,Startup
C02149,Vertex 2149,2025-11-06,India,Marketing,SMB
C02150,Core 2150,2025-11-08,UK,Consulting,Mid-Market
C02151,Vertex 2151,2025-04-30,India,Retail,Mid-Market
C02152,Orbit 2152,2025-04-28,Singapore,Retail,SMB
C02153,Pulse 2153,2025-11-09,Australia,Finance,SMB
C02154,Nexa 2154,2025-07-18,UK,Retail,Startup
C02155,Nexa 2155,2025-09-15,Canada,Finance,Mid-Market
C02156,Bright 2156,2025-06-28,India,Technology,SMB
C02157,Core 2157,2025-06-11,Australia,Technology,Startup
C02158,Nova 2158,2025-08-19,Canada,Technology,Startup
C02159,Vertex 2159,2025-10-24,India,Technology,Enterprise
C02160,Core 2160,2025-05-02,Netherlands,Education,Startup
C02161,Nova 2161,2025-10-23,India,Technology,Mid-Market
C02162,Vertex 2162,2025-03-31,Germany,Marketing,Startup
C02163,Vertex 2163,2025-05-28,India,Technology,SMB
C02164,Nova 2164,2025-11-30,Canada,Education,SMB
C02165,Vertex 2165,2025-12-15,India,Finance,SMB
C02166,Orbit 2166,2025-12-04,India,Finance,SMB
C02167,Nexa 2167,2025-04-26,USA,Education,SMB
C02168,Nova 2168,2025-11-04,Netherlands,Media,SMB
C02169,Blue 2169,2025-12-08,USA,Media,Mid-Market
C02170,Nova 2170,2025-12-24,Germany,Finance,SMB
C02171,Nexa 2171,2025-01-08,UK,Media,SMB
C02172,Core 2172,2025-09-29,Australia,Marketing,SMB
C02173,Orbit 2173,2025-12-30,USA,Retail,SMB
C02174,Apex 2174,2025-10-07,UK,Technology,Startup
C02175,Vertex 2175,2025-03-27,Netherlands,Technology,Startup
C02176,Cloud 2176,2025-10-06,USA,Technology,Mid-Market
C02177,Core 2177,2025-02-08,USA,Consulting,Enterprise
C02178,Bright 2178,2025-06-25,Singapore,Technology,Startup
C02179,Nova 2179,2025-08-17,USA,Technology,Startup
C02180,Pulse 2180,2025-06-16,USA,Marketing,Enterprise
C02181,Nexa 2181,2025-09-13,USA,Media,SMB
C02182,Nova 2182,2025-03-29,Australia,Marketing,SMB
C02183,Nova 2183,2025-08-10,Singapore,Consulting,Mid-Market
C02184,Vertex 2184,2025-08-24,Germany,Technology,SMB
C02185,Nova 2185,2025-08-20,Germany,Retail,SMB
C02186,Nexa 2186,2025-04-16,USA,Technology,Enterprise
C02187,Vertex 2187,2025-04-22,India,Finance,SMB
C02188,Nexa 2188,2025-04-05,India,Healthcare,Mid-Market
C02189,Vertex 2189,2025-06-18,India,Technology,Startup
C02190,Blue 2190,2025-08-02,India,Education,Startup
C02191,Pulse 2191,2025-05-13,Germany,Education,Mid-Market
C02192,Bright 2192,2025-05-30,India,Technology,Enterprise
C02193,Apex 2193,2025-04-15,India,Technology,Mid-Market
C02194,Nova 2194,2025-03-21,USA,Technology,Startup
C02195,Nova 2195,2025-08-28,USA,Technology,Mid-Market
C02196,Orbit 2196,2025-10-25,India,Retail,Startup
C02197,Nova 2197,2025-04-17,India,Education,SMB
C02198,Nexa 2198,2025-11-11,USA,Technology,Mid-Market
C02199,Bright 2199,2025-07-28,UK,Technology,SMB
C02200,Vertex 2200,2025-03-03,Canada,Consulting,SMB
C02201,Orbit 2201,2025-05-14,Australia,Consulting,Mid-Market
C02202,Orbit 2202,2025-01-03,Canada,Retail,Mid-Market
C02203,Pulse 2203,2025-01-15,Germany,Technology,Startup
C02204,Vertex 2204,2025-05-03,Singapore,Marketing,Startup
C02205,Orbit 2205,2025-06-15,UK,Technology,SMB
C02206,Core 2206,2025-10-19,Germany,Consulting,Startup
C02207,Cloud 2207,2025-02-19,USA,Healthcare,Startup
C02208,Core 2208,2025-11-03,USA,Education,Startup
C02209,Pulse 2209,2025-03-27,USA,Technology,Startup
C02210,Apex 2210,2025-02-20,India,Consulting,SMB
C02211,Core 2211,2025-09-13,Australia,Technology,Enterprise
C02212,Blue 2212,2025-10-10,India,Retail,Mid-Market
C02213,Cloud 2213,2025-08-09,Germany,Technology,SMB
C02214,Blue 2214,2025-02-12,Australia,Consulting,Startup
C02215,Nova 2215,2025-02-12,UK,Technology,Mid-Market
C02216,Vertex 2216,2025-05-23,India,Education,SMB
C02217,Nova 2217,2025-06-14,USA,Consulting,Mid-Market
C02218,Bright 2218,2025-12-31,USA,Healthcare,SMB
C02219,Blue 2219,2025-04-15,Netherlands,Finance,Mid-Market
C02220,Nexa 2220,2025-03-12,Germany,Finance,Startup
C02221,Nexa 2221,2025-12-12,Canada,Finance,Mid-Market
C02222,Nova 2222,2025-02-26,UK,Education,Mid-Market
C02223,Orbit 2223,2025-01-10,Canada,Technology,SMB
C02224,Bright 2224,2025-06-04,Canada,Technology,Enterprise
C02225,Apex 2225,2025-05-27,India,Finance,Startup
C02226,Cloud 2226,2025-08-15,India,Finance,Startup
C02227,Cloud 2227,2025-11-17,India,Technology,Mid-Market
C02228,Blue 2228,2025-12-07,UK,Consulting,SMB
C02229,Orbit 2229,2025-04-16,Singapore,Technology,Startup
C02230,Apex 2230,2025-12-24,Germany,Retail,Startup
C02231,Nova 2231,2025-08-19,UK,Consulting,Startup
C02232,Pulse 2232,2025-01-26,Singapore,Healthcare,Startup
C02233,Apex 2233,2025-12-09,India,Retail,SMB
C02234,Bright 2234,2025-02-20,India,Marketing,Startup
C02235,Nexa 2235,2025-08-03,Singapore,Marketing,SMB
C02236,Vertex 2236,2025-10-16,Singapore,Finance,SMB
C02237,Orbit 2237,2025-04-02,Germany,Education,Mid-Market
C02238,Core 2238,2025-04-09,USA,Technology,Enterprise
C02239,Apex 2239,2025-06-23,Netherlands,Marketing,Startup
C02240,Nova 2240,2025-11-19,Canada,Technology,Startup
C02241,Cloud 2241,2025-03-23,Germany,Healthcare,Startup
C02242,Nova 2242,2025-08-31,India,Marketing,SMB
C02243,Orbit 2243,2025-06-15,UK,Technology,SMB
C02244,Bright 2244,2025-02-10,Australia,Technology,Startup
C02245,Vertex 2245,2025-09-17,Australia,Consulting,Mid-Market
C02246,Nexa 2246,2025-10-31,UK,Finance,Enterprise
C02247,Vertex 2247,2025-07-30,UK,Technology,Startup
C02248,Bright 2248,2025-03-06,Germany,Finance,Startup
C02249,Blue 2249,2025-02-26,UK,Media,Mid-Market
C02250,Nova 2250,2025-06-04,USA,Education,Mid-Market
C02251,Cloud 2251,2025-07-04,India,Marketing,Startup
C02252,Bright 2252,2025-07-21,India,Retail,SMB
C02253,Orbit 2253,2025-03-30,Canada,Education,Startup
C02254,Cloud 2254,2025-07-02,India,Consulting,SMB
C02255,Blue 2255,2025-04-18,India,Education,Mid-Market
C02256,Nova 2256,2025-09-08,Singapore,Retail,Startup
C02257,Blue 2257,2025-10-18,Canada,Education,Startup
C02258,Orbit 2258,2025-08-27,India,Finance,SMB
C02259,Nova 2259,2025-01-01,USA,Technology,SMB
C02260,Vertex 2260,2025-12-29,Canada,Technology,Mid-Market
C02261,Vertex 2261,2025-01-09,USA,Marketing,SMB
C02262,Cloud 2262,2025-12-31,USA,Media,Mid-Market
C02263,Bright 2263,2025-01-12,USA,Consulting,Mid-Market
C02264,Nexa 2264,2025-07-08,India,Consulting,Mid-Market
C02265,Bright 2265,2025-02-08,Canada,Education,Startup
C02266,Pulse 2266,2025-02-04,India,Retail,Startup
C02267,Cloud 2267,2025-09-07,UK,Consulting,SMB
C02268,Cloud 2268,2025-09-23,India,Finance,Startup
C02269,Cloud 2269,2025-02-13,India,Marketing,Startup
C02270,Bright 2270,2025-12-23,India,Healthcare,Startup
C02271,Core 2271,2025-04-27,Australia,Technology,Enterprise
C02272,Cloud 2272,2025-04-27,India,Technology,Mid-Market
C02273,Cloud 2273,2025-04-19,USA,Finance,Mid-Market
C02274,Blue 2274,2025-06-18,India,Technology,Enterprise
C02275,Nexa 2275,2025-03-06,Canada,Technology,Mid-Market
C02276,Vertex 2276,2025-06-05,USA,Retail,SMB
C02277,Core 2277,2025-03-18,Netherlands,Finance,SMB
C02278,Vertex 2278,2025-01-19,Germany,Consulting,Mid-Market
C02279,Vertex 2279,2025-05-15,UK,Technology,Mid-Market
C02280,Apex 2280,2025-09-03,Germany,Media,Mid-Market
C02281,Nexa 2281,2025-10-06,India,Consulting,SMB
C02282,Vertex 2282,2025-05-09,Netherlands,Retail,Mid-Market
C02283,Pulse 2283,2025-04-29,Netherlands,Marketing,SMB
C02284,Vertex 2284,2025-10-15,USA,Education,SMB
C02285,Pulse 2285,2025-09-06,Germany,Finance,Startup
C02286,Nova 2286,2025-10-31,India,Healthcare,Startup
C02287,Apex 2287,2025-11-27,UK,Consulting,Startup
C02288,Nexa 2288,2025-10-27,Canada,Technology,Mid-Market
C02289,Cloud 2289,2025-12-08,Singapore,Technology,Startup
C02290,Nexa 2290,2025-06-02,USA,Retail,Enterprise
C02291,Nexa 2291,2025-05-25,Germany,Technology,Startup
C02292,Nexa 2292,2025-04-28,Canada,Consulting,Startup
C02293,Bright 2293,2025-03-27,India,Technology,SMB
C02294,Pulse 2294,2025-10-01,Germany,Finance,Startup
C02295,Pulse 2295,2025-09-18,Germany,Finance,Startup
C02296,Bright 2296,2025-10-20,Canada,Marketing,Startup
C02297,Pulse 2297,2025-03-03,Netherlands,Consulting,SMB
C02298,Blue 2298,2025-06-29,India,Retail,Startup
C02299,Core 2299,2025-03-23,India,Technology,SMB
C02300,Pulse 2300,2025-11-22,India,Finance,Startup
C02301,Pulse 2301,2025-04-08,India,Retail,Startup
C02302,Core 2302,2025-02-22,USA,Technology,Startup
C02303,Cloud 2303,2025-07-28,Singapore,Technology,Startup
C02304,Pulse 2304,2025-11-17,USA,Healthcare,Mid-Market
C02305,Vertex 2305,2025-12-01,Germany,Consulting,SMB
C02306,Bright 2306,2025-02-05,USA,Finance,SMB
C02307,Blue 2307,2025-04-29,USA,Technology,Mid-Market
C02308,Cloud 2308,2025-02-26,Australia,Media,Startup
C02309,Core 2309,2025-04-23,Germany,Media,Mid-Market
C02310,Apex 2310,2025-07-14,USA,Education,Mid-Market
C02311,Cloud 2311,2025-04-13,Singapore,Education,Mid-Market
C02312,Nova 2312,2025-01-25,UK,Media,Mid-Market
C02313,Orbit 2313,2025-07-06,India,Education,Startup
C02314,Apex 2314,2025-01-20,UK,Consulting,SMB
C02315,Orbit 2315,2025-03-24,Germany,Healthcare,SMB
C02316,Nova 2316,2025-01-01,USA,Technology,Mid-Market
C02317,Cloud 2317,2025-02-01,Australia,Retail,Startup
C02318,Nova 2318,2025-06-09,UK,Education,Startup
C02319,Bright 2319,2025-11-07,USA,Finance,Enterprise
C02320,Blue 2320,2025-10-10,Australia,Education,SMB
C02321,Vertex 2321,2025-02-06,USA,Consulting,Startup
C02322,Nexa 2322,2025-01-13,USA,Finance,Startup
C02323,Nova 2323,2025-05-04,India,Consulting,SMB
C02324,Orbit 2324,2025-08-27,USA,Technology,Startup
C02325,Blue 2325,2025-09-30,USA,Education,Startup
C02326,Bright 2326,2025-10-28,India,Media,Enterprise
C02327,Vertex 2327,2025-05-05,UK,Retail,Startup
C02328,Orbit 2328,2025-03-03,India,Retail,Startup
C02329,Cloud 2329,2025-01-10,India,Education,Mid-Market
C02330,Core 2330,2025-02-23,UK,Healthcare,Startup
C02331,Core 2331,2025-01-24,USA,Education,Startup
C02332,Nexa 2332,2025-11-11,Germany,Finance,SMB
C02333,Nexa 2333,2025-04-08,Germany,Marketing,Mid-Market
C02334,Nexa 2334,2025-10-28,USA,Marketing,SMB
C02335,Pulse 2335,2025-07-21,India,Marketing,Mid-Market
C02336,Apex 2336,2025-07-16,UK,Healthcare,Mid-Market
C02337,Blue 2337,2025-06-15,India,Finance,SMB
C02338,Bright 2338,2025-10-27,UK,Finance,SMB
C02339,Nova 2339,2025-01-16,Canada,Technology,Mid-Market
C02340,Nexa 2340,2025-02-03,Germany,Healthcare,Startup
C02341,Nexa 2341,2025-06-04,USA,Technology,SMB
C02342,Blue 2342,2025-05-24,Netherlands,Retail,Startup
C02343,Bright 2343,2025-07-19,India,Technology,Startup
C02344,Apex 2344,2025-09-27,Singapore,Retail,Enterprise
C02345,Orbit 2345,2025-08-03,Australia,Finance,Startup
C02346,Bright 2346,2025-04-04,USA,Retail,SMB
C02347,Pulse 2347,2025-04-30,India,Consulting,Startup
C02348,Apex 2348,2025-10-02,India,Retail,SMB
C02349,Pulse 2349,2025-03-15,Singapore,Retail,Mid-Market
C02350,Apex 2350,2025-07-04,India,Education,SMB
C02351,Cloud 2351,2025-07-16,Singapore,Technology,Mid-Market
C02352,Blue 2352,2025-10-01,UK,Marketing,SMB
C02353,Orbit 2353,2025-09-18,USA,Finance,Enterprise
C02354,Pulse 2354,2025-06-19,Germany,Retail,Mid-Market
C02355,Orbit 2355,2025-04-23,India,Retail,Startup
C02356,Bright 2356,2025-05-15,USA,Finance,Mid-Market
C02357,Blue 2357,2025-05-31,Singapore,Education,Startup
C02358,Bright 2358,2025-03-22,India,Finance,SMB
C02359,Blue 2359,2025-08-17,Singapore,Education,Startup
C02360,Apex 2360,2025-03-18,Netherlands,Marketing,SMB
C02361,Nova 2361,2025-08-25,India,Marketing,Enterprise
C02362,Nova 2362,2025-10-02,UK,Retail,Mid-Market
C02363,Blue 2363,2025-12-18,India,Finance,SMB
C02364,Orbit 2364,2025-02-13,Germany,Consulting,Enterprise
C02365,Bright 2365,2025-10-05,Netherlands,Education,SMB
C02366,Core 2366,2025-02-01,Singapore,Finance,Startup
C02367,Nexa 2367,2025-05-04,Singapore,Healthcare,Mid-Market
C02368,Nexa 2368,2025-03-06,India,Technology,Startup
C02369,Nexa 2369,2025-03-01,UK,Marketing,Mid-Market
C02370,Vertex 2370,2025-03-06,India,Retail,Startup
C02371,Nova 2371,2025-01-17,Singapore,Technology,Startup
C02372,Pulse 2372,2025-10-28,India,Technology,SMB
C02373,Nova 2373,2025-01-23,India,Healthcare,SMB
C02374,Pulse 2374,2025-05-26,India,Finance,Startup
C02375,Vertex 2375,2025-09-13,India,Finance,Startup
C02376,Cloud 2376,2025-12-28,India,Education,Startup
C02377,Pulse 2377,2025-11-08,India,Healthcare,Mid-Market
C02378,Nexa 2378,2025-02-20,Australia,Retail,SMB
C02379,Pulse 2379,2025-12-27,Canada,Healthcare,Startup
C02380,Nexa 2380,2025-08-27,USA,Marketing,Startup
C02381,Nova 2381,2025-03-07,Canada,Healthcare,Startup
C02382,Core 2382,2025-06-13,USA,Finance,SMB
C02383,Cloud 2383,2025-12-02,Canada,Healthcare,SMB
C02384,Vertex 2384,2025-05-24,USA,Consulting,Startup
C02385,Core 2385,2025-03-09,UK,Media,Enterprise
C02386,Vertex 2386,2025-11-16,USA,Technology,Startup
C02387,Orbit 2387,2025-12-14,India,Marketing,SMB
C02388,Apex 2388,2025-12-23,UK,Education,Mid-Market
C02389,Pulse 2389,2025-12-15,Canada,Technology,SMB
C02390,Nova 2390,2025-11-15,Canada,Consulting,Startup
C02391,Vertex 2391,2025-06-15,USA,Finance,SMB
C02392,Apex 2392,2025-03-12,UK,Retail,SMB
C02393,Apex 2393,2025-08-14,Canada,Marketing,Mid-Market
C02394,Pulse 2394,2025-03-22,India,Technology,SMB
C02395,Nexa 2395,2025-06-22,India,Consulting,Mid-Market
C02396,Vertex 2396,2025-08-28,USA,Technology,SMB
C02397,Blue 2397,2025-12-12,India,Consulting,Mid-Market
C02398,Apex 2398,2025-04-16,USA,Consulting,Startup
C02399,Blue 2399,2025-04-02,India,Marketing,Mid-Market
C02400,Blue 2400,2025-09-26,UK,Finance,Startup
C02401,Nova 2401,2025-01-03,Germany,Healthcare,SMB
C02402,Orbit 2402,2025-07-26,Australia,Marketing,SMB
C02403,Apex 2403,2025-09-30,Germany,Education,Enterprise
C02404,Apex 2404,2025-07-21,USA,Education,SMB
C02405,Bright 2405,2025-05-21,Singapore,Healthcare,Startup
C02406,Orbit 2406,2025-10-30,Canada,Consulting,Enterprise
C02407,Apex 2407,2025-05-16,UK,Consulting,Mid-Market
C02408,Vertex 2408,2025-09-17,India,Education,Mid-Market
C02409,Cloud 2409,2025-06-19,Germany,Finance,SMB
C02410,Vertex 2410,2025-01-10,UK,Healthcare,SMB
C02411,Core 2411,2025-07-13,Germany,Healthcare,Enterprise
C02412,Nexa 2412,2025-01-19,Canada,Consulting,Startup
C02413,Bright 2413,2025-12-06,Singapore,Consulting,Mid-Market
C02414,Bright 2414,2025-08-08,Netherlands,Retail,SMB
C02415,Nova 2415,2025-05-16,Germany,Technology,Enterprise
C02416,Cloud 2416,2025-06-27,Netherlands,Consulting,SMB
C02417,Blue 2417,2025-08-15,Singapore,Retail,Startup
C02418,Nova 2418,2025-04-05,India,Technology,Mid-Market
C02419,Vertex 2419,2025-04-16,Germany,Technology,Enterprise
C02420,Core 2420,2025-06-02,India,Technology,Enterprise
C02421,Orbit 2421,2025-04-05,USA,Marketing,Startup
C02422,Nova 2422,2025-10-04,USA,Healthcare,SMB
C02423,Apex 2423,2025-02-07,UK,Technology,Mid-Market
C02424,Pulse 2424,2025-10-29,India,Marketing,SMB
C02425,Bright 2425,2025-05-08,India,Consulting,Startup
C02426,Bright 2426,2025-07-24,India,Retail,Startup
C02427,Nexa 2427,2025-02-27,Germany,Consulting,Startup
C02428,Orbit 2428,2025-05-21,Singapore,Retail,Startup
C02429,Blue 2429,2025-10-03,Netherlands,Marketing,SMB
C02430,Cloud 2430,2025-04-09,USA,Retail,Enterprise
C02431,Cloud 2431,2025-02-18,USA,Healthcare,Mid-Market
C02432,Vertex 2432,2025-07-10,Australia,Retail,Startup
C02433,Nexa 2433,2025-03-01,India,Retail,SMB
C02434,Orbit 2434,2025-04-25,Netherlands,Education,SMB
C02435,Bright 2435,2025-06-14,Canada,Healthcare,Mid-Market
C02436,Nexa 2436,2025-07-25,UK,Finance,Mid-Market
C02437,Bright 2437,2025-08-22,India,Finance,Startup
C02438,Vertex 2438,2025-09-04,India,Technology,Enterprise
C02439,Orbit 2439,2025-11-05,UK,Technology,Startup
C02440,Apex 2440,2025-01-25,USA,Healthcare,Mid-Market
C02441,Apex 2441,2025-05-13,Australia,Technology,Enterprise
C02442,Apex 2442,2025-01-01,Germany,Retail,Mid-Market
C02443,Blue 2443,2025-01-04,USA,Education,Startup
C02444,Cloud 2444,2025-03-19,India,Retail,Startup
C02445,Cloud 2445,2025-08-07,UK,Healthcare,Startup
C02446,Orbit 2446,2025-11-23,India,Technology,Startup
C02447,Nova 2447,2025-10-10,Germany,Finance,Startup
C02448,Vertex 2448,2025-08-24,Germany,Retail,Startup
C02449,Orbit 2449,2025-10-12,Australia,Technology,SMB
C02450,Orbit 2450,2025-03-04,USA,Education,Startup
C02451,Nexa 2451,2025-11-03,USA,Technology,SMB
C02452,Vertex 2452,2025-11-21,Australia,Finance,Mid-Market
C02453,Core 2453,2025-02-04,Germany,Technology,Startup
C02454,Apex 2454,2025-06-21,Canada,Healthcare,SMB
C02455,Vertex 2455,2025-10-30,UK,Technology,Mid-Market
C02456,Bright 2456,2025-06-23,Singapore,Retail,SMB
C02457,Cloud 2457,2025-11-03,India,Technology,SMB
C02458,Apex 2458,2025-12-08,USA,Finance,Mid-Market
C02459,Apex 2459,2025-06-23,Australia,Technology,SMB
C02460,Apex 2460,2025-01-22,India,Media,SMB
C02461,Apex 2461,2025-05-05,Australia,Education,Mid-Market
C02462,Blue 2462,2025-03-20,USA,Education,Mid-Market
C02463,Blue 2463,2025-06-23,India,Marketing,SMB
C02464,Apex 2464,2025-08-02,India,Retail,SMB
C02465,Blue 2465,2025-06-19,Australia,Technology,Mid-Market
C02466,Core 2466,2025-03-13,Canada,Consulting,SMB
C02467,Core 2467,2025-04-20,USA,Consulting,Mid-Market
C02468,Cloud 2468,2025-09-06,India,Technology,Startup
C02469,Apex 2469,2025-01-10,USA,Technology,Startup
C02470,Bright 2470,2025-03-20,India,Marketing,SMB
C02471,Nova 2471,2025-11-22,Canada,Technology,Mid-Market
C02472,Nova 2472,2025-02-06,India,Finance,SMB
C02473,Nexa 2473,2025-06-01,India,Healthcare,Enterprise
C02474,Apex 2474,2025-03-17,India,Technology,Mid-Market
C02475,Core 2475,2025-02-08,UK,Education,Mid-Market
C02476,Nexa 2476,2025-06-04,Germany,Marketing,Mid-Market
C02477,Nova 2477,2025-07-10,Germany,Education,Startup
C02478,Core 2478,2025-03-06,UK,Healthcare,SMB
C02479,Apex 2479,2025-01-29,Netherlands,Healthcare,Startup
C02480,Orbit 2480,2025-02-19,USA,Marketing,SMB
C02481,Blue 2481,2025-08-26,Australia,Retail,Startup
C02482,Nexa 2482,2025-11-11,Germany,Healthcare,Mid-Market
C02483,Nova 2483,2025-03-07,India,Education,Mid-Market
C02484,Vertex 2484,2025-04-27,Australia,Retail,Startup
C02485,Apex 2485,2025-05-06,UK,Education,SMB
C02486,Nova 2486,2025-05-12,Germany,Technology,Mid-Market
C02487,Vertex 2487,2025-03-31,India,Technology,Mid-Market
C02488,Pulse 2488,2025-01-21,USA,Marketing,Enterprise
C02489,Vertex 2489,2025-07-11,Singapore,Consulting,Startup
C02490,Vertex 2490,2025-05-11,India,Consulting,Startup
C02491,Orbit 2491,2025-05-05,India,Education,Mid-Market
C02492,Nova 2492,2025-04-07,USA,Technology,Startup
C02493,Cloud 2493,2025-12-06,UK,Consulting,Mid-Market
C02494,Blue 2494,2025-08-11,Australia,Marketing,Startup
C02495,Nexa 2495,2025-06-02,Germany,Media,SMB
C02496,Blue 2496,2025-03-16,Singapore,Consulting,SMB
C02497,Bright 2497,2025-10-20,USA,Healthcare,Mid-Market
C02498,Nexa 2498,2025-11-21,USA,Education,Startup
C02499,Cloud 2499,2025-01-12,India,Marketing,Mid-Market
C02500,Bright 2500,2025-12-06,India,Finance,Mid-Market
C02501,Vertex 2501,2025-09-13,Canada,Marketing,Mid-Market
C02502,Core 2502,2025-02-06,India,Technology,Enterprise
C02503,Vertex 2503,2025-10-02,USA,Technology,Mid-Market
C02504,Cloud 2504,2025-02-09,Singapore,Consulting,Mid-Market
C02505,Apex 2505,2025-01-19,UK,Healthcare,SMB
C02506,Apex 2506,2025-02-12,India,Consulting,Mid-Market
C02507,Bright 2507,2025-06-17,Canada,Marketing,Enterprise
C02508,Bright 2508,2025-08-15,UK,Consulting,SMB
C02509,Cloud 2509,2025-05-29,Australia,Consulting,Startup
C02510,Blue 2510,2025-02-14,Germany,Consulting,Startup
C02511,Orbit 2511,2025-03-14,India,Healthcare,Mid-Market
C02512,Blue 2512,2025-11-08,India,Media,Enterprise
C02513,Blue 2513,2025-12-18,USA,Healthcare,Startup
C02514,Nexa 2514,2025-10-03,Canada,Consulting,Enterprise
C02515,Core 2515,2025-02-07,UK,Marketing,Startup
C02516,Vertex 2516,2025-10-27,Canada,Technology,SMB
C02517,Blue 2517,2025-09-10,UK,Education,Enterprise
C02518,Apex 2518,2025-07-12,USA,Healthcare,Enterprise
C02519,Pulse 2519,2025-02-22,India,Finance,SMB
C02520,Cloud 2520,2025-12-30,India,Healthcare,Enterprise
C02521,Nova 2521,2025-06-11,USA,Technology,Mid-Market
C02522,Core 2522,2025-01-17,UK,Media,Mid-Market
C02523,Apex 2523,2025-03-18,Singapore,Education,Mid-Market
C02524,Vertex 2524,2025-05-27,India,Technology,SMB
C02525,Nexa 2525,2025-01-23,Germany,Consulting,Startup
C02526,Nova 2526,2025-04-29,India,Marketing,Startup
C02527,Apex 2527,2025-06-20,Canada,Consulting,Startup
C02528,Pulse 2528,2025-12-13,India,Marketing,Startup
C02529,Pulse 2529,2025-02-01,Germany,Technology,Startup
C02530,Apex 2530,2025-07-30,India,Technology,Startup
C02531,Bright 2531,2025-12-01,India,Consulting,SMB
C02532,Core 2532,2025-10-22,UK,Consulting,Startup
C02533,Vertex 2533,2025-12-04,USA,Consulting,SMB
C02534,Nova 2534,2025-03-04,USA,Technology,Startup
C02535,Vertex 2535,2025-10-20,USA,Consulting,Startup
C02536,Core 2536,2025-12-24,Netherlands,Healthcare,Mid-Market
C02537,Apex 2537,2025-04-30,USA,Education,Mid-Market
C02538,Nova 2538,2025-07-02,UK,Finance,Mid-Market
C02539,Vertex 2539,2025-07-13,Australia,Consulting,Mid-Market
C02540,Nova 2540,2025-06-30,Germany,Media,Enterprise
C02541,Core 2541,2025-04-16,USA,Finance,Mid-Market
C02542,Apex 2542,2025-12-21,UK,Consulting,Startup
C02543,Nova 2543,2025-12-16,India,Marketing,Startup
C02544,Cloud 2544,2025-05-19,UK,Finance,SMB
C02545,Nexa 2545,2025-10-21,USA,Finance,SMB
C02546,Orbit 2546,2025-05-26,Canada,Consulting,Mid-Market
C02547,Core 2547,2025-10-18,Australia,Finance,Startup
C02548,Nova 2548,2025-08-02,India,Technology,Enterprise
C02549,Nova 2549,2025-06-21,India,Retail,SMB
C02550,Nova 2550,2025-02-16,USA,Marketing,Enterprise
C02551,Bright 2551,2025-08-27,UK,Consulting,SMB
C02552,Pulse 2552,2025-04-28,USA,Marketing,Startup
C02553,Nexa 2553,2025-03-21,Germany,Marketing,SMB
C02554,Cloud 2554,2025-03-12,UK,Consulting,Startup
C02555,Nexa 2555,2025-12-25,Singapore,Technology,Startup
C02556,Nexa 2556,2025-02-07,USA,Finance,Mid-Market
C02557,Vertex 2557,2025-10-19,India,Education,SMB
C02558,Pulse 2558,2025-11-13,USA,Media,Startup
C02559,Apex 2559,2025-01-12,Germany,Healthcare,SMB
C02560,Nova 2560,2025-08-04,USA,Media,SMB
C02561,Bright 2561,2025-07-30,USA,Consulting,Startup
C02562,Pulse 2562,2025-05-11,USA,Marketing,Startup
C02563,Nexa 2563,2025-09-01,Canada,Healthcare,Mid-Market
C02564,Cloud 2564,2025-05-30,Netherlands,Technology,Startup
C02565,Pulse 2565,2025-06-10,USA,Marketing,Enterprise
C02566,Bright 2566,2025-06-07,India,Technology,Startup
C02567,Apex 2567,2025-10-20,USA,Healthcare,SMB
C02568,Nova 2568,2025-08-20,USA,Technology,Mid-Market
C02569,Blue 2569,2025-05-19,Netherlands,Media,Startup
C02570,Core 2570,2025-12-05,USA,Finance,Mid-Market
C02571,Vertex 2571,2025-10-20,Germany,Marketing,SMB
C02572,Orbit 2572,2025-12-07,Singapore,Healthcare,SMB
C02573,Pulse 2573,2025-09-24,Germany,Technology,Mid-Market
C02574,Orbit 2574,2025-05-23,USA,Finance,Enterprise
C02575,Cloud 2575,2025-10-10,Germany,Consulting,Startup
C02576,Blue 2576,2025-05-01,USA,Education,Mid-Market
C02577,Cloud 2577,2025-04-09,USA,Healthcare,Startup
C02578,Bright 2578,2025-06-14,Netherlands,Consulting,Startup
C02579,Bright 2579,2025-12-20,USA,Technology,Startup
C02580,Core 2580,2025-07-27,USA,Consulting,SMB
C02581,Orbit 2581,2025-05-21,India,Technology,Mid-Market
C02582,Pulse 2582,2025-06-18,India,Retail,SMB
C02583,Blue 2583,2025-04-17,Germany,Media,Enterprise
C02584,Blue 2584,2025-08-29,Canada,Consulting,Mid-Market
C02585,Core 2585,2025-05-08,Germany,Technology,Startup
C02586,Blue 2586,2025-07-22,USA,Marketing,Startup
C02587,Blue 2587,2025-05-15,India,Consulting,SMB
C02588,Blue 2588,2025-04-28,USA,Marketing,SMB
C02589,Nexa 2589,2025-12-21,UK,Finance,Startup
C02590,Vertex 2590,2025-05-07,Canada,Healthcare,Startup
C02591,Vertex 2591,2025-01-26,Germany,Technology,SMB
C02592,Pulse 2592,2025-05-19,Singapore,Marketing,SMB
C02593,Bright 2593,2025-07-14,Canada,Technology,SMB
C02594,Core 2594,2025-02-04,USA,Education,Mid-Market
C02595,Blue 2595,2025-04-22,Germany,Healthcare,Enterprise
C02596,Nexa 2596,2025-03-02,Canada,Technology,Mid-Market
C02597,Pulse 2597,2025-07-02,Netherlands,Technology,SMB
C02598,Cloud 2598,2025-09-21,USA,Retail,SMB
C02599,Apex 2599,2025-12-20,Germany,Marketing,Startup
C02600,Blue 2600,2025-05-23,USA,Education,Enterprise
C02601,Core 2601,2025-11-12,Canada,Consulting,SMB
C02602,Cloud 2602,2025-03-20,Singapore,Education,Startup
C02603,Blue 2603,2025-10-12,Singapore,Healthcare,Mid-Market
C02604,Apex 2604,2025-07-25,India,Education,SMB
C02605,Core 2605,2025-10-04,India,Finance,Enterprise
C02606,Orbit 2606,2025-10-03,Canada,Marketing,Startup
C02607,Nexa 2607,2025-07-14,Germany,Technology,SMB
C02608,Vertex 2608,2025-04-04,Singapore,Retail,Enterprise
C02609,Bright 2609,2025-07-12,USA,Marketing,SMB
C02610,Pulse 2610,2025-10-29,Australia,Technology,SMB
C02611,Core 2611,2025-12-21,Germany,Education,SMB
C02612,Nova 2612,2025-12-05,India,Technology,Mid-Market
C02613,Nova 2613,2025-03-08,India,Healthcare,Startup
C02614,Nexa 2614,2025-08-07,Canada,Retail,Startup
C02615,Apex 2615,2025-02-08,India,Consulting,SMB
C02616,Core 2616,2025-09-02,Australia,Education,Startup
C02617,Nova 2617,2025-12-29,UK,Healthcare,SMB
C02618,Bright 2618,2025-01-20,USA,Healthcare,SMB
C02619,Nova 2619,2025-08-28,USA,Technology,Mid-Market
C02620,Pulse 2620,2025-12-12,Netherlands,Marketing,SMB
C02621,Core 2621,2025-11-06,Canada,Marketing,SMB
C02622,Vertex 2622,2025-05-24,Canada,Technology,Startup
C02623,Bright 2623,2025-02-07,Canada,Technology,SMB
C02624,Core 2624,2025-12-04,UK,Technology,Startup
C02625,Nova 2625,2025-12-03,Singapore,Finance,Enterprise
C02626,Blue 2626,2025-07-31,UK,Technology,Startup
C02627,Core 2627,2025-12-24,UK,Healthcare,Mid-Market
C02628,Vertex 2628,2025-01-02,USA,Healthcare,SMB
C02629,Vertex 2629,2025-08-14,USA,Healthcare,Mid-Market
C02630,Nexa 2630,2025-01-15,Canada,Technology,Mid-Market
C02631,Nova 2631,2025-12-08,USA,Marketing,Mid-Market
C02632,Orbit 2632,2025-09-06,Canada,Consulting,SMB
C02633,Nova 2633,2025-11-30,Netherlands,Finance,Startup
C02634,Orbit 2634,2025-07-25,USA,Finance,Mid-Market
C02635,Bright 2635,2025-01-31,India,Marketing,Startup
C02636,Pulse 2636,2025-01-10,Germany,Technology,SMB
C02637,Core 2637,2025-05-03,India,Finance,Mid-Market
C02638,Apex 2638,2025-09-29,Canada,Healthcare,SMB
C02639,Nexa 2639,2025-02-25,UK,Healthcare,Startup
C02640,Nexa 2640,2025-11-08,UK,Consulting,Mid-Market
C02641,Blue 2641,2025-03-29,UK,Retail,Startup
C02642,Cloud 2642,2025-07-01,UK,Healthcare,Mid-Market
C02643,Cloud 2643,2025-03-16,USA,Healthcare,Mid-Market
C02644,Bright 2644,2025-06-20,USA,Media,Startup
C02645,Pulse 2645,2025-06-15,USA,Marketing,Startup
C02646,Core 2646,2025-01-02,Singapore,Media,Enterprise
C02647,Cloud 2647,2025-07-27,India,Consulting,Startup
C02648,Vertex 2648,2025-10-15,USA,Finance,Enterprise
C02649,Nexa 2649,2025-12-08,India,Technology,SMB
C02650,Orbit 2650,2025-05-01,USA,Technology,SMB
C02651,Bright 2651,2025-11-18,India,Consulting,SMB
C02652,Vertex 2652,2025-11-17,Canada,Finance,SMB
C02653,Core 2653,2025-12-27,India,Education,SMB
C02654,Core 2654,2025-05-17,Germany,Marketing,SMB
C02655,Pulse 2655,2025-11-07,USA,Consulting,SMB
C02656,Orbit 2656,2025-07-26,USA,Consulting,Startup
C02657,Cloud 2657,2025-01-22,India,Technology,Mid-Market
C02658,Apex 2658,2025-04-09,Canada,Finance,SMB
C02659,Nova 2659,2025-09-03,Netherlands,Marketing,Mid-Market
C02660,Cloud 2660,2025-02-28,India,Consulting,SMB
C02661,Apex 2661,2025-06-08,Netherlands,Consulting,SMB
C02662,Apex 2662,2025-10-10,USA,Marketing,Startup
C02663,Nova 2663,2025-02-24,UK,Consulting,Enterprise
C02664,Blue 2664,2025-07-01,Canada,Healthcare,SMB
C02665,Cloud 2665,2025-03-20,India,Technology,Enterprise
C02666,Orbit 2666,2025-07-15,USA,Retail,Mid-Market
C02667,Apex 2667,2025-03-29,India,Marketing,Mid-Market
C02668,Apex 2668,2025-12-19,Germany,Consulting,SMB
C02669,Core 2669,2025-01-28,USA,Healthcare,Startup
C02670,Pulse 2670,2025-12-18,Singapore,Marketing,SMB
C02671,Core 2671,2025-10-17,USA,Finance,Mid-Market
C02672,Bright 2672,2025-11-09,Singapore,Healthcare,SMB
C02673,Cloud 2673,2025-11-07,India,Technology,Startup
C02674,Apex 2674,2025-03-10,Germany,Consulting,SMB
C02675,Orbit 2675,2025-12-06,USA,Finance,Startup
C02676,Bright 2676,2025-08-05,India,Finance,SMB
C02677,Apex 2677,2025-12-18,India,Finance,SMB
C02678,Vertex 2678,2025-11-17,Germany,Healthcare,Startup
C02679,Orbit 2679,2025-07-31,India,Marketing,Startup
C02680,Pulse 2680,2025-05-17,UK,Education,Startup
C02681,Orbit 2681,2025-02-12,Netherlands,Education,SMB
C02682,Core 2682,2025-02-06,USA,Healthcare,Enterprise
C02683,Blue 2683,2025-05-23,India,Marketing,Startup
C02684,Blue 2684,2025-10-24,India,Technology,Mid-Market
C02685,Nova 2685,2025-07-04,India,Marketing,Startup
C02686,Core 2686,2025-06-25,USA,Retail,SMB
C02687,Bright 2687,2025-03-31,Canada,Healthcare,Startup
C02688,Apex 2688,2025-07-26,USA,Media,Mid-Market
C02689,Apex 2689,2025-08-21,India,Technology,Mid-Market
C02690,Cloud 2690,2025-12-25,Germany,Consulting,Mid-Market
C02691,Core 2691,2025-09-24,USA,Education,Startup
C02692,Nexa 2692,2025-08-10,UK,Education,Mid-Market
C02693,Blue 2693,2025-11-29,Singapore,Education,Startup
C02694,Blue 2694,2025-06-05,USA,Technology,SMB
C02695,Apex 2695,2025-12-08,UK,Consulting,Mid-Market
C02696,Pulse 2696,2025-05-16,Australia,Marketing,SMB
C02697,Orbit 2697,2025-02-16,Germany,Marketing,Mid-Market
C02698,Apex 2698,2025-06-02,Canada,Technology,Mid-Market
C02699,Pulse 2699,2025-02-16,Canada,Technology,Mid-Market
C02700,Nexa 2700,2025-02-13,UK,Retail,Startup
C02701,Blue 2701,2025-11-18,UK,Finance,SMB
C02702,Pulse 2702,2025-10-18,Canada,Healthcare,SMB
C02703,Nexa 2703,2025-03-22,Germany,Technology,SMB
C02704,Blue 2704,2025-11-02,Germany,Education,Mid-Market
C02705,Vertex 2705,2025-01-26,USA,Consulting,SMB
C02706,Pulse 2706,2025-04-14,Australia,Retail,Mid-Market
C02707,Bright 2707,2025-09-15,India,Marketing,Startup
C02708,Apex 2708,2025-04-21,India,Finance,SMB
C02709,Pulse 2709,2025-09-24,USA,Technology,Enterprise
C02710,Cloud 2710,2025-11-16,USA,Finance,Startup
C02711,Core 2711,2025-01-25,Germany,Marketing,Startup
C02712,Apex 2712,2025-01-09,India,Media,Mid-Market
C02713,Bright 2713,2025-12-10,Germany,Technology,Startup
C02714,Bright 2714,2025-07-09,UK,Healthcare,SMB
C02715,Apex 2715,2025-07-04,India,Education,Mid-Market
C02716,Blue 2716,2025-06-19,USA,Marketing,SMB
C02717,Vertex 2717,2025-06-08,UK,Education,Enterprise
C02718,Orbit 2718,2025-09-09,Canada,Healthcare,Mid-Market
C02719,Core 2719,2025-07-31,USA,Finance,SMB
C02720,Apex 2720,2025-03-01,India,Marketing,Enterprise
C02721,Orbit 2721,2025-08-17,USA,Healthcare,Startup
C02722,Bright 2722,2025-09-01,India,Education,Startup
C02723,Vertex 2723,2025-02-11,India,Technology,Mid-Market
C02724,Nexa 2724,2025-05-18,Netherlands,Marketing,SMB
C02725,Blue 2725,2025-10-16,India,Media,Startup
C02726,Orbit 2726,2025-08-14,India,Marketing,SMB
C02727,Apex 2727,2025-02-19,Singapore,Technology,Startup
C02728,Vertex 2728,2025-01-15,Germany,Media,Startup
C02729,Blue 2729,2025-08-01,USA,Finance,SMB
C02730,Core 2730,2025-06-18,Germany,Consulting,Enterprise
C02731,Blue 2731,2025-12-17,Singapore,Technology,Mid-Market
C02732,Bright 2732,2025-07-10,India,Retail,SMB
C02733,Nexa 2733,2025-12-06,USA,Technology,SMB
C02734,Apex 2734,2025-03-20,Australia,Healthcare,Startup
C02735,Cloud 2735,2025-06-13,Canada,Media,SMB
C02736,Cloud 2736,2025-02-20,Netherlands,Marketing,SMB
C02737,Bright 2737,2025-07-29,USA,Finance,Mid-Market
C02738,Orbit 2738,2025-03-10,Netherlands,Technology,SMB
C02739,Vertex 2739,2025-06-29,USA,Technology,Enterprise
C02740,Pulse 2740,2025-05-06,Canada,Finance,Mid-Market
C02741,Apex 2741,2025-03-09,Singapore,Marketing,Startup
C02742,Core 2742,2025-02-05,India,Marketing,Enterprise
C02743,Cloud 2743,2025-07-06,India,Retail,Startup
C02744,Nova 2744,2025-12-12,UK,Consulting,Enterprise
C02745,Bright 2745,2025-03-14,Australia,Retail,SMB
C02746,Blue 2746,2025-05-28,India,Marketing,SMB
C02747,Bright 2747,2025-03-23,Australia,Healthcare,SMB
C02748,Pulse 2748,2025-10-23,USA,Marketing,SMB
C02749,Core 2749,2025-06-01,USA,Healthcare,Mid-Market
C02750,Cloud 2750,2025-12-22,USA,Technology,Mid-Market
C02751,Nexa 2751,2025-03-31,Singapore,Retail,SMB
C02752,Cloud 2752,2025-01-30,India,Education,Mid-Market
C02753,Bright 2753,2025-08-01,UK,Finance,SMB
C02754,Cloud 2754,2025-08-26,India,Healthcare,SMB
C02755,Nexa 2755,2025-12-28,Singapore,Technology,Startup
C02756,Core 2756,2025-11-15,Australia,Marketing,Mid-Market
C02757,Cloud 2757,2025-11-19,India,Finance,SMB
C02758,Cloud 2758,2025-08-20,USA,Retail,SMB
C02759,Core 2759,2025-05-12,USA,Marketing,Mid-Market
C02760,Apex 2760,2025-06-06,USA,Healthcare,Mid-Market
C02761,Orbit 2761,2025-02-18,Australia,Consulting,Startup
C02762,Pulse 2762,2025-06-07,UK,Retail,SMB
C02763,Vertex 2763,2025-05-14,USA,Consulting,SMB
C02764,Core 2764,2025-01-14,Canada,Marketing,Startup
C02765,Bright 2765,2025-03-16,USA,Finance,SMB
C02766,Nexa 2766,2025-07-15,India,Education,Mid-Market
C02767,Apex 2767,2025-05-15,India,Consulting,Startup
C02768,Pulse 2768,2025-12-29,USA,Media,Mid-Market
C02769,Nexa 2769,2025-06-24,Germany,Healthcare,Enterprise
C02770,Vertex 2770,2025-12-16,India,Education,Startup
C02771,Vertex 2771,2025-08-30,UK,Finance,SMB
C02772,Core 2772,2025-01-15,USA,Technology,Startup
C02773,Orbit 2773,2025-03-16,Germany,Finance,Mid-Market
C02774,Cloud 2774,2025-09-15,India,Technology,SMB
C02775,Vertex 2775,2025-07-18,USA,Marketing,SMB
C02776,Vertex 2776,2025-04-21,India,Healthcare,Mid-Market
C02777,Blue 2777,2025-07-10,USA,Education,Mid-Market
C02778,Blue 2778,2025-11-26,India,Marketing,SMB
C02779,Bright 2779,2025-05-22,USA,Technology,Mid-Market
C02780,Cloud 2780,2025-01-17,Canada,Education,Enterprise
C02781,Apex 2781,2025-04-24,India,Technology,SMB
C02782,Vertex 2782,2025-12-08,Canada,Technology,Startup
C02783,Orbit 2783,2025-10-06,UK,Media,Mid-Market
C02784,Nexa 2784,2025-11-02,UK,Technology,Mid-Market
C02785,Blue 2785,2025-11-29,UK,Finance,SMB
C02786,Bright 2786,2025-02-12,USA,Education,Mid-Market
C02787,Vertex 2787,2025-04-14,Canada,Healthcare,SMB
C02788,Vertex 2788,2025-01-22,Canada,Healthcare,SMB
C02789,Bright 2789,2025-01-02,Canada,Consulting,Mid-Market
C02790,Nexa 2790,2025-11-01,USA,Marketing,Mid-Market
C02791,Nova 2791,2025-12-08,Germany,Marketing,Startup
C02792,Pulse 2792,2025-02-26,India,Retail,Startup
C02793,Apex 2793,2025-09-21,UK,Technology,SMB
C02794,Pulse 2794,2025-07-15,India,Healthcare,SMB
C02795,Apex 2795,2025-01-26,India,Technology,Mid-Market
C02796,Vertex 2796,2025-12-01,Germany,Technology,Startup
C02797,Nova 2797,2025-11-15,Singapore,Media,Mid-Market
C02798,Orbit 2798,2025-07-27,India,Consulting,SMB
C02799,Orbit 2799,2025-09-16,UK,Technology,Mid-Market
C02800,Core 2800,2025-05-25,Germany,Healthcare,SMB
C02801,Core 2801,2025-10-17,Singapore,Technology,Mid-Market
C02802,Vertex 2802,2025-06-12,Germany,Education,SMB
C02803,Bright 2803,2025-12-28,India,Finance,SMB
C02804,Cloud 2804,2025-01-24,India,Retail,SMB
C02805,Vertex 2805,2025-03-04,Germany,Technology,SMB
C02806,Nova 2806,2025-12-20,India,Finance,SMB
C02807,Nova 2807,2025-04-16,Singapore,Media,Enterprise
C02808,Orbit 2808,2025-04-24,Singapore,Retail,Mid-Market
C02809,Vertex 2809,2025-10-16,Netherlands,Finance,Startup
C02810,Vertex 2810,2025-03-11,USA,Marketing,Mid-Market
C02811,Vertex 2811,2025-07-07,Canada,Retail,Startup
C02812,Pulse 2812,2025-04-15,Germany,Education,SMB
C02813,Nexa 2813,2025-03-14,India,Education,Startup
C02814,Blue 2814,2025-12-18,USA,Education,Startup
C02815,Vertex 2815,2025-03-14,India,Retail,SMB
C02816,Cloud 2816,2025-02-04,USA,Marketing,SMB
C02817,Apex 2817,2025-09-03,Netherlands,Technology,SMB
C02818,Nexa 2818,2025-11-13,Australia,Healthcare,Startup
C02819,Vertex 2819,2025-02-16,USA,Consulting,Startup
C02820,Cloud 2820,2025-09-16,UK,Marketing,Startup
C02821,Apex 2821,2025-07-17,India,Finance,SMB
C02822,Nova 2822,2025-10-30,USA,Education,Startup
C02823,Bright 2823,2025-02-16,India,Healthcare,SMB
C02824,Pulse 2824,2025-12-23,Germany,Media,SMB
C02825,Orbit 2825,2025-08-14,Germany,Finance,Startup
C02826,Apex 2826,2025-11-04,Australia,Consulting,Mid-Market
C02827,Apex 2827,2025-05-13,Singapore,Marketing,Mid-Market
C02828,Blue 2828,2025-12-11,India,Technology,Mid-Market
C02829,Orbit 2829,2025-08-17,Canada,Healthcare,SMB
C02830,Orbit 2830,2025-02-16,India,Technology,SMB
C02831,Blue 2831,2025-12-03,USA,Consulting,SMB
C02832,Vertex 2832,2025-10-18,UK,Consulting,Enterprise
C02833,Nova 2833,2025-04-20,India,Technology,SMB
C02834,Apex 2834,2025-07-19,India,Marketing,Mid-Market
C02835,Bright 2835,2025-05-22,USA,Media,SMB
C02836,Cloud 2836,2025-07-18,India,Finance,Enterprise
C02837,Vertex 2837,2025-12-19,Singapore,Retail,Startup
C02838,Core 2838,2025-11-25,USA,Technology,SMB
C02839,Nexa 2839,2025-03-20,UK,Technology,SMB
C02840,Nexa 2840,2025-12-21,Netherlands,Marketing,Mid-Market
C02841,Vertex 2841,2025-06-09,UK,Technology,Mid-Market
C02842,Bright 2842,2025-09-15,USA,Retail,Mid-Market
C02843,Nexa 2843,2025-10-06,Singapore,Education,Mid-Market
C02844,Orbit 2844,2025-06-26,India,Education,SMB
C02845,Nexa 2845,2025-06-16,India,Education,Startup
C02846,Nexa 2846,2025-06-16,UK,Education,Mid-Market
C02847,Apex 2847,2025-11-11,USA,Consulting,SMB
C02848,Pulse 2848,2025-05-22,Australia,Education,Startup
C02849,Cloud 2849,2025-04-13,India,Retail,Startup
C02850,Nova 2850,2025-05-12,Germany,Marketing,SMB
C02851,Blue 2851,2025-03-13,Canada,Finance,SMB
C02852,Nova 2852,2025-05-23,Netherlands,Healthcare,Mid-Market
C02853,Cloud 2853,2025-02-11,India,Healthcare,SMB
C02854,Vertex 2854,2025-02-02,USA,Finance,Startup
C02855,Cloud 2855,2025-09-22,Singapore,Healthcare,Startup
C02856,Bright 2856,2025-01-29,Germany,Healthcare,Mid-Market
C02857,Vertex 2857,2025-07-27,India,Technology,Mid-Market
C02858,Apex 2858,2025-10-12,India,Retail,Mid-Market
C02859,Blue 2859,2025-09-22,Canada,Consulting,Startup
C02860,Vertex 2860,2025-06-12,UK,Finance,Enterprise
C02861,Blue 2861,2025-03-12,UK,Media,Mid-Market
C02862,Apex 2862,2025-12-06,Singapore,Media,SMB
C02863,Orbit 2863,2025-11-01,USA,Retail,Mid-Market
C02864,Apex 2864,2025-08-12,India,Technology,Startup
C02865,Bright 2865,2025-02-01,Germany,Healthcare,SMB
C02866,Vertex 2866,2025-01-13,Singapore,Healthcare,Mid-Market
C02867,Orbit 2867,2025-04-26,USA,Consulting,SMB
C02868,Blue 2868,2025-02-27,Germany,Education,Startup
C02869,Orbit 2869,2025-11-11,India,Education,SMB
C02870,Orbit 2870,2025-03-17,India,Consulting,Mid-Market
C02871,Nexa 2871,2025-04-14,Singapore,Media,Mid-Market
C02872,Bright 2872,2025-12-23,India,Marketing,SMB
C02873,Vertex 2873,2025-10-26,India,Retail,Enterprise
C02874,Orbit 2874,2025-03-21,Canada,Consulting,Startup
C02875,Core 2875,2025-05-20,USA,Finance,Startup
C02876,Bright 2876,2025-07-08,USA,Consulting,Startup
C02877,Core 2877,2025-08-31,Australia,Technology,Mid-Market
C02878,Core 2878,2025-12-08,India,Technology,Mid-Market
C02879,Cloud 2879,2025-11-14,Germany,Media,Mid-Market
C02880,Orbit 2880,2025-12-23,USA,Healthcare,Mid-Market
C02881,Pulse 2881,2025-01-15,India,Healthcare,SMB
C02882,Apex 2882,2025-03-28,Germany,Media,SMB
C02883,Nexa 2883,2025-07-25,USA,Finance,SMB
C02884,Blue 2884,2025-01-18,Australia,Technology,SMB
C02885,Nexa 2885,2025-05-10,Singapore,Technology,SMB
C02886,Core 2886,2025-02-26,Australia,Marketing,Startup
C02887,Core 2887,2025-12-07,USA,Technology,SMB
C02888,Core 2888,2025-01-24,India,Technology,SMB
C02889,Core 2889,2025-02-24,Singapore,Consulting,Startup
C02890,Cloud 2890,2025-03-13,USA,Finance,Enterprise
C02891,Nova 2891,2025-02-24,Canada,Marketing,Startup
C02892,Vertex 2892,2025-07-27,Australia,Technology,Enterprise
C02893,Cloud 2893,2025-05-13,USA,Marketing,Startup
C02894,Nexa 2894,2025-11-30,India,Education,Mid-Market
C02895,Orbit 2895,2025-04-06,Germany,Healthcare,SMB
C02896,Apex 2896,2025-07-16,UK,Finance,Startup
C02897,Nova 2897,2025-08-29,USA,Finance,Startup
C02898,Nexa 2898,2025-08-17,UK,Technology,SMB
C02899,Bright 2899,2025-10-18,Australia,Technology,Mid-Market
C02900,Pulse 2900,2025-03-15,USA,Marketing,Startup
C02901,Vertex 2901,2025-07-05,USA,Technology,Startup
C02902,Cloud 2902,2025-10-20,Canada,Technology,Mid-Market
C02903,Nova 2903,2025-11-12,Canada,Technology,SMB
C02904,Cloud 2904,2025-08-14,Netherlands,Consulting,SMB
C02905,Blue 2905,2025-08-26,India,Healthcare,Startup
C02906,Apex 2906,2025-11-12,Singapore,Marketing,SMB
C02907,Apex 2907,2025-08-17,Canada,Marketing,Startup
C02908,Cloud 2908,2025-12-13,Canada,Healthcare,SMB
C02909,Cloud 2909,2025-02-16,USA,Finance,Startup
C02910,Nexa 2910,2025-05-07,India,Healthcare,Enterprise
C02911,Blue 2911,2025-02-10,UK,Marketing,SMB
C02912,Pulse 2912,2025-02-03,USA,Finance,SMB
C02913,Pulse 2913,2025-06-22,USA,Technology,Mid-Market
C02914,Apex 2914,2025-03-24,Singapore,Retail,Enterprise
C02915,Nova 2915,2025-05-29,India,Consulting,Mid-Market
C02916,Pulse 2916,2025-06-09,Singapore,Technology,SMB
C02917,Core 2917,2025-08-15,UK,Retail,Mid-Market
C02918,Orbit 2918,2025-12-12,Australia,Technology,Startup
C02919,Nova 2919,2025-11-07,USA,Technology,Mid-Market
C02920,Pulse 2920,2025-05-19,Germany,Technology,Mid-Market
C02921,Blue 2921,2025-04-29,UK,Media,SMB
C02922,Cloud 2922,2025-10-09,Singapore,Technology,Mid-Market
C02923,Vertex 2923,2025-02-15,India,Consulting,Mid-Market
C02924,Pulse 2924,2025-07-17,India,Education,Mid-Market
C02925,Bright 2925,2025-06-04,Netherlands,Marketing,Enterprise
C02926,Pulse 2926,2025-03-08,India,Finance,Mid-Market
C02927,Pulse 2927,2025-08-14,Germany,Technology,Startup
C02928,Cloud 2928,2025-04-28,India,Consulting,Startup
C02929,Nova 2929,2025-03-09,India,Healthcare,SMB
C02930,Orbit 2930,2025-08-27,UK,Marketing,Startup
C02931,Apex 2931,2025-03-05,UK,Technology,Mid-Market
C02932,Core 2932,2025-09-03,UK,Consulting,Mid-Market
C02933,Bright 2933,2025-03-01,USA,Education,Startup
C02934,Cloud 2934,2025-06-08,Canada,Marketing,Enterprise
C02935,Core 2935,2025-10-22,Netherlands,Marketing,Mid-Market
C02936,Pulse 2936,2025-03-25,USA,Finance,Enterprise
C02937,Nexa 2937,2025-10-08,USA,Finance,Startup
C02938,Blue 2938,2025-09-21,USA,Technology,SMB
C02939,Pulse 2939,2025-11-26,Canada,Education,SMB
C02940,Core 2940,2025-03-03,USA,Technology,Mid-Market
C02941,Pulse 2941,2025-09-19,Germany,Technology,Enterprise
C02942,Apex 2942,2025-12-08,USA,Technology,Mid-Market
C02943,Nova 2943,2025-10-06,Germany,Technology,Startup
C02944,Nexa 2944,2025-03-10,Australia,Marketing,SMB
C02945,Pulse 2945,2025-10-28,UK,Education,Mid-Market
C02946,Blue 2946,2025-02-09,USA,Healthcare,Startup
C02947,Nexa 2947,2025-08-03,USA,Healthcare,Enterprise
C02948,Orbit 2948,2025-07-01,UK,Marketing,Mid-Market
C02949,Orbit 2949,2025-07-13,USA,Marketing,Mid-Market
C02950,Vertex 2950,2025-07-09,Australia,Retail,Enterprise
C02951,Nova 2951,2025-01-12,USA,Consulting,Startup
C02952,Nova 2952,2025-07-05,India,Consulting,SMB
C02953,Blue 2953,2025-12-08,India,Retail,SMB
C02954,Pulse 2954,2025-06-09,UK,Retail,Mid-Market
C02955,Cloud 2955,2025-04-12,Singapore,Marketing,Mid-Market
C02956,Apex 2956,2025-12-30,USA,Marketing,Startup
C02957,Apex 2957,2025-02-06,USA,Consulting,SMB
C02958,Cloud 2958,2025-06-27,USA,Technology,Startup
C02959,Apex 2959,2025-07-07,Netherlands,Finance,SMB
C02960,Bright 2960,2025-06-24,Australia,Retail,Enterprise
C02961,Nexa 2961,2025-12-03,India,Marketing,Startup
C02962,Pulse 2962,2025-06-03,Germany,Technology,Startup
C02963,Nova 2963,2025-12-22,Australia,Healthcare,SMB
C02964,Apex 2964,2025-01-25,Canada,Technology,Mid-Market
C02965,Blue 2965,2025-09-25,UK,Finance,Startup
C02966,Core 2966,2025-08-05,Canada,Marketing,Startup
C02967,Pulse 2967,2025-03-29,UK,Marketing,SMB
C02968,Pulse 2968,2025-03-25,India,Marketing,SMB
C02969,Nova 2969,2025-09-20,India,Technology,Startup
C02970,Blue 2970,2025-08-21,USA,Healthcare,Mid-Market
C02971,Pulse 2971,2025-08-12,India,Technology,Mid-Market
C02972,Core 2972,2025-01-19,USA,Healthcare,SMB
C02973,Blue 2973,2025-08-07,Australia,Education,Startup
C02974,Cloud 2974,2025-12-25,Australia,Technology,SMB
C02975,Nova 2975,2025-01-07,India,Retail,Startup
C02976,Nexa 2976,2025-06-21,India,Education,SMB
C02977,Apex 2977,2025-06-30,Germany,Technology,Mid-Market
C02978,Nova 2978,2025-11-24,UK,Healthcare,Startup
C02979,Cloud 2979,2025-04-14,India,Technology,Startup
C02980,Blue 2980,2025-06-23,Australia,Technology,Startup
C02981,Bright 2981,2025-09-19,India,Retail,Startup
C02982,Cloud 2982,2025-01-23,India,Education,Startup
C02983,Nexa 2983,2025-10-20,Canada,Consulting,SMB
C02984,Nexa 2984,2025-10-28,Germany,Education,Mid-Market
C02985,Bright 2985,2025-09-20,USA,Retail,Startup
C02986,Core 2986,2025-08-25,Germany,Retail,SMB
C02987,Orbit 2987,2025-09-30,Singapore,Technology,Enterprise
C02988,Vertex 2988,2025-10-13,India,Technology,SMB
C02989,Bright 2989,2025-11-26,Germany,Healthcare,Mid-Market
C02990,Core 2990,2025-06-06,India,Finance,SMB
C02991,Nova 2991,2025-06-16,USA,Marketing,Startup
C02992,Nova 2992,2025-08-21,USA,Finance,Startup
C02993,Nexa 2993,2025-03-12,USA,Consulting,Mid-Market
C02994,Apex 2994,2025-11-09,India,Technology,Mid-Market
C02995,Cloud 2995,2025-10-09,Australia,Consulting,SMB
C02996,Apex 2996,2025-08-19,USA,Healthcare,SMB
C02997,Vertex 2997,2025-04-21,Singapore,Technology,SMB
C02998,Bright 2998,2025-05-07,USA,Retail,Startup
C02999,Cloud 2999,2025-06-08,Australia,Healthcare,Startup
C03000,Orbit 3000,2025-08-30,UK,Consulting,Enterprise
C03001,Nexa 3001,2025-10-11,USA,Retail,Startup
C03002,Blue 3002,2025-09-03,Canada,Technology,SMB
C03003,Nova 3003,2025-12-06,Canada,Finance,Mid-Market
C03004,Bright 3004,2025-12-17,UK,Technology,SMB
C03005,Cloud 3005,2025-09-15,USA,Technology,Enterprise
C03006,Orbit 3006,2025-05-16,UK,Media,Startup
C03007,Orbit 3007,2025-08-07,UK,Consulting,Mid-Market
C03008,Core 3008,2025-06-05,USA,Finance,Startup
C03009,Blue 3009,2025-08-18,Canada,Education,Startup
C03010,Pulse 3010,2025-10-24,USA,Retail,SMB
C03011,Vertex 3011,2025-05-15,USA,Technology,Mid-Market
C03012,Nova 3012,2025-07-04,Germany,Technology,SMB
C03013,Core 3013,2025-01-17,Netherlands,Consulting,Startup
C03014,Blue 3014,2025-09-26,USA,Consulting,SMB
C03015,Cloud 3015,2025-06-28,India,Technology,Startup
C03016,Nova 3016,2025-06-17,India,Marketing,Mid-Market
C03017,Nexa 3017,2025-07-14,Germany,Technology,Enterprise
C03018,Orbit 3018,2025-03-20,USA,Marketing,Mid-Market
C03019,Core 3019,2025-08-07,USA,Education,SMB
C03020,Orbit 3020,2025-09-29,India,Finance,SMB
C03021,Pulse 3021,2025-05-08,Singapore,Consulting,SMB
C03022,Pulse 3022,2025-02-17,USA,Healthcare,Startup
C03023,Nova 3023,2025-05-22,Germany,Education,SMB
C03024,Vertex 3024,2025-03-14,India,Education,SMB
C03025,Pulse 3025,2025-05-17,India,Healthcare,Mid-Market
C03026,Vertex 3026,2025-08-17,India,Finance,SMB
C03027,Cloud 3027,2025-02-11,USA,Technology,Mid-Market
C03028,Pulse 3028,2025-09-30,USA,Consulting,Mid-Market
C03029,Cloud 3029,2025-03-23,USA,Education,Enterprise
C03030,Vertex 3030,2025-11-23,USA,Finance,Enterprise
C03031,Nova 3031,2025-09-25,India,Media,Startup
C03032,Apex 3032,2025-04-10,USA,Consulting,SMB
C03033,Nexa 3033,2025-07-25,India,Technology,Mid-Market
C03034,Pulse 3034,2025-02-10,India,Technology,Mid-Market
C03035,Blue 3035,2025-02-06,India,Marketing,Startup
C03036,Nexa 3036,2025-12-15,Germany,Technology,SMB
C03037,Pulse 3037,2025-10-20,Singapore,Media,Mid-Market
C03038,Cloud 3038,2025-02-26,Germany,Education,Startup
C03039,Bright 3039,2025-04-14,India,Technology,SMB
C03040,Bright 3040,2025-03-14,Netherlands,Healthcare,SMB
C03041,Nova 3041,2025-05-25,Netherlands,Technology,SMB
C03042,Blue 3042,2025-04-17,USA,Marketing,SMB
C03043,Cloud 3043,2025-04-30,India,Finance,Startup
C03044,Apex 3044,2025-07-13,Canada,Retail,Mid-Market
C03045,Bright 3045,2025-03-11,Netherlands,Consulting,Startup
C03046,Nova 3046,2025-11-19,Canada,Retail,Mid-Market
C03047,Blue 3047,2025-09-23,Germany,Technology,Startup
C03048,Cloud 3048,2025-10-05,Germany,Healthcare,Mid-Market
C03049,Vertex 3049,2025-03-03,Netherlands,Consulting,SMB
C03050,Bright 3050,2025-09-16,India,Healthcare,SMB
C03051,Vertex 3051,2025-11-02,India,Healthcare,Startup
C03052,Blue 3052,2025-03-05,Australia,Media,SMB
C03053,Vertex 3053,2025-10-02,India,Consulting,Startup
C03054,Bright 3054,2025-05-11,USA,Retail,Startup
C03055,Cloud 3055,2025-10-15,USA,Healthcare,Mid-Market
C03056,Nova 3056,2025-06-24,USA,Marketing,Startup
C03057,Nova 3057,2025-10-20,India,Healthcare,Enterprise
C03058,Orbit 3058,2025-02-23,UK,Healthcare,SMB
C03059,Cloud 3059,2025-05-23,USA,Technology,Startup
C03060,Nova 3060,2025-04-10,UK,Retail,Enterprise
C03061,Cloud 3061,2025-04-01,USA,Healthcare,Startup
C03062,Cloud 3062,2025-04-23,Netherlands,Marketing,Mid-Market
C03063,Apex 3063,2025-05-20,UK,Retail,SMB
C03064,Blue 3064,2025-02-16,Netherlands,Consulting,SMB
C03065,Bright 3065,2025-09-16,USA,Technology,Mid-Market
C03066,Pulse 3066,2025-07-20,India,Marketing,Startup
C03067,Pulse 3067,2025-10-30,Canada,Marketing,Mid-Market
C03068,Nova 3068,2025-09-15,Australia,Finance,Startup
C03069,Orbit 3069,2025-02-24,India,Technology,Mid-Market
C03070,Apex 3070,2025-01-26,Germany,Education,Startup
C03071,Orbit 3071,2025-06-04,Germany,Consulting,Startup
C03072,Vertex 3072,2025-06-25,India,Media,Startup
C03073,Apex 3073,2025-03-29,UK,Finance,SMB
C03074,Vertex 3074,2025-10-13,USA,Healthcare,Enterprise
C03075,Blue 3075,2025-08-01,India,Technology,Enterprise
C03076,Orbit 3076,2025-10-01,Australia,Media,Mid-Market
C03077,Nova 3077,2025-02-09,UK,Retail,Mid-Market
C03078,Orbit 3078,2025-10-25,Canada,Media,Mid-Market
C03079,Blue 3079,2025-03-17,Canada,Marketing,SMB
C03080,Pulse 3080,2025-06-13,Netherlands,Technology,Startup
C03081,Cloud 3081,2025-06-10,USA,Marketing,Mid-Market
C03082,Core 3082,2025-10-27,USA,Healthcare,Startup
C03083,Vertex 3083,2025-04-12,USA,Finance,Mid-Market
C03084,Cloud 3084,2025-03-29,Germany,Technology,SMB
C03085,Vertex 3085,2025-05-04,UK,Technology,Startup
C03086,Blue 3086,2025-05-12,Canada,Healthcare,Mid-Market
C03087,Pulse 3087,2025-03-08,USA,Retail,Startup
C03088,Orbit 3088,2025-03-06,India,Consulting,Enterprise
C03089,Nexa 3089,2025-03-26,Australia,Consulting,Enterprise
C03090,Cloud 3090,2025-06-20,Australia,Technology,SMB
C03091,Nova 3091,2025-05-06,USA,Consulting,Mid-Market
C03092,Core 3092,2025-05-24,Germany,Healthcare,Startup
C03093,Blue 3093,2025-09-20,UK,Technology,SMB
C03094,Nova 3094,2025-03-29,Canada,Healthcare,Mid-Market
C03095,Nova 3095,2025-11-29,USA,Technology,Startup
C03096,Orbit 3096,2025-10-02,UK,Retail,Startup
C03097,Nova 3097,2025-03-05,India,Retail,SMB
C03098,Pulse 3098,2025-04-25,India,Finance,Mid-Market
C03099,Blue 3099,2025-03-08,Canada,Marketing,Mid-Market
C03100,Cloud 3100,2025-04-10,USA,Finance,Startup
C03101,Cloud 3101,2025-05-14,India,Technology,Startup
C03102,Core 3102,2025-02-17,India,Education,Mid-Market
C03103,Bright 3103,2025-01-06,USA,Consulting,Startup
C03104,Cloud 3104,2025-06-10,Canada,Consulting,Startup
C03105,Nova 3105,2025-09-13,USA,Technology,Startup
C03106,Core 3106,2025-04-21,Canada,Marketing,Mid-Market
C03107,Blue 3107,2025-11-11,Australia,Technology,Startup
C03108,Nova 3108,2025-05-15,USA,Technology,SMB
C03109,Core 3109,2025-11-25,Australia,Technology,SMB
C03110,Vertex 3110,2025-03-28,India,Technology,Startup
C03111,Vertex 3111,2025-07-16,USA,Finance,Enterprise
C03112,Bright 3112,2025-10-06,India,Finance,Mid-Market
C03113,Apex 3113,2025-01-22,India,Education,SMB
C03114,Core 3114,2025-12-06,India,Finance,SMB
C03115,Nexa 3115,2025-05-14,India,Technology,Startup
C03116,Vertex 3116,2025-07-01,Australia,Media,SMB
C03117,Orbit 3117,2025-08-18,UK,Retail,Startup
C03118,Core 3118,2025-08-23,Netherlands,Technology,SMB
C03119,Nexa 3119,2025-01-09,UK,Finance,Startup
C03120,Cloud 3120,2025-11-13,Germany,Technology,Mid-Market
C03121,Vertex 3121,2025-08-16,India,Media,SMB
C03122,Apex 3122,2025-12-31,UK,Finance,SMB
C03123,Apex 3123,2025-06-22,USA,Technology,Startup
C03124,Bright 3124,2025-08-12,Singapore,Consulting,Startup
C03125,Vertex 3125,2025-06-10,Singapore,Consulting,SMB
C03126,Vertex 3126,2025-11-21,India,Finance,SMB
C03127,Orbit 3127,2025-10-31,Germany,Finance,Enterprise
C03128,Blue 3128,2025-11-28,Germany,Healthcare,SMB
C03129,Orbit 3129,2025-07-04,UK,Finance,Startup
C03130,Apex 3130,2025-10-16,India,Finance,SMB
C03131,Blue 3131,2025-05-11,Germany,Consulting,SMB
C03132,Nexa 3132,2025-06-18,Australia,Consulting,Mid-Market
C03133,Pulse 3133,2025-10-05,USA,Education,Startup
C03134,Orbit 3134,2025-01-30,UK,Education,Mid-Market
C03135,Pulse 3135,2025-09-17,India,Marketing,Mid-Market
C03136,Orbit 3136,2025-01-06,Singapore,Finance,Startup
C03137,Nexa 3137,2025-07-31,India,Consulting,SMB
C03138,Nexa 3138,2025-06-24,India,Technology,SMB
C03139,Pulse 3139,2025-06-21,USA,Technology,SMB
C03140,Core 3140,2025-06-30,Australia,Technology,SMB
C03141,Cloud 3141,2025-06-29,Canada,Consulting,SMB
C03142,Nexa 3142,2025-05-29,India,Marketing,Mid-Market
C03143,Nova 3143,2025-06-14,India,Healthcare,SMB
C03144,Orbit 3144,2025-07-27,Canada,Healthcare,SMB
C03145,Core 3145,2025-10-06,USA,Consulting,Mid-Market
C03146,Nexa 3146,2025-07-21,India,Technology,SMB
C03147,Cloud 3147,2025-08-23,Netherlands,Healthcare,SMB
C03148,Nexa 3148,2025-11-02,India,Consulting,Startup
C03149,Bright 3149,2025-12-28,UK,Education,Startup
C03150,Apex 3150,2025-02-09,USA,Healthcare,Startup
C03151,Cloud 3151,2025-09-18,Canada,Technology,SMB
C03152,Nexa 3152,2025-03-24,Canada,Media,Mid-Market
C03153,Vertex 3153,2025-03-13,USA,Healthcare,Startup
C03154,Apex 3154,2025-10-17,Germany,Retail,Mid-Market
C03155,Blue 3155,2025-01-26,Singapore,Consulting,Startup
C03156,Pulse 3156,2025-11-06,Australia,Retail,Startup
C03157,Apex 3157,2025-10-09,USA,Technology,SMB
C03158,Blue 3158,2025-12-30,USA,Healthcare,SMB
C03159,Nova 3159,2025-09-01,Singapore,Finance,Startup
C03160,Blue 3160,2025-11-15,India,Finance,Startup
C03161,Bright 3161,2025-02-13,India,Finance,SMB
C03162,Core 3162,2025-11-21,India,Healthcare,SMB
C03163,Blue 3163,2025-02-28,Australia,Healthcare,SMB
C03164,Nexa 3164,2025-04-25,India,Education,SMB
C03165,Nexa 3165,2025-02-16,USA,Finance,SMB
C03166,Pulse 3166,2025-05-27,Germany,Finance,Startup
C03167,Cloud 3167,2025-10-01,India,Finance,Startup
C03168,Vertex 3168,2025-04-08,USA,Education,SMB
C03169,Bright 3169,2025-10-28,USA,Technology,SMB
C03170,Apex 3170,2025-08-10,India,Consulting,Enterprise
C03171,Pulse 3171,2025-08-18,Netherlands,Finance,Mid-Market
C03172,Cloud 3172,2025-12-09,India,Marketing,Startup
C03173,Orbit 3173,2025-06-07,Australia,Consulting,Startup
C03174,Nova 3174,2025-05-06,USA,Marketing,Mid-Market
C03175,Nova 3175,2025-12-30,India,Education,SMB
C03176,Blue 3176,2025-07-23,India,Retail,SMB
C03177,Core 3177,2025-08-13,UK,Technology,Mid-Market
C03178,Core 3178,2025-04-19,USA,Finance,SMB
C03179,Bright 3179,2025-03-20,India,Retail,Startup
C03180,Orbit 3180,2025-03-03,Netherlands,Retail,Startup
C03181,Nexa 3181,2025-03-23,USA,Marketing,Startup
C03182,Cloud 3182,2025-03-13,Singapore,Technology,Startup
C03183,Pulse 3183,2025-09-30,India,Finance,Startup
C03184,Nexa 3184,2025-01-22,India,Retail,SMB
C03185,Apex 3185,2025-08-18,UK,Education,SMB
C03186,Apex 3186,2025-12-13,USA,Finance,Startup
C03187,Bright 3187,2025-10-07,India,Technology,Startup
C03188,Core 3188,2025-05-28,India,Consulting,Enterprise
C03189,Blue 3189,2025-01-22,India,Marketing,Startup
C03190,Blue 3190,2025-11-01,Canada,Media,Startup
C03191,Pulse 3191,2025-01-02,USA,Healthcare,SMB
C03192,Bright 3192,2025-09-06,Netherlands,Finance,Startup
C03193,Pulse 3193,2025-09-02,India,Finance,Startup
C03194,Cloud 3194,2025-03-12,USA,Marketing,Startup
C03195,Core 3195,2025-09-28,USA,Finance,Enterprise
C03196,Cloud 3196,2025-03-06,UK,Technology,SMB
C03197,Apex 3197,2025-03-24,Singapore,Finance,SMB
C03198,Nova 3198,2025-10-24,Australia,Technology,Mid-Market
C03199,Nova 3199,2025-12-24,India,Consulting,SMB
C03200,Bright 3200,2025-04-07,USA,Technology,Startup
C03201,Orbit 3201,2025-12-03,Australia,Healthcare,SMB
C03202,Nova 3202,2025-11-30,India,Education,SMB
C03203,Core 3203,2025-10-08,UK,Technology,SMB
C03204,Vertex 3204,2025-02-21,USA,Marketing,Mid-Market
C03205,Blue 3205,2025-04-20,USA,Retail,Startup
C03206,Cloud 3206,2025-09-05,USA,Marketing,Startup
C03207,Bright 3207,2025-12-31,USA,Marketing,SMB
C03208,Vertex 3208,2025-10-25,Singapore,Retail,Startup
C03209,Core 3209,2025-06-03,UK,Media,Enterprise
C03210,Pulse 3210,2025-03-27,Singapore,Consulting,SMB
C03211,Nova 3211,2025-12-17,Canada,Healthcare,Startup
C03212,Vertex 3212,2025-04-11,USA,Marketing,SMB
C03213,Nexa 3213,2025-05-05,UK,Marketing,Mid-Market
C03214,Core 3214,2025-12-19,USA,Finance,SMB
C03215,Vertex 3215,2025-07-25,Australia,Healthcare,SMB
C03216,Cloud 3216,2025-04-07,India,Consulting,Mid-Market
C03217,Orbit 3217,2025-01-02,Singapore,Finance,Startup
C03218,Vertex 3218,2025-06-06,UK,Retail,SMB
C03219,Bright 3219,2025-12-26,Germany,Media,SMB
C03220,Nova 3220,2025-06-07,UK,Finance,Mid-Market
C03221,Apex 3221,2025-09-13,UK,Technology,Mid-Market
C03222,Pulse 3222,2025-04-03,Germany,Media,Enterprise
C03223,Apex 3223,2025-10-11,Germany,Technology,Startup
C03224,Cloud 3224,2025-10-11,India,Consulting,Mid-Market
C03225,Apex 3225,2025-08-11,UK,Technology,Mid-Market
C03226,Orbit 3226,2025-10-09,USA,Technology,SMB
C03227,Vertex 3227,2025-07-31,Germany,Finance,Enterprise
C03228,Vertex 3228,2025-05-19,UK,Finance,Mid-Market
C03229,Vertex 3229,2025-09-27,India,Retail,Mid-Market
C03230,Blue 3230,2025-11-01,Canada,Technology,Startup
C03231,Pulse 3231,2025-11-03,USA,Technology,Startup
C03232,Vertex 3232,2025-03-19,UK,Education,Enterprise
C03233,Bright 3233,2025-09-04,Germany,Media,Enterprise
C03234,Apex 3234,2025-01-02,Germany,Healthcare,Startup
C03235,Vertex 3235,2025-07-28,Canada,Consulting,Startup
C03236,Core 3236,2025-07-28,India,Technology,SMB
C03237,Blue 3237,2025-05-13,India,Consulting,Startup
C03238,Cloud 3238,2025-12-29,Germany,Consulting,SMB
C03239,Nova 3239,2025-11-19,India,Retail,Enterprise
C03240,Cloud 3240,2025-01-15,India,Education,Startup
C03241,Orbit 3241,2025-03-18,India,Media,Mid-Market
C03242,Core 3242,2025-03-17,USA,Healthcare,SMB
C03243,Bright 3243,2025-11-24,Netherlands,Consulting,Startup
C03244,Cloud 3244,2025-07-09,India,Consulting,SMB
C03245,Cloud 3245,2025-09-24,USA,Finance,SMB
C03246,Nova 3246,2025-10-23,Singapore,Retail,Mid-Market
C03247,Nova 3247,2025-10-08,Netherlands,Consulting,SMB
C03248,Apex 3248,2025-02-02,India,Retail,Enterprise
C03249,Nexa 3249,2025-02-21,Singapore,Finance,Startup
C03250,Nova 3250,2025-05-25,India,Retail,Enterprise
C03251,Cloud 3251,2025-05-04,Canada,Finance,SMB
C03252,Blue 3252,2025-09-30,India,Media,SMB
C03253,Blue 3253,2025-02-27,USA,Technology,Startup
C03254,Nexa 3254,2025-05-16,USA,Marketing,Startup
C03255,Orbit 3255,2025-03-28,Canada,Technology,SMB
C03256,Orbit 3256,2025-03-10,India,Consulting,Enterprise
C03257,Bright 3257,2025-03-05,USA,Finance,Mid-Market
C03258,Cloud 3258,2025-03-13,Germany,Retail,Startup
C03259,Bright 3259,2025-07-25,India,Retail,SMB
C03260,Nexa 3260,2025-05-30,Singapore,Finance,SMB
C03261,Nexa 3261,2025-06-08,USA,Consulting,Mid-Market
C03262,Nexa 3262,2025-06-24,India,Education,Mid-Market
C03263,Nexa 3263,2025-09-28,India,Healthcare,Startup
C03264,Nova 3264,2025-11-11,USA,Finance,Startup
C03265,Nexa 3265,2025-07-12,India,Technology,Startup
C03266,Core 3266,2025-08-23,UK,Technology,SMB
C03267,Nexa 3267,2025-09-27,Germany,Marketing,Startup
C03268,Orbit 3268,2025-09-09,USA,Marketing,Startup
C03269,Cloud 3269,2025-02-19,USA,Healthcare,Mid-Market
C03270,Pulse 3270,2025-12-25,Canada,Media,SMB
C03271,Apex 3271,2025-03-02,USA,Technology,Enterprise
C03272,Cloud 3272,2025-05-31,Germany,Retail,Mid-Market
C03273,Apex 3273,2025-08-27,Singapore,Consulting,Startup
C03274,Vertex 3274,2025-05-28,India,Consulting,Startup
C03275,Blue 3275,2025-03-30,Germany,Marketing,SMB
C03276,Pulse 3276,2025-12-04,Netherlands,Technology,Mid-Market
C03277,Bright 3277,2025-01-27,UK,Retail,SMB
C03278,Pulse 3278,2025-03-31,Netherlands,Consulting,Enterprise
C03279,Nova 3279,2025-12-29,USA,Retail,Mid-Market
C03280,Bright 3280,2025-09-24,UK,Technology,SMB
C03281,Nexa 3281,2025-02-01,USA,Marketing,Startup
C03282,Nova 3282,2025-10-03,India,Healthcare,SMB
C03283,Pulse 3283,2025-12-20,Netherlands,Education,SMB
C03284,Core 3284,2025-02-05,USA,Consulting,Startup
C03285,Orbit 3285,2025-06-01,Netherlands,Technology,Mid-Market
C03286,Cloud 3286,2025-06-20,Germany,Technology,SMB
C03287,Pulse 3287,2025-02-17,Singapore,Technology,Startup
C03288,Bright 3288,2025-03-15,Netherlands,Technology,Mid-Market
C03289,Pulse 3289,2025-03-05,UK,Finance,SMB
C03290,Nexa 3290,2025-03-09,Netherlands,Technology,Startup
C03291,Nova 3291,2025-05-28,Canada,Finance,SMB
C03292,Nova 3292,2025-06-19,UK,Education,Mid-Market
C03293,Nova 3293,2025-03-28,Germany,Consulting,SMB
C03294,Nova 3294,2025-04-16,India,Finance,SMB
C03295,Cloud 3295,2025-03-12,India,Technology,Mid-Market
C03296,Nova 3296,2025-10-18,USA,Consulting,Mid-Market
C03297,Blue 3297,2025-03-19,USA,Healthcare,Startup
C03298,Blue 3298,2025-11-28,India,Finance,Startup
C03299,Vertex 3299,2025-07-16,UK,Healthcare,SMB
C03300,Bright 3300,2025-10-20,Germany,Media,Startup
C03301,Pulse 3301,2025-08-21,Germany,Healthcare,Enterprise
C03302,Nexa 3302,2025-04-08,Singapore,Media,Startup
C03303,Orbit 3303,2025-08-08,Netherlands,Finance,Mid-Market
C03304,Blue 3304,2025-04-11,Singapore,Technology,Enterprise
C03305,Nexa 3305,2025-02-13,Germany,Technology,SMB
C03306,Nexa 3306,2025-04-03,India,Consulting,SMB
C03307,Orbit 3307,2025-04-11,Netherlands,Marketing,Startup
C03308,Orbit 3308,2025-02-19,India,Marketing,SMB
C03309,Cloud 3309,2025-01-09,India,Media,Enterprise
C03310,Orbit 3310,2025-12-11,USA,Marketing,Enterprise
C03311,Blue 3311,2025-07-07,UK,Technology,SMB
C03312,Bright 3312,2025-05-27,Germany,Consulting,Mid-Market
C03313,Vertex 3313,2025-12-06,India,Technology,Mid-Market
C03314,Orbit 3314,2025-03-24,Canada,Marketing,SMB
C03315,Pulse 3315,2025-05-28,India,Retail,Mid-Market
C03316,Blue 3316,2025-11-06,USA,Healthcare,Startup
C03317,Orbit 3317,2025-08-19,USA,Finance,Enterprise
C03318,Pulse 3318,2025-05-26,USA,Marketing,Mid-Market
C03319,Cloud 3319,2025-04-04,Canada,Technology,SMB
C03320,Apex 3320,2025-01-13,India,Finance,SMB
C03321,Apex 3321,2025-02-01,India,Marketing,Enterprise
C03322,Bright 3322,2025-03-01,India,Finance,Startup
C03323,Pulse 3323,2025-10-15,Canada,Technology,SMB
C03324,Core 3324,2025-08-22,Netherlands,Marketing,SMB
C03325,Bright 3325,2025-06-08,Germany,Healthcare,SMB
C03326,Vertex 3326,2025-10-13,UK,Healthcare,Startup
C03327,Core 3327,2025-02-28,Singapore,Media,Startup
C03328,Core 3328,2025-03-18,USA,Technology,Enterprise
C03329,Blue 3329,2025-05-24,India,Technology,Mid-Market
C03330,Cloud 3330,2025-12-01,UK,Retail,Mid-Market
C03331,Pulse 3331,2025-08-13,USA,Technology,SMB
C03332,Pulse 3332,2025-11-07,USA,Retail,Mid-Market
C03333,Pulse 3333,2025-04-01,USA,Education,SMB
C03334,Core 3334,2025-11-06,USA,Marketing,Mid-Market
C03335,Blue 3335,2025-01-27,UK,Finance,Mid-Market
C03336,Apex 3336,2025-03-25,USA,Finance,Startup
C03337,Nova 3337,2025-07-10,India,Consulting,Enterprise
C03338,Vertex 3338,2025-01-19,Australia,Technology,Enterprise
C03339,Core 3339,2025-11-10,Canada,Consulting,SMB
C03340,Core 3340,2025-11-13,India,Consulting,Enterprise
C03341,Nova 3341,2025-07-17,India,Education,Mid-Market
C03342,Bright 3342,2025-04-22,India,Technology,Startup
C03343,Cloud 3343,2025-02-06,India,Consulting,Startup
C03344,Bright 3344,2025-08-14,India,Consulting,Mid-Market
C03345,Nexa 3345,2025-07-16,India,Technology,Mid-Market
C03346,Orbit 3346,2025-10-05,Australia,Retail,Startup
C03347,Apex 3347,2025-08-08,Australia,Technology,SMB
C03348,Apex 3348,2025-02-16,Canada,Media,SMB
C03349,Nexa 3349,2025-02-14,Germany,Technology,SMB
C03350,Nexa 3350,2025-10-13,Canada,Technology,Startup
C03351,Nova 3351,2025-02-28,Canada,Education,Startup
C03352,Vertex 3352,2025-12-09,Singapore,Technology,Mid-Market
C03353,Bright 3353,2025-02-08,Canada,Technology,Startup
C03354,Apex 3354,2025-09-23,Canada,Technology,SMB
C03355,Blue 3355,2025-12-22,Australia,Consulting,SMB
C03356,Core 3356,2025-06-11,UK,Technology,Enterprise
C03357,Nexa 3357,2025-01-21,India,Education,Enterprise
C03358,Nova 3358,2025-11-16,India,Marketing,Enterprise
C03359,Vertex 3359,2025-03-10,USA,Marketing,SMB
C03360,Apex 3360,2025-07-12,India,Healthcare,Startup
C03361,Orbit 3361,2025-12-26,India,Finance,Startup
C03362,Nexa 3362,2025-09-29,India,Media,SMB
C03363,Vertex 3363,2025-01-17,USA,Consulting,Startup
C03364,Core 3364,2025-10-27,Netherlands,Retail,Startup
C03365,Apex 3365,2025-02-28,USA,Consulting,SMB
C03366,Orbit 3366,2025-10-01,USA,Consulting,SMB
C03367,Nova 3367,2025-08-15,USA,Media,SMB
C03368,Core 3368,2025-04-16,USA,Healthcare,Enterprise
C03369,Orbit 3369,2025-06-04,Germany,Retail,SMB
C03370,Cloud 3370,2025-02-13,Germany,Technology,Startup
C03371,Bright 3371,2025-12-27,India,Technology,SMB
C03372,Bright 3372,2025-03-28,UK,Marketing,SMB
C03373,Nova 3373,2025-04-23,India,Healthcare,Enterprise
C03374,Blue 3374,2025-07-03,Germany,Healthcare,SMB
C03375,Core 3375,2025-09-03,Singapore,Marketing,SMB
C03376,Core 3376,2025-07-04,Singapore,Marketing,Mid-Market
C03377,Bright 3377,2025-07-04,India,Retail,SMB
C03378,Orbit 3378,2025-08-01,Canada,Finance,SMB
C03379,Apex 3379,2025-11-10,Australia,Finance,Startup
C03380,Apex 3380,2025-05-25,Australia,Education,SMB
C03381,Orbit 3381,2025-10-31,USA,Education,Startup
C03382,Apex 3382,2025-10-15,USA,Consulting,Mid-Market
C03383,Pulse 3383,2025-12-17,India,Finance,Startup
C03384,Nova 3384,2025-11-30,India,Technology,Startup
C03385,Vertex 3385,2025-10-19,Germany,Media,SMB
C03386,Core 3386,2025-04-01,USA,Technology,SMB
C03387,Core 3387,2025-10-10,USA,Education,SMB
C03388,Core 3388,2025-09-26,Australia,Finance,Enterprise
C03389,Bright 3389,2025-04-16,UK,Healthcare,SMB
C03390,Apex 3390,2025-09-05,Netherlands,Retail,Enterprise
C03391,Nova 3391,2025-04-03,Australia,Healthcare,SMB
C03392,Cloud 3392,2025-07-10,Australia,Technology,SMB
C03393,Pulse 3393,2025-10-18,Canada,Consulting,SMB
C03394,Bright 3394,2025-03-10,India,Technology,SMB
C03395,Apex 3395,2025-05-03,India,Finance,Startup
C03396,Vertex 3396,2025-10-18,Singapore,Marketing,Startup
C03397,Apex 3397,2025-06-15,India,Healthcare,Mid-Market
C03398,Pulse 3398,2025-12-17,USA,Education,Mid-Market
C03399,Orbit 3399,2025-01-03,Germany,Healthcare,Startup
C03400,Orbit 3400,2025-09-21,India,Healthcare,Startup
C03401,Blue 3401,2025-10-25,India,Finance,Startup
C03402,Cloud 3402,2025-12-02,USA,Retail,SMB
C03403,Cloud 3403,2025-02-27,USA,Technology,Startup
C03404,Nexa 3404,2025-12-26,Germany,Media,Mid-Market
C03405,Apex 3405,2025-05-24,India,Finance,Startup
C03406,Blue 3406,2025-05-09,UK,Finance,Mid-Market
C03407,Nova 3407,2025-05-10,India,Consulting,Mid-Market
C03408,Vertex 3408,2025-08-21,Germany,Healthcare,Startup
C03409,Bright 3409,2025-08-29,India,Marketing,Mid-Market
C03410,Apex 3410,2025-06-22,India,Retail,Enterprise
C03411,Core 3411,2025-01-26,Australia,Retail,SMB
C03412,Apex 3412,2025-12-27,India,Marketing,Startup
C03413,Apex 3413,2025-03-23,Canada,Consulting,SMB
C03414,Vertex 3414,2025-02-04,USA,Healthcare,SMB
C03415,Apex 3415,2025-08-07,India,Consulting,Enterprise
C03416,Orbit 3416,2025-05-31,USA,Technology,SMB
C03417,Orbit 3417,2025-08-13,Singapore,Technology,Mid-Market
C03418,Nexa 3418,2025-11-16,USA,Marketing,SMB
C03419,Apex 3419,2025-02-05,USA,Technology,Startup
C03420,Vertex 3420,2025-04-14,UK,Consulting,SMB
C03421,Vertex 3421,2025-07-08,USA,Technology,Mid-Market
C03422,Vertex 3422,2025-10-15,Australia,Technology,SMB
C03423,Nexa 3423,2025-08-08,Netherlands,Education,SMB
C03424,Core 3424,2025-05-20,UK,Marketing,Enterprise
C03425,Core 3425,2025-08-11,USA,Media,SMB
C03426,Bright 3426,2025-12-24,USA,Finance,Mid-Market
C03427,Nova 3427,2025-06-25,Netherlands,Technology,Startup
C03428,Nexa 3428,2025-11-19,UK,Technology,Mid-Market
C03429,Nova 3429,2025-10-12,India,Healthcare,SMB
C03430,Nexa 3430,2025-04-20,Netherlands,Technology,Startup
C03431,Bright 3431,2025-04-02,Netherlands,Consulting,Startup
C03432,Core 3432,2025-10-09,USA,Technology,Startup
C03433,Nexa 3433,2025-03-17,USA,Retail,SMB
C03434,Pulse 3434,2025-05-03,Germany,Marketing,SMB
C03435,Apex 3435,2025-03-27,Australia,Education,Startup
C03436,Core 3436,2025-08-10,UK,Technology,SMB
C03437,Orbit 3437,2025-04-18,USA,Technology,Enterprise
C03438,Nexa 3438,2025-08-29,USA,Finance,Startup
C03439,Bright 3439,2025-12-08,USA,Marketing,SMB
C03440,Apex 3440,2025-10-30,India,Marketing,Enterprise
C03441,Core 3441,2025-12-13,Canada,Finance,SMB
C03442,Bright 3442,2025-01-09,India,Finance,Enterprise
C03443,Nova 3443,2025-06-16,USA,Media,SMB
C03444,Bright 3444,2025-03-22,Australia,Finance,Mid-Market
C03445,Bright 3445,2025-12-02,USA,Technology,Mid-Market
C03446,Apex 3446,2025-09-17,USA,Finance,Startup
C03447,Nova 3447,2025-04-27,Netherlands,Finance,SMB
C03448,Vertex 3448,2025-07-25,India,Healthcare,SMB
C03449,Bright 3449,2025-08-09,Singapore,Education,Startup
C03450,Apex 3450,2025-06-30,India,Marketing,SMB
C03451,Nova 3451,2025-06-23,USA,Education,Mid-Market
C03452,Bright 3452,2025-01-21,Germany,Technology,Startup
C03453,Bright 3453,2025-06-15,USA,Technology,SMB
C03454,Nova 3454,2025-05-08,UK,Consulting,Startup
C03455,Cloud 3455,2025-10-26,India,Technology,Startup
C03456,Cloud 3456,2025-11-12,UK,Finance,SMB
C03457,Vertex 3457,2025-10-01,India,Healthcare,Startup
C03458,Pulse 3458,2025-01-12,Australia,Consulting,SMB
C03459,Nova 3459,2025-11-04,UK,Technology,Startup
C03460,Orbit 3460,2025-05-25,UK,Retail,Enterprise
C03461,Nexa 3461,2025-06-01,India,Finance,Mid-Market
C03462,Core 3462,2025-12-11,UK,Media,Startup
C03463,Orbit 3463,2025-11-13,UK,Finance,Startup
C03464,Orbit 3464,2025-01-19,USA,Consulting,Startup
C03465,Pulse 3465,2025-05-12,Germany,Healthcare,Startup
C03466,Core 3466,2025-10-01,India,Retail,Mid-Market
C03467,Cloud 3467,2025-07-16,India,Healthcare,SMB
C03468,Pulse 3468,2025-04-05,Canada,Retail,SMB
C03469,Apex 3469,2025-07-11,India,Consulting,Mid-Market
C03470,Nova 3470,2025-11-13,USA,Marketing,Mid-Market
C03471,Nexa 3471,2025-03-23,Germany,Finance,SMB
C03472,Blue 3472,2025-09-30,Canada,Finance,SMB
C03473,Vertex 3473,2025-09-26,India,Media,SMB
C03474,Nova 3474,2025-11-20,India,Retail,SMB
C03475,Blue 3475,2025-04-19,USA,Technology,Startup
C03476,Orbit 3476,2025-03-20,UK,Technology,SMB
C03477,Cloud 3477,2025-07-19,USA,Technology,Startup
C03478,Pulse 3478,2025-07-13,Germany,Technology,Startup
C03479,Bright 3479,2025-05-30,Canada,Finance,SMB
C03480,Bright 3480,2025-10-12,Netherlands,Retail,Mid-Market
C03481,Cloud 3481,2025-10-19,USA,Technology,SMB
C03482,Orbit 3482,2025-03-31,India,Retail,Enterprise
C03483,Vertex 3483,2025-10-18,USA,Media,SMB
C03484,Bright 3484,2025-03-26,India,Finance,Enterprise
C03485,Bright 3485,2025-05-29,USA,Healthcare,Startup
C03486,Nova 3486,2025-01-10,Singapore,Marketing,SMB
C03487,Pulse 3487,2025-05-05,USA,Technology,Startup
C03488,Nova 3488,2025-12-16,India,Consulting,Startup
C03489,Blue 3489,2025-06-11,UK,Marketing,Startup
C03490,Nova 3490,2025-09-17,Netherlands,Technology,SMB
C03491,Bright 3491,2025-02-09,India,Retail,Startup
C03492,Nova 3492,2025-08-20,Canada,Finance,Startup
C03493,Bright 3493,2025-05-16,Australia,Technology,Startup
C03494,Nexa 3494,2025-09-29,USA,Media,Mid-Market
C03495,Nova 3495,2025-12-05,Germany,Technology,SMB
C03496,Orbit 3496,2025-07-14,USA,Technology,Startup
C03497,Pulse 3497,2025-02-07,USA,Technology,Startup
C03498,Apex 3498,2025-06-23,USA,Finance,Mid-Market
C03499,Vertex 3499,2025-02-14,India,Healthcare,Mid-Market
C03500,Nexa 3500,2025-06-14,Canada,Education,SMB
C03501,Vertex 3501,2025-01-23,Australia,Finance,SMB
C03502,Nova 3502,2025-08-22,USA,Marketing,Startup
C03503,Apex 3503,2025-04-24,UK,Technology,SMB
C03504,Cloud 3504,2025-03-15,India,Healthcare,Mid-Market
C03505,Nova 3505,2025-01-07,India,Media,Mid-Market
C03506,Pulse 3506,2025-11-21,Germany,Consulting,SMB
C03507,Orbit 3507,2025-11-02,India,Consulting,Mid-Market
C03508,Blue 3508,2025-10-24,Canada,Finance,SMB
C03509,Apex 3509,2025-01-22,USA,Marketing,Mid-Market
C03510,Apex 3510,2025-05-08,Australia,Retail,Mid-Market
C03511,Core 3511,2025-12-21,USA,Retail,Mid-Market
C03512,Nova 3512,2025-07-31,USA,Consulting,Startup
C03513,Bright 3513,2025-02-16,Canada,Healthcare,SMB
C03514,Pulse 3514,2025-02-21,UK,Technology,Startup
C03515,Cloud 3515,2025-04-07,India,Technology,SMB
C03516,Core 3516,2025-12-21,Australia,Technology,SMB
C03517,Cloud 3517,2025-03-03,USA,Finance,Mid-Market
C03518,Apex 3518,2025-11-26,India,Technology,SMB
C03519,Core 3519,2025-09-05,USA,Healthcare,SMB
C03520,Cloud 3520,2025-12-03,UK,Marketing,SMB
C03521,Blue 3521,2025-10-29,Germany,Marketing,Startup
C03522,Nova 3522,2025-05-02,Australia,Marketing,Startup
C03523,Cloud 3523,2025-10-30,UK,Technology,Startup
C03524,Orbit 3524,2025-03-03,India,Marketing,Mid-Market
C03525,Orbit 3525,2025-04-17,USA,Media,Startup
C03526,Blue 3526,2025-03-19,India,Healthcare,SMB
C03527,Blue 3527,2025-02-18,Canada,Retail,Startup
C03528,Nexa 3528,2025-02-02,India,Healthcare,SMB
C03529,Nexa 3529,2025-03-10,Germany,Education,Enterprise
C03530,Bright 3530,2025-02-13,UK,Marketing,Mid-Market
C03531,Core 3531,2025-05-19,Canada,Education,Startup
C03532,Nexa 3532,2025-01-27,India,Retail,SMB
C03533,Nova 3533,2025-01-23,India,Healthcare,Startup
C03534,Core 3534,2025-12-28,Singapore,Consulting,Mid-Market
C03535,Bright 3535,2025-02-02,UK,Retail,SMB
C03536,Apex 3536,2025-01-28,USA,Consulting,Startup
C03537,Apex 3537,2025-01-11,Canada,Technology,SMB
C03538,Core 3538,2025-02-18,Singapore,Technology,SMB
C03539,Cloud 3539,2025-07-12,USA,Retail,Enterprise
C03540,Bright 3540,2025-10-29,Singapore,Consulting,Startup
C03541,Nova 3541,2025-09-26,India,Media,Enterprise
C03542,Bright 3542,2025-07-31,Netherlands,Finance,Startup
C03543,Nova 3543,2025-02-01,India,Consulting,Startup
C03544,Orbit 3544,2025-10-10,USA,Consulting,Mid-Market
C03545,Core 3545,2025-01-14,India,Retail,SMB
C03546,Apex 3546,2025-08-19,Australia,Education,Mid-Market
C03547,Blue 3547,2025-05-30,Netherlands,Technology,SMB
C03548,Blue 3548,2025-11-18,USA,Education,SMB
C03549,Nova 3549,2025-04-23,USA,Marketing,Startup
C03550,Orbit 3550,2025-08-22,USA,Finance,Enterprise
C03551,Orbit 3551,2025-06-10,India,Technology,Mid-Market
C03552,Bright 3552,2025-07-10,Canada,Retail,SMB
C03553,Core 3553,2025-12-09,India,Technology,Mid-Market
C03554,Bright 3554,2025-09-18,Netherlands,Healthcare,Startup
C03555,Nova 3555,2025-06-01,Singapore,Education,Mid-Market
C03556,Orbit 3556,2025-06-13,India,Media,SMB
C03557,Cloud 3557,2025-09-15,UK,Education,Mid-Market
C03558,Bright 3558,2025-05-07,Netherlands,Finance,Mid-Market
C03559,Orbit 3559,2025-03-03,Australia,Technology,SMB
C03560,Pulse 3560,2025-06-20,Canada,Finance,Mid-Market
C03561,Cloud 3561,2025-01-25,India,Finance,Mid-Market
C03562,Bright 3562,2025-03-03,India,Consulting,Startup
C03563,Nova 3563,2025-06-03,Australia,Healthcare,Mid-Market
C03564,Bright 3564,2025-10-18,USA,Technology,SMB
C03565,Orbit 3565,2025-10-13,Germany,Retail,Mid-Market
C03566,Nexa 3566,2025-04-06,Canada,Technology,Mid-Market
C03567,Cloud 3567,2025-06-04,USA,Technology,Startup
C03568,Nova 3568,2025-02-26,India,Healthcare,Startup
C03569,Orbit 3569,2025-10-03,USA,Technology,Startup
C03570,Nexa 3570,2025-03-31,Singapore,Technology,Mid-Market
C03571,Nova 3571,2025-10-19,USA,Media,Mid-Market
C03572,Orbit 3572,2025-11-04,India,Retail,Mid-Market
C03573,Nova 3573,2025-09-09,Netherlands,Consulting,Mid-Market
C03574,Apex 3574,2025-05-01,Germany,Education,SMB
C03575,Nexa 3575,2025-12-14,UK,Technology,SMB
C03576,Pulse 3576,2025-09-08,Australia,Retail,Enterprise
C03577,Pulse 3577,2025-08-24,USA,Healthcare,Startup
C03578,Pulse 3578,2025-11-09,Netherlands,Technology,SMB
C03579,Cloud 3579,2025-11-18,Australia,Finance,Startup
C03580,Core 3580,2025-01-29,USA,Marketing,Startup
C03581,Bright 3581,2025-11-18,USA,Technology,SMB
C03582,Bright 3582,2025-10-07,USA,Finance,Startup
C03583,Pulse 3583,2025-03-17,Germany,Finance,SMB
C03584,Bright 3584,2025-04-23,Germany,Healthcare,Startup
C03585,Nova 3585,2025-10-02,UK,Technology,SMB
C03586,Pulse 3586,2025-03-21,Netherlands,Marketing,Startup
C03587,Nexa 3587,2025-06-15,USA,Technology,Mid-Market
C03588,Orbit 3588,2025-09-09,Canada,Marketing,SMB
C03589,Vertex 3589,2025-08-26,Germany,Technology,Mid-Market
C03590,Nexa 3590,2025-11-29,UK,Healthcare,SMB
C03591,Vertex 3591,2025-02-10,India,Education,Startup
C03592,Orbit 3592,2025-04-18,Germany,Education,Mid-Market
C03593,Orbit 3593,2025-12-26,Germany,Technology,Startup
C03594,Pulse 3594,2025-07-27,India,Marketing,SMB
C03595,Blue 3595,2025-04-01,Australia,Consulting,SMB
C03596,Vertex 3596,2025-04-16,USA,Technology,Mid-Market
C03597,Vertex 3597,2025-05-04,USA,Marketing,Mid-Market
C03598,Orbit 3598,2025-07-22,Australia,Healthcare,Startup
C03599,Blue 3599,2025-04-14,USA,Retail,Mid-Market
C03600,Vertex 3600,2025-08-15,Germany,Healthcare,SMB
C03601,Apex 3601,2025-06-12,Germany,Media,Mid-Market
C03602,Apex 3602,2025-08-11,India,Education,Enterprise
C03603,Bright 3603,2025-02-26,USA,Marketing,SMB
C03604,Nexa 3604,2025-08-16,India,Finance,Startup
C03605,Cloud 3605,2025-12-04,India,Marketing,Mid-Market
C03606,Apex 3606,2025-02-19,Germany,Technology,SMB
C03607,Core 3607,2025-04-30,India,Healthcare,Mid-Market
C03608,Bright 3608,2025-09-11,Netherlands,Finance,SMB
C03609,Nova 3609,2025-08-14,USA,Education,Enterprise
C03610,Core 3610,2025-09-04,USA,Consulting,Startup
C03611,Cloud 3611,2025-07-24,Singapore,Retail,Mid-Market
C03612,Pulse 3612,2025-09-07,UK,Technology,SMB
C03613,Pulse 3613,2025-08-11,Germany,Retail,Mid-Market
C03614,Orbit 3614,2025-01-28,Germany,Retail,Enterprise
C03615,Nova 3615,2025-10-02,Singapore,Retail,SMB
C03616,Blue 3616,2025-06-13,India,Consulting,Mid-Market
C03617,Nexa 3617,2025-01-19,India,Finance,Startup
C03618,Apex 3618,2025-05-30,Netherlands,Retail,Startup
C03619,Core 3619,2025-06-08,India,Marketing,SMB
C03620,Pulse 3620,2025-02-01,Canada,Consulting,SMB
C03621,Pulse 3621,2025-12-30,Germany,Technology,Startup
C03622,Vertex 3622,2025-03-23,UK,Technology,Mid-Market
C03623,Nexa 3623,2025-05-01,Canada,Finance,Mid-Market
C03624,Cloud 3624,2025-06-10,Netherlands,Marketing,Startup
C03625,Nova 3625,2025-10-31,India,Healthcare,Startup
C03626,Bright 3626,2025-09-29,Germany,Retail,SMB
C03627,Vertex 3627,2025-10-09,Canada,Technology,SMB
C03628,Vertex 3628,2025-03-28,USA,Technology,Mid-Market
C03629,Pulse 3629,2025-11-05,Singapore,Finance,SMB
C03630,Orbit 3630,2025-10-30,USA,Technology,Startup
C03631,Bright 3631,2025-06-19,India,Healthcare,Mid-Market
C03632,Vertex 3632,2025-07-19,Australia,Consulting,Startup
C03633,Pulse 3633,2025-01-14,Netherlands,Media,SMB
C03634,Nexa 3634,2025-10-05,India,Technology,SMB
C03635,Orbit 3635,2025-12-17,Canada,Finance,Enterprise
C03636,Vertex 3636,2025-06-22,India,Consulting,Mid-Market
C03637,Vertex 3637,2025-07-17,India,Finance,Startup
C03638,Vertex 3638,2025-07-02,USA,Education,SMB
C03639,Nova 3639,2025-01-31,Australia,Marketing,Startup
C03640,Blue 3640,2025-08-15,India,Retail,Startup
C03641,Bright 3641,2025-09-21,India,Technology,SMB
C03642,Nexa 3642,2025-12-05,Canada,Media,SMB
C03643,Blue 3643,2025-12-06,USA,Media,Mid-Market
C03644,Blue 3644,2025-06-29,India,Technology,Startup
C03645,Bright 3645,2025-12-17,India,Marketing,SMB
C03646,Apex 3646,2025-07-12,Australia,Healthcare,Mid-Market
C03647,Apex 3647,2025-08-23,Germany,Finance,SMB
C03648,Nova 3648,2025-08-08,Canada,Media,SMB
C03649,Pulse 3649,2025-12-31,India,Technology,Mid-Market
C03650,Orbit 3650,2025-09-27,USA,Finance,Mid-Market
C03651,Bright 3651,2025-02-13,Australia,Technology,SMB
C03652,Orbit 3652,2025-01-27,USA,Marketing,Enterprise
C03653,Pulse 3653,2025-05-30,India,Retail,Startup
C03654,Nova 3654,2025-07-08,USA,Education,Startup
C03655,Nexa 3655,2025-09-02,USA,Education,SMB
C03656,Core 3656,2025-06-25,India,Technology,Startup
C03657,Pulse 3657,2025-07-07,Netherlands,Consulting,Startup
C03658,Nexa 3658,2025-12-03,UK,Healthcare,Startup
C03659,Nova 3659,2025-05-03,Germany,Healthcare,Mid-Market
C03660,Pulse 3660,2025-06-30,India,Marketing,SMB
C03661,Pulse 3661,2025-07-23,Germany,Media,Mid-Market
C03662,Apex 3662,2025-06-20,UK,Consulting,Startup
C03663,Orbit 3663,2025-12-20,Singapore,Education,SMB
C03664,Nexa 3664,2025-12-18,USA,Healthcare,Startup
C03665,Vertex 3665,2025-07-07,Canada,Technology,Startup
C03666,Cloud 3666,2025-06-14,USA,Marketing,Mid-Market
C03667,Pulse 3667,2025-08-03,UK,Education,Startup
C03668,Blue 3668,2025-03-08,Singapore,Education,Mid-Market
C03669,Cloud 3669,2025-06-05,Germany,Marketing,Mid-Market
C03670,Apex 3670,2025-03-21,Canada,Finance,Mid-Market
C03671,Blue 3671,2025-02-22,Singapore,Technology,SMB
C03672,Vertex 3672,2025-02-04,Singapore,Technology,Mid-Market
C03673,Cloud 3673,2025-08-03,India,Education,Startup
C03674,Nova 3674,2025-01-01,India,Media,Enterprise
C03675,Cloud 3675,2025-08-24,UK,Marketing,Startup
C03676,Nexa 3676,2025-06-07,Netherlands,Education,SMB
C03677,Bright 3677,2025-05-14,UK,Education,Enterprise
C03678,Blue 3678,2025-10-08,USA,Technology,Startup
C03679,Core 3679,2025-07-16,UK,Technology,Mid-Market
C03680,Core 3680,2025-09-25,India,Technology,SMB
C03681,Pulse 3681,2025-09-16,India,Media,Mid-Market
C03682,Pulse 3682,2025-01-12,India,Technology,Startup
C03683,Orbit 3683,2025-03-20,India,Marketing,SMB
C03684,Blue 3684,2025-07-28,Canada,Healthcare,Startup
C03685,Nova 3685,2025-12-23,USA,Education,Startup
C03686,Pulse 3686,2025-02-26,India,Technology,Mid-Market
C03687,Vertex 3687,2025-02-08,UK,Media,Mid-Market
C03688,Bright 3688,2025-12-10,USA,Finance,Mid-Market
C03689,Cloud 3689,2025-12-19,USA,Retail,Mid-Market
C03690,Nexa 3690,2025-03-03,USA,Marketing,Mid-Market
C03691,Pulse 3691,2025-05-27,India,Healthcare,SMB
C03692,Nova 3692,2025-08-17,Germany,Consulting,SMB
C03693,Nexa 3693,2025-03-13,India,Marketing,Mid-Market
C03694,Cloud 3694,2025-04-30,India,Technology,Mid-Market
C03695,Nova 3695,2025-05-25,India,Education,Startup
C03696,Apex 3696,2025-08-23,USA,Marketing,SMB
C03697,Orbit 3697,2025-04-23,India,Marketing,Startup
C03698,Cloud 3698,2025-05-31,USA,Consulting,Mid-Market
C03699,Bright 3699,2025-04-16,USA,Education,Startup
C03700,Blue 3700,2025-10-05,India,Finance,SMB
C03701,Bright 3701,2025-02-25,Singapore,Finance,Mid-Market
C03702,Blue 3702,2025-03-26,USA,Finance,Enterprise
C03703,Core 3703,2025-04-02,India,Marketing,SMB
C03704,Bright 3704,2025-11-27,UK,Finance,Mid-Market
C03705,Orbit 3705,2025-12-11,India,Technology,Mid-Market
C03706,Pulse 3706,2025-07-02,Canada,Consulting,Startup
C03707,Apex 3707,2025-02-27,India,Technology,SMB
C03708,Apex 3708,2025-10-03,USA,Technology,SMB
C03709,Bright 3709,2025-06-29,Netherlands,Retail,Startup
C03710,Vertex 3710,2025-11-07,India,Education,SMB
C03711,Nova 3711,2025-05-12,India,Consulting,Startup
C03712,Bright 3712,2025-12-31,Germany,Finance,Mid-Market
C03713,Pulse 3713,2025-10-22,Netherlands,Marketing,SMB
C03714,Cloud 3714,2025-03-23,USA,Media,Startup
C03715,Vertex 3715,2025-09-22,Germany,Finance,SMB
C03716,Bright 3716,2025-04-15,India,Technology,Mid-Market
C03717,Orbit 3717,2025-05-08,Germany,Technology,Enterprise
C03718,Cloud 3718,2025-04-02,USA,Retail,Mid-Market
C03719,Cloud 3719,2025-09-07,Germany,Finance,Mid-Market
C03720,Vertex 3720,2025-04-06,India,Marketing,SMB
C03721,Bright 3721,2025-08-22,UK,Marketing,SMB
C03722,Cloud 3722,2025-08-01,India,Media,SMB
C03723,Core 3723,2025-10-02,Germany,Finance,Enterprise
C03724,Blue 3724,2025-12-29,Canada,Marketing,Startup
C03725,Bright 3725,2025-01-04,Australia,Media,SMB
C03726,Nova 3726,2025-12-28,Netherlands,Technology,Startup
C03727,Nova 3727,2025-02-09,USA,Marketing,Mid-Market
C03728,Bright 3728,2025-07-12,Germany,Technology,SMB
C03729,Apex 3729,2025-05-05,India,Finance,Mid-Market
C03730,Orbit 3730,2025-08-22,Singapore,Technology,Enterprise
C03731,Bright 3731,2025-09-21,Germany,Finance,Startup
C03732,Bright 3732,2025-11-10,USA,Technology,Mid-Market
C03733,Cloud 3733,2025-05-27,USA,Consulting,SMB
C03734,Orbit 3734,2025-12-07,Canada,Healthcare,SMB
C03735,Nexa 3735,2025-04-28,Australia,Healthcare,Startup
C03736,Nova 3736,2025-03-16,Australia,Education,SMB
C03737,Apex 3737,2025-05-19,UK,Media,SMB
C03738,Nexa 3738,2025-07-12,USA,Finance,Mid-Market
C03739,Nexa 3739,2025-09-01,Netherlands,Technology,Mid-Market
C03740,Orbit 3740,2025-10-31,Germany,Technology,SMB
C03741,Orbit 3741,2025-03-24,UK,Retail,Startup
C03742,Nexa 3742,2025-04-21,UK,Retail,Startup
C03743,Bright 3743,2025-12-09,Germany,Healthcare,Startup
C03744,Orbit 3744,2025-06-10,Canada,Technology,Enterprise
C03745,Bright 3745,2025-03-30,UK,Marketing,SMB
C03746,Apex 3746,2025-12-26,Singapore,Education,Mid-Market
C03747,Vertex 3747,2025-06-13,Australia,Finance,Enterprise
C03748,Bright 3748,2025-12-26,USA,Technology,SMB
C03749,Vertex 3749,2025-12-02,India,Finance,SMB
C03750,Cloud 3750,2025-11-27,UK,Education,Mid-Market
C03751,Apex 3751,2025-08-01,Germany,Media,SMB
C03752,Orbit 3752,2025-10-19,UK,Technology,Startup
C03753,Blue 3753,2025-12-17,Singapore,Retail,Mid-Market
C03754,Nova 3754,2025-04-09,India,Healthcare,Enterprise
C03755,Core 3755,2025-01-14,USA,Education,Mid-Market
C03756,Bright 3756,2025-04-28,Australia,Retail,Mid-Market
C03757,Pulse 3757,2025-08-21,Singapore,Marketing,Mid-Market
C03758,Nexa 3758,2025-07-19,USA,Technology,SMB
C03759,Blue 3759,2025-01-30,India,Finance,Startup
C03760,Vertex 3760,2025-07-24,USA,Consulting,Enterprise
C03761,Blue 3761,2025-03-05,USA,Marketing,Startup
C03762,Nova 3762,2025-07-04,UK,Finance,Mid-Market
C03763,Core 3763,2025-07-30,USA,Marketing,SMB
C03764,Nexa 3764,2025-08-21,USA,Finance,Mid-Market
C03765,Apex 3765,2025-05-31,Germany,Finance,Mid-Market
C03766,Bright 3766,2025-05-30,Germany,Consulting,Mid-Market
C03767,Nova 3767,2025-09-05,Germany,Healthcare,Startup
C03768,Core 3768,2025-10-01,USA,Finance,SMB
C03769,Pulse 3769,2025-10-22,USA,Healthcare,Startup
C03770,Blue 3770,2025-05-02,USA,Retail,Startup
C03771,Pulse 3771,2025-06-04,Netherlands,Technology,SMB
C03772,Blue 3772,2025-05-01,USA,Technology,Enterprise
C03773,Core 3773,2025-07-12,Germany,Finance,Enterprise
C03774,Apex 3774,2025-02-16,UK,Technology,SMB
C03775,Pulse 3775,2025-06-06,Singapore,Technology,Mid-Market
C03776,Cloud 3776,2025-03-10,USA,Technology,Startup
C03777,Pulse 3777,2025-07-14,USA,Technology,Startup
C03778,Nexa 3778,2025-11-07,Australia,Education,Mid-Market
C03779,Apex 3779,2025-12-26,India,Technology,Mid-Market
C03780,Nexa 3780,2025-06-12,UK,Healthcare,Mid-Market
C03781,Cloud 3781,2025-01-21,USA,Education,Startup
C03782,Nexa 3782,2025-03-25,Netherlands,Technology,SMB
C03783,Apex 3783,2025-02-08,Canada,Technology,Startup
C03784,Bright 3784,2025-10-05,India,Media,Mid-Market
C03785,Blue 3785,2025-12-26,Australia,Marketing,SMB
C03786,Nova 3786,2025-07-22,Canada,Education,SMB
C03787,Pulse 3787,2025-03-06,UK,Marketing,SMB
C03788,Cloud 3788,2025-01-08,India,Media,Startup
C03789,Cloud 3789,2025-12-23,India,Technology,SMB
C03790,Vertex 3790,2025-04-26,Germany,Technology,Mid-Market
C03791,Vertex 3791,2025-02-10,USA,Consulting,Startup
C03792,Vertex 3792,2025-03-06,Australia,Technology,SMB
C03793,Core 3793,2025-04-04,USA,Marketing,Enterprise
C03794,Blue 3794,2025-08-28,Germany,Technology,Startup
C03795,Orbit 3795,2025-11-22,USA,Finance,Startup
C03796,Nova 3796,2025-04-11,Germany,Education,Mid-Market
C03797,Core 3797,2025-09-08,India,Marketing,SMB
C03798,Nexa 3798,2025-01-24,USA,Marketing,Enterprise
C03799,Orbit 3799,2025-01-04,India,Technology,Startup
C03800,Blue 3800,2025-01-21,Germany,Finance,Mid-Market
C03801,Apex 3801,2025-12-03,USA,Consulting,SMB
C03802,Bright 3802,2025-08-01,Canada,Technology,Startup
C03803,Pulse 3803,2025-10-21,India,Marketing,SMB
C03804,Orbit 3804,2025-01-08,UK,Marketing,SMB
C03805,Pulse 3805,2025-01-09,UK,Finance,Startup
C03806,Nexa 3806,2025-11-06,India,Finance,Startup
C03807,Core 3807,2025-02-07,India,Consulting,Startup
C03808,Bright 3808,2025-02-26,USA,Healthcare,SMB
C03809,Nova 3809,2025-07-09,Germany,Technology,Startup
C03810,Apex 3810,2025-08-10,Netherlands,Media,Startup
C03811,Nexa 3811,2025-03-25,India,Technology,SMB
C03812,Core 3812,2025-06-12,Canada,Consulting,Mid-Market
C03813,Cloud 3813,2025-09-04,Germany,Technology,Enterprise
C03814,Pulse 3814,2025-06-11,Germany,Finance,Startup
C03815,Core 3815,2025-05-20,UK,Marketing,Enterprise
C03816,Core 3816,2025-01-27,Netherlands,Technology,Mid-Market
C03817,Core 3817,2025-06-14,UK,Consulting,Enterprise
C03818,Blue 3818,2025-10-21,Australia,Finance,SMB
C03819,Nexa 3819,2025-08-17,USA,Marketing,SMB
C03820,Bright 3820,2025-11-22,Australia,Consulting,Mid-Market
C03821,Apex 3821,2025-02-16,Netherlands,Marketing,SMB
C03822,Pulse 3822,2025-01-05,Singapore,Healthcare,Mid-Market
C03823,Cloud 3823,2025-07-20,USA,Finance,Mid-Market
C03824,Nexa 3824,2025-03-07,Australia,Technology,SMB
C03825,Orbit 3825,2025-08-05,India,Retail,SMB
C03826,Nexa 3826,2025-11-26,Germany,Marketing,SMB
C03827,Apex 3827,2025-05-04,USA,Education,Mid-Market
C03828,Pulse 3828,2025-07-20,Germany,Healthcare,Mid-Market
C03829,Nova 3829,2025-09-06,USA,Healthcare,SMB
C03830,Pulse 3830,2025-02-24,India,Technology,Startup
C03831,Core 3831,2025-11-24,India,Technology,Enterprise
C03832,Core 3832,2025-03-16,India,Healthcare,SMB
C03833,Blue 3833,2025-10-23,USA,Finance,Startup
C03834,Bright 3834,2025-08-29,Australia,Technology,Startup
C03835,Nova 3835,2025-02-21,Canada,Marketing,Startup
C03836,Nexa 3836,2025-09-22,Canada,Healthcare,SMB
C03837,Nova 3837,2025-03-13,Australia,Healthcare,Startup
C03838,Cloud 3838,2025-08-07,USA,Consulting,Startup
C03839,Pulse 3839,2025-12-17,UK,Marketing,Startup
C03840,Orbit 3840,2025-12-14,UK,Technology,Startup
C03841,Nexa 3841,2025-11-15,India,Consulting,Enterprise
C03842,Pulse 3842,2025-06-30,UK,Marketing,SMB
C03843,Vertex 3843,2025-07-24,Canada,Marketing,Startup
C03844,Pulse 3844,2025-04-20,Germany,Retail,SMB
C03845,Orbit 3845,2025-12-03,Canada,Technology,SMB
C03846,Apex 3846,2025-06-24,India,Marketing,SMB
C03847,Apex 3847,2025-10-09,Canada,Finance,SMB
C03848,Orbit 3848,2025-05-12,India,Technology,SMB
C03849,Orbit 3849,2025-09-28,Singapore,Healthcare,Startup
C03850,Bright 3850,2025-03-23,USA,Finance,Startup
C03851,Cloud 3851,2025-09-25,UK,Technology,Enterprise
C03852,Vertex 3852,2025-01-17,UK,Marketing,SMB
C03853,Bright 3853,2025-02-08,USA,Finance,Startup
C03854,Cloud 3854,2025-05-09,USA,Healthcare,Startup
C03855,Orbit 3855,2025-06-25,India,Technology,Mid-Market
C03856,Blue 3856,2025-09-17,UK,Healthcare,Startup
C03857,Vertex 3857,2025-05-12,Singapore,Healthcare,SMB
C03858,Bright 3858,2025-01-07,USA,Healthcare,SMB
C03859,Nova 3859,2025-04-29,UK,Consulting,Startup
C03860,Blue 3860,2025-06-10,Australia,Media,SMB
C03861,Pulse 3861,2025-07-18,USA,Technology,Startup
C03862,Cloud 3862,2025-08-24,Australia,Healthcare,SMB
C03863,Apex 3863,2025-04-01,USA,Retail,Startup
C03864,Pulse 3864,2025-08-11,USA,Education,Enterprise
C03865,Blue 3865,2025-08-19,India,Media,SMB
C03866,Orbit 3866,2025-10-11,India,Consulting,Startup
C03867,Cloud 3867,2025-07-10,Germany,Consulting,Startup
C03868,Nexa 3868,2025-10-23,Australia,Technology,Mid-Market
C03869,Nexa 3869,2025-03-22,India,Finance,Mid-Market
C03870,Nexa 3870,2025-09-17,Singapore,Marketing,SMB
C03871,Nova 3871,2025-01-17,USA,Marketing,Startup
C03872,Pulse 3872,2025-02-07,USA,Consulting,SMB
C03873,Nova 3873,2025-11-12,Singapore,Media,Startup
C03874,Blue 3874,2025-06-23,Singapore,Technology,Startup
C03875,Core 3875,2025-08-15,UK,Healthcare,SMB
C03876,Orbit 3876,2025-08-09,USA,Retail,Mid-Market
C03877,Nexa 3877,2025-09-11,India,Retail,SMB
C03878,Nova 3878,2025-03-31,USA,Consulting,Startup
C03879,Core 3879,2025-03-07,Canada,Education,Startup
C03880,Cloud 3880,2025-01-16,USA,Media,SMB
C03881,Cloud 3881,2025-11-12,Germany,Finance,SMB
C03882,Pulse 3882,2025-03-23,India,Technology,Mid-Market
C03883,Blue 3883,2025-07-29,USA,Technology,SMB
C03884,Apex 3884,2025-06-16,USA,Healthcare,SMB
C03885,Orbit 3885,2025-03-01,UK,Consulting,SMB
C03886,Orbit 3886,2025-06-01,UK,Healthcare,Enterprise
C03887,Cloud 3887,2025-01-31,Netherlands,Marketing,Mid-Market
C03888,Orbit 3888,2025-03-06,Singapore,Finance,SMB
C03889,Blue 3889,2025-02-20,Germany,Consulting,SMB
C03890,Bright 3890,2025-10-28,India,Technology,Startup
C03891,Pulse 3891,2025-07-27,Singapore,Marketing,Startup
C03892,Pulse 3892,2025-12-04,Singapore,Technology,SMB
C03893,Core 3893,2025-06-09,Singapore,Healthcare,Mid-Market
C03894,Pulse 3894,2025-03-15,USA,Healthcare,Enterprise
C03895,Blue 3895,2025-08-11,India,Marketing,Mid-Market
C03896,Pulse 3896,2025-12-06,Canada,Marketing,Mid-Market
C03897,Blue 3897,2025-07-14,USA,Media,Startup
C03898,Pulse 3898,2025-01-07,USA,Retail,Enterprise
C03899,Core 3899,2025-04-21,USA,Finance,Startup
C03900,Core 3900,2025-12-04,UK,Technology,Enterprise
C03901,Blue 3901,2025-07-09,USA,Technology,Startup
C03902,Orbit 3902,2025-12-14,Germany,Technology,Startup
C03903,Pulse 3903,2025-07-05,Germany,Technology,SMB
C03904,Blue 3904,2025-01-05,UK,Retail,Startup
C03905,Bright 3905,2025-11-15,India,Retail,Startup
C03906,Vertex 3906,2025-10-06,Singapore,Technology,Mid-Market
C03907,Core 3907,2025-09-19,USA,Consulting,Mid-Market
C03908,Nexa 3908,2025-12-21,USA,Retail,Startup
C03909,Apex 3909,2025-03-13,USA,Healthcare,SMB
C03910,Pulse 3910,2025-11-27,USA,Retail,SMB
C03911,Nova 3911,2025-03-26,Germany,Media,Startup
C03912,Apex 3912,2025-12-21,India,Media,SMB
C03913,Cloud 3913,2025-03-11,Singapore,Consulting,SMB
C03914,Cloud 3914,2025-07-20,India,Healthcare,Mid-Market
C03915,Blue 3915,2025-10-16,Netherlands,Technology,SMB
C03916,Orbit 3916,2025-01-29,Germany,Media,Mid-Market
C03917,Vertex 3917,2025-01-25,India,Finance,SMB
C03918,Bright 3918,2025-11-07,UK,Healthcare,Mid-Market
C03919,Cloud 3919,2025-01-23,USA,Finance,Mid-Market
C03920,Blue 3920,2025-08-13,Netherlands,Marketing,SMB
C03921,Cloud 3921,2025-12-09,Canada,Technology,Startup
C03922,Bright 3922,2025-08-13,UK,Consulting,Mid-Market
C03923,Bright 3923,2025-06-25,USA,Marketing,SMB
C03924,Vertex 3924,2025-06-02,Netherlands,Healthcare,SMB
C03925,Pulse 3925,2025-08-21,Germany,Finance,SMB
C03926,Orbit 3926,2025-07-28,UK,Marketing,Startup
C03927,Apex 3927,2025-07-03,USA,Consulting,SMB
C03928,Bright 3928,2025-02-26,USA,Retail,SMB
C03929,Nexa 3929,2025-08-30,Canada,Retail,SMB
C03930,Nova 3930,2025-09-28,UK,Healthcare,Startup
C03931,Blue 3931,2025-09-16,Australia,Retail,Mid-Market
C03932,Orbit 3932,2025-01-28,UK,Marketing,SMB
C03933,Cloud 3933,2025-09-14,UK,Education,Mid-Market
C03934,Orbit 3934,2025-09-24,USA,Education,Startup
C03935,Core 3935,2025-03-08,Canada,Healthcare,SMB
C03936,Vertex 3936,2025-11-06,USA,Marketing,Startup
C03937,Orbit 3937,2025-07-11,Australia,Education,Mid-Market
C03938,Orbit 3938,2025-06-22,USA,Finance,SMB
C03939,Core 3939,2025-09-21,Germany,Consulting,SMB
C03940,Orbit 3940,2025-07-06,Singapore,Finance,Enterprise
C03941,Pulse 3941,2025-07-18,Canada,Marketing,SMB
C03942,Pulse 3942,2025-04-24,USA,Retail,SMB
C03943,Core 3943,2025-12-05,Canada,Technology,Mid-Market
C03944,Bright 3944,2025-12-20,India,Finance,SMB
C03945,Pulse 3945,2025-02-17,India,Marketing,SMB
C03946,Cloud 3946,2025-09-25,Australia,Technology,Enterprise
C03947,Core 3947,2025-01-09,Australia,Technology,Mid-Market
C03948,Blue 3948,2025-05-15,India,Consulting,Startup
C03949,Cloud 3949,2025-12-21,Netherlands,Technology,Startup
C03950,Orbit 3950,2025-03-05,USA,Marketing,Mid-Market
C03951,Core 3951,2025-05-18,Singapore,Technology,Startup
C03952,Nova 3952,2025-03-22,Canada,Technology,SMB
C03953,Pulse 3953,2025-09-23,Singapore,Healthcare,Enterprise
C03954,Core 3954,2025-06-19,Australia,Media,Mid-Market
C03955,Core 3955,2025-08-05,Netherlands,Marketing,Startup
C03956,Vertex 3956,2025-12-11,Germany,Finance,Mid-Market
C03957,Pulse 3957,2025-07-10,India,Healthcare,SMB
C03958,Pulse 3958,2025-09-25,USA,Marketing,Enterprise
C03959,Nova 3959,2025-02-05,Canada,Marketing,SMB
C03960,Pulse 3960,2025-03-20,India,Finance,SMB
C03961,Nexa 3961,2025-12-12,Singapore,Technology,Startup
C03962,Blue 3962,2025-11-10,India,Marketing,Startup
C03963,Nova 3963,2025-08-28,Singapore,Education,SMB
C03964,Blue 3964,2025-05-19,UK,Consulting,Mid-Market
C03965,Orbit 3965,2025-03-14,Australia,Marketing,SMB
C03966,Cloud 3966,2025-11-07,Netherlands,Education,Mid-Market
C03967,Bright 3967,2025-10-14,USA,Marketing,Startup
C03968,Pulse 3968,2025-03-30,Germany,Marketing,SMB
C03969,Blue 3969,2025-08-04,India,Education,SMB
C03970,Bright 3970,2025-08-14,Australia,Technology,SMB
C03971,Blue 3971,2025-06-24,Australia,Media,SMB
C03972,Nexa 3972,2025-12-05,USA,Finance,SMB
C03973,Vertex 3973,2025-02-15,India,Marketing,Startup
C03974,Orbit 3974,2025-04-05,USA,Marketing,Mid-Market
C03975,Core 3975,2025-02-04,India,Retail,Enterprise
C03976,Nova 3976,2025-09-10,Australia,Technology,Mid-Market
C03977,Nova 3977,2025-08-24,USA,Retail,Mid-Market
C03978,Nova 3978,2025-12-27,Netherlands,Technology,SMB
C03979,Orbit 3979,2025-07-17,Netherlands,Technology,Mid-Market
C03980,Nova 3980,2025-02-24,Singapore,Retail,Mid-Market
C03981,Blue 3981,2025-06-14,UK,Finance,Startup
C03982,Vertex 3982,2025-02-02,USA,Marketing,SMB
C03983,Nova 3983,2025-09-02,Australia,Healthcare,Mid-Market
C03984,Cloud 3984,2025-09-04,Canada,Media,Mid-Market
C03985,Pulse 3985,2025-11-10,Netherlands,Consulting,Mid-Market
C03986,Blue 3986,2025-05-05,USA,Finance,SMB
C03987,Cloud 3987,2025-04-24,India,Consulting,Mid-Market
C03988,Orbit 3988,2025-01-27,Netherlands,Technology,Startup
C03989,Pulse 3989,2025-06-01,Australia,Marketing,Startup
C03990,Pulse 3990,2025-06-23,India,Consulting,SMB
C03991,Vertex 3991,2025-10-03,Canada,Education,SMB
C03992,Core 3992,2025-10-03,India,Education,SMB
C03993,Core 3993,2025-02-21,UK,Consulting,SMB
C03994,Pulse 3994,2025-04-15,USA,Marketing,Mid-Market
C03995,Orbit 3995,2025-07-06,USA,Retail,Startup
C03996,Bright 3996,2025-05-03,USA,Technology,Startup
C03997,Core 3997,2025-01-10,USA,Finance,Mid-Market
C03998,Core 3998,2025-11-05,USA,Consulting,Enterprise
C03999,Orbit 3999,2025-09-24,USA,Finance,Mid-Market
C04000,Pulse 4000,2025-07-09,USA,Healthcare,Startup
C04001,Bright 4001,2025-04-26,UK,Consulting,SMB
C04002,Pulse 4002,2025-11-04,Canada,Marketing,Mid-Market
C04003,Nova 4003,2025-01-13,Germany,Technology,Startup
C04004,Blue 4004,2025-06-12,USA,Technology,SMB
C04005,Orbit 4005,2025-10-20,India,Finance,SMB
C04006,Orbit 4006,2025-12-14,Australia,Finance,Mid-Market
C04007,Vertex 4007,2025-04-02,Singapore,Technology,Startup
C04008,Orbit 4008,2025-08-26,Netherlands,Retail,SMB
C04009,Nova 4009,2025-03-11,Netherlands,Finance,SMB
C04010,Core 4010,2025-02-12,Germany,Consulting,SMB
C04011,Pulse 4011,2025-05-09,Singapore,Media,Startup
C04012,Apex 4012,2025-11-20,USA,Finance,SMB
C04013,Core 4013,2025-09-09,Canada,Media,SMB
C04014,Core 4014,2025-06-28,Netherlands,Technology,Startup
C04015,Vertex 4015,2025-04-14,Australia,Education,SMB
C04016,Nova 4016,2025-02-21,USA,Media,Startup
C04017,Cloud 4017,2025-04-09,USA,Consulting,Enterprise
C04018,Nova 4018,2025-02-25,USA,Technology,Startup
C04019,Orbit 4019,2025-03-10,USA,Finance,SMB
C04020,Orbit 4020,2025-09-08,Australia,Finance,SMB
C04021,Orbit 4021,2025-02-18,Canada,Media,Startup
C04022,Nova 4022,2025-01-18,USA,Finance,Mid-Market
C04023,Blue 4023,2025-07-17,Canada,Marketing,Mid-Market
C04024,Blue 4024,2025-04-15,USA,Finance,SMB
C04025,Orbit 4025,2025-06-15,UK,Finance,Startup
C04026,Nova 4026,2025-02-21,USA,Healthcare,Startup
C04027,Bright 4027,2025-03-18,UK,Finance,Startup
C04028,Pulse 4028,2025-06-10,Canada,Marketing,SMB
C04029,Pulse 4029,2025-09-09,Canada,Healthcare,Enterprise
C04030,Cloud 4030,2025-06-01,Canada,Healthcare,SMB
C04031,Core 4031,2025-07-17,USA,Marketing,SMB
C04032,Blue 4032,2025-07-10,Germany,Finance,Startup
C04033,Orbit 4033,2025-04-09,India,Consulting,SMB
C04034,Bright 4034,2025-04-13,USA,Marketing,Startup
C04035,Orbit 4035,2025-06-05,UK,Marketing,SMB
C04036,Nova 4036,2025-01-12,Germany,Technology,Enterprise
C04037,Orbit 4037,2025-09-08,Singapore,Technology,SMB
C04038,Nova 4038,2025-08-13,USA,Consulting,Startup
C04039,Nova 4039,2025-04-22,Australia,Retail,Startup
C04040,Orbit 4040,2025-05-17,USA,Finance,SMB
C04041,Orbit 4041,2025-04-30,UK,Finance,Startup
C04042,Blue 4042,2025-08-26,Australia,Finance,Mid-Market
C04043,Orbit 4043,2025-10-05,Canada,Education,SMB
C04044,Blue 4044,2025-02-09,Australia,Technology,SMB
C04045,Core 4045,2025-05-31,Australia,Media,Mid-Market
C04046,Bright 4046,2025-01-06,USA,Technology,Startup
C04047,Blue 4047,2025-06-15,Netherlands,Media,Startup
C04048,Apex 4048,2025-04-01,Singapore,Technology,SMB
C04049,Orbit 4049,2025-05-03,USA,Finance,Startup
C04050,Vertex 4050,2025-06-16,India,Finance,Startup
C04051,Cloud 4051,2025-04-29,USA,Finance,Enterprise
C04052,Orbit 4052,2025-05-24,Australia,Media,Mid-Market
C04053,Cloud 4053,2025-10-07,Netherlands,Healthcare,Startup
C04054,Orbit 4054,2025-10-23,Australia,Technology,Mid-Market
C04055,Nova 4055,2025-01-03,USA,Media,Startup
C04056,Cloud 4056,2025-05-18,India,Finance,Mid-Market
C04057,Nexa 4057,2025-11-06,UK,Technology,SMB
C04058,Nexa 4058,2025-07-13,USA,Technology,SMB
C04059,Blue 4059,2025-03-16,India,Healthcare,Mid-Market
C04060,Core 4060,2025-08-05,India,Retail,Startup
C04061,Core 4061,2025-02-22,India,Technology,Enterprise
C04062,Nova 4062,2025-01-08,India,Consulting,Startup
C04063,Nexa 4063,2025-08-19,Canada,Finance,Enterprise
C04064,Cloud 4064,2025-07-08,USA,Technology,Startup
C04065,Cloud 4065,2025-10-04,USA,Education,Startup
C04066,Cloud 4066,2025-05-06,UK,Consulting,Startup
C04067,Apex 4067,2025-11-08,Netherlands,Marketing,SMB
C04068,Vertex 4068,2025-06-03,Canada,Technology,SMB
C04069,Orbit 4069,2025-09-27,Germany,Technology,SMB
C04070,Vertex 4070,2025-02-06,Canada,Consulting,Mid-Market
C04071,Orbit 4071,2025-02-05,Canada,Marketing,SMB
C04072,Nexa 4072,2025-10-13,Germany,Healthcare,SMB
C04073,Vertex 4073,2025-11-01,UK,Technology,SMB
C04074,Vertex 4074,2025-12-10,UK,Consulting,SMB
C04075,Core 4075,2025-04-29,USA,Technology,Enterprise
C04076,Pulse 4076,2025-01-09,USA,Education,SMB
C04077,Cloud 4077,2025-12-24,USA,Education,SMB
C04078,Core 4078,2025-08-08,USA,Technology,SMB
C04079,Cloud 4079,2025-04-01,USA,Marketing,Startup
C04080,Blue 4080,2025-10-06,UK,Marketing,SMB
C04081,Vertex 4081,2025-11-26,UK,Marketing,Startup
C04082,Nexa 4082,2025-04-14,India,Retail,Mid-Market
C04083,Nova 4083,2025-10-08,USA,Marketing,Startup
C04084,Vertex 4084,2025-10-15,USA,Technology,Startup
C04085,Apex 4085,2025-07-03,Canada,Finance,Startup
C04086,Nova 4086,2025-08-19,USA,Education,SMB
C04087,Apex 4087,2025-04-09,India,Finance,Mid-Market
C04088,Cloud 4088,2025-12-06,India,Consulting,Enterprise
C04089,Nova 4089,2025-12-25,UK,Technology,SMB
C04090,Blue 4090,2025-12-25,India,Technology,Startup
C04091,Blue 4091,2025-09-27,UK,Technology,Mid-Market
C04092,Blue 4092,2025-01-16,UK,Retail,Mid-Market
C04093,Vertex 4093,2025-05-14,Singapore,Education,Mid-Market
C04094,Bright 4094,2025-06-12,Germany,Marketing,SMB
C04095,Bright 4095,2025-12-17,India,Finance,SMB
C04096,Bright 4096,2025-07-19,USA,Retail,Startup
C04097,Apex 4097,2025-07-15,Australia,Retail,Startup
C04098,Orbit 4098,2025-02-23,USA,Healthcare,Enterprise
C04099,Apex 4099,2025-10-17,Singapore,Consulting,Startup
C04100,Cloud 4100,2025-05-03,UK,Retail,SMB
C04101,Blue 4101,2025-02-03,India,Finance,Startup
C04102,Blue 4102,2025-12-27,USA,Finance,Startup
C04103,Bright 4103,2025-03-11,Singapore,Marketing,Enterprise
C04104,Cloud 4104,2025-01-06,Netherlands,Healthcare,Startup
C04105,Orbit 4105,2025-01-29,Australia,Consulting,SMB
C04106,Bright 4106,2025-06-15,USA,Marketing,Mid-Market
C04107,Blue 4107,2025-02-07,Canada,Technology,Startup
C04108,Apex 4108,2025-11-04,India,Finance,Startup
C04109,Nova 4109,2025-07-07,USA,Education,SMB
C04110,Vertex 4110,2025-04-29,Germany,Technology,Startup
C04111,Nova 4111,2025-01-02,Netherlands,Finance,Startup
C04112,Bright 4112,2025-06-25,USA,Technology,SMB
C04113,Bright 4113,2025-02-25,UK,Consulting,Startup
C04114,Core 4114,2025-12-23,India,Technology,SMB
C04115,Core 4115,2025-04-17,USA,Technology,Enterprise
C04116,Vertex 4116,2025-06-23,India,Consulting,Startup
C04117,Blue 4117,2025-01-07,Australia,Technology,Startup
C04118,Orbit 4118,2025-02-17,India,Education,Startup
C04119,Bright 4119,2025-03-17,Germany,Healthcare,Startup
C04120,Apex 4120,2025-01-19,USA,Consulting,SMB
C04121,Apex 4121,2025-09-22,USA,Technology,SMB
C04122,Vertex 4122,2025-12-12,USA,Technology,Startup
C04123,Core 4123,2025-12-26,USA,Technology,SMB
C04124,Nova 4124,2025-04-08,UK,Media,Startup
C04125,Nova 4125,2025-10-15,Germany,Consulting,Mid-Market
C04126,Cloud 4126,2025-07-03,Netherlands,Finance,SMB
C04127,Vertex 4127,2025-01-17,USA,Technology,Mid-Market
C04128,Nova 4128,2025-02-03,UK,Technology,SMB
C04129,Bright 4129,2025-07-19,Singapore,Technology,SMB
C04130,Bright 4130,2025-06-04,USA,Technology,SMB
C04131,Vertex 4131,2025-01-04,Australia,Retail,Startup
C04132,Core 4132,2025-12-06,Netherlands,Technology,Mid-Market
C04133,Core 4133,2025-09-24,Australia,Retail,SMB
C04134,Pulse 4134,2025-07-03,UK,Technology,SMB
C04135,Orbit 4135,2025-12-27,Canada,Consulting,SMB
C04136,Blue 4136,2025-12-21,UK,Healthcare,SMB
C04137,Bright 4137,2025-12-22,UK,Technology,Mid-Market
C04138,Apex 4138,2025-04-05,Netherlands,Consulting,Startup
C04139,Nova 4139,2025-11-18,USA,Finance,SMB
C04140,Pulse 4140,2025-07-04,Australia,Retail,Startup
C04141,Nova 4141,2025-09-23,UK,Consulting,Startup
C04142,Nexa 4142,2025-11-10,India,Media,Startup
C04143,Pulse 4143,2025-03-01,Germany,Retail,SMB
C04144,Cloud 4144,2025-06-13,Australia,Finance,SMB
C04145,Nexa 4145,2025-02-17,UK,Healthcare,Mid-Market
C04146,Bright 4146,2025-04-13,Australia,Education,SMB
C04147,Bright 4147,2025-05-31,USA,Finance,Mid-Market
C04148,Orbit 4148,2025-11-09,Singapore,Marketing,Mid-Market
C04149,Cloud 4149,2025-11-11,Germany,Technology,Startup
C04150,Pulse 4150,2025-05-23,Australia,Education,Mid-Market
C04151,Bright 4151,2025-05-01,USA,Finance,SMB
C04152,Apex 4152,2025-07-13,USA,Technology,Startup
C04153,Core 4153,2025-11-29,Singapore,Media,Enterprise
C04154,Cloud 4154,2025-12-23,India,Retail,Startup
C04155,Apex 4155,2025-03-24,USA,Finance,Enterprise
C04156,Blue 4156,2025-03-10,Canada,Technology,Mid-Market
C04157,Bright 4157,2025-09-15,Canada,Consulting,Mid-Market
C04158,Vertex 4158,2025-04-21,Australia,Technology,SMB
C04159,Cloud 4159,2025-03-14,Canada,Marketing,SMB
C04160,Blue 4160,2025-01-12,Netherlands,Consulting,SMB
C04161,Pulse 4161,2025-05-28,UK,Finance,SMB
C04162,Core 4162,2025-05-24,Germany,Finance,Mid-Market
C04163,Cloud 4163,2025-07-25,Australia,Technology,SMB
C04164,Core 4164,2025-03-15,Canada,Finance,SMB
C04165,Bright 4165,2025-09-18,India,Marketing,Enterprise
C04166,Pulse 4166,2025-09-06,USA,Technology,SMB
C04167,Core 4167,2025-06-18,UK,Media,Mid-Market
C04168,Cloud 4168,2025-03-08,Canada,Consulting,Startup
C04169,Blue 4169,2025-07-05,UK,Technology,Startup
C04170,Nexa 4170,2025-09-04,Canada,Marketing,SMB
C04171,Pulse 4171,2025-05-17,Australia,Healthcare,SMB
C04172,Pulse 4172,2025-04-07,USA,Healthcare,Mid-Market
C04173,Vertex 4173,2025-07-04,Germany,Marketing,Startup
C04174,Pulse 4174,2025-05-10,UK,Technology,Startup
C04175,Cloud 4175,2025-05-27,India,Technology,Mid-Market
C04176,Cloud 4176,2025-05-08,UK,Technology,SMB
C04177,Vertex 4177,2025-04-21,UK,Technology,SMB
C04178,Vertex 4178,2025-09-19,Australia,Education,Startup
C04179,Blue 4179,2025-06-17,USA,Media,Enterprise
C04180,Bright 4180,2025-06-20,India,Education,Enterprise
C04181,Bright 4181,2025-08-27,UK,Media,SMB
C04182,Apex 4182,2025-05-12,Australia,Marketing,Startup
C04183,Pulse 4183,2025-02-06,UK,Finance,Enterprise
C04184,Orbit 4184,2025-11-08,USA,Retail,Mid-Market
C04185,Orbit 4185,2025-01-21,Singapore,Technology,SMB
C04186,Core 4186,2025-07-28,India,Technology,SMB
C04187,Apex 4187,2025-04-08,USA,Media,SMB
C04188,Pulse 4188,2025-03-20,USA,Education,Startup
C04189,Blue 4189,2025-01-16,Canada,Retail,Mid-Market
C04190,Nexa 4190,2025-11-25,Australia,Technology,Mid-Market
C04191,Nova 4191,2025-06-06,India,Consulting,SMB
C04192,Cloud 4192,2025-05-06,Australia,Technology,Mid-Market
C04193,Nexa 4193,2025-09-28,Canada,Finance,SMB
C04194,Apex 4194,2025-01-15,Singapore,Retail,Mid-Market
C04195,Cloud 4195,2025-07-26,Singapore,Healthcare,Startup
C04196,Bright 4196,2025-06-30,Canada,Education,Enterprise
C04197,Nova 4197,2025-07-22,India,Retail,Startup
C04198,Cloud 4198,2025-02-15,USA,Retail,Startup
C04199,Pulse 4199,2025-12-14,Singapore,Technology,SMB
C04200,Nova 4200,2025-03-29,UK,Technology,Startup
C04201,Core 4201,2025-09-05,UK,Retail,Startup
C04202,Bright 4202,2025-09-30,Singapore,Marketing,Mid-Market
C04203,Core 4203,2025-05-06,Singapore,Marketing,SMB
C04204,Cloud 4204,2025-02-17,Canada,Technology,Mid-Market
C04205,Core 4205,2025-04-19,Singapore,Technology,Startup
C04206,Orbit 4206,2025-10-22,India,Media,SMB
C04207,Core 4207,2025-11-27,Canada,Healthcare,SMB
C04208,Nova 4208,2025-12-08,Netherlands,Consulting,SMB
C04209,Pulse 4209,2025-03-24,India,Technology,SMB
C04210,Cloud 4210,2025-08-10,India,Technology,SMB
C04211,Bright 4211,2025-02-25,Australia,Marketing,SMB
C04212,Nova 4212,2025-09-17,UK,Retail,Startup
C04213,Blue 4213,2025-06-01,India,Finance,SMB
C04214,Nexa 4214,2025-09-18,USA,Finance,SMB
C04215,Blue 4215,2025-09-08,USA,Marketing,SMB
C04216,Orbit 4216,2025-12-29,USA,Technology,Startup
C04217,Vertex 4217,2025-06-28,Singapore,Healthcare,Mid-Market
C04218,Bright 4218,2025-05-05,Germany,Marketing,Startup
C04219,Apex 4219,2025-07-12,Canada,Technology,Enterprise
C04220,Vertex 4220,2025-03-01,India,Education,Startup
C04221,Blue 4221,2025-02-10,USA,Technology,Enterprise
C04222,Blue 4222,2025-07-09,USA,Consulting,SMB
C04223,Orbit 4223,2025-10-29,Australia,Consulting,SMB
C04224,Orbit 4224,2025-07-14,Netherlands,Retail,Startup
C04225,Pulse 4225,2025-10-13,USA,Education,Enterprise
C04226,Nexa 4226,2025-03-06,Netherlands,Marketing,Startup
C04227,Nova 4227,2025-06-14,India,Finance,Mid-Market
C04228,Orbit 4228,2025-08-12,USA,Healthcare,Startup
C04229,Pulse 4229,2025-05-07,Canada,Technology,SMB
C04230,Core 4230,2025-01-06,USA,Education,Mid-Market
C04231,Orbit 4231,2025-01-27,Singapore,Technology,SMB
C04232,Core 4232,2025-12-05,India,Healthcare,SMB
C04233,Orbit 4233,2025-08-09,Australia,Marketing,Mid-Market
C04234,Bright 4234,2025-04-07,India,Education,SMB
C04235,Apex 4235,2025-04-05,India,Finance,Startup
C04236,Nexa 4236,2025-01-15,USA,Healthcare,SMB
C04237,Core 4237,2025-12-11,Netherlands,Marketing,Mid-Market
C04238,Cloud 4238,2025-02-09,UK,Retail,Startup
C04239,Cloud 4239,2025-10-05,Germany,Education,SMB
C04240,Nexa 4240,2025-03-29,India,Finance,Startup
C04241,Pulse 4241,2025-05-03,India,Retail,Enterprise
C04242,Bright 4242,2025-04-10,India,Technology,SMB
C04243,Nexa 4243,2025-10-28,Australia,Finance,SMB
C04244,Nova 4244,2025-01-12,India,Technology,Mid-Market
C04245,Cloud 4245,2025-05-09,USA,Healthcare,Mid-Market
C04246,Blue 4246,2025-04-12,Germany,Education,Startup
C04247,Orbit 4247,2025-04-10,UK,Marketing,SMB
C04248,Core 4248,2025-03-12,USA,Consulting,SMB
C04249,Cloud 4249,2025-11-30,India,Marketing,SMB
C04250,Cloud 4250,2025-05-19,USA,Technology,SMB
C04251,Blue 4251,2025-06-02,Canada,Marketing,SMB
C04252,Blue 4252,2025-05-21,India,Consulting,Startup
C04253,Core 4253,2025-12-24,Canada,Marketing,Startup
C04254,Bright 4254,2025-05-04,India,Healthcare,Startup
C04255,Core 4255,2025-05-05,Singapore,Marketing,Startup
C04256,Apex 4256,2025-04-30,Netherlands,Marketing,SMB
C04257,Core 4257,2025-04-30,India,Finance,Startup
C04258,Core 4258,2025-02-02,USA,Retail,Startup
C04259,Apex 4259,2025-08-09,USA,Technology,Mid-Market
C04260,Bright 4260,2025-01-10,Australia,Technology,SMB
C04261,Blue 4261,2025-03-24,UK,Consulting,Mid-Market
C04262,Apex 4262,2025-03-15,Germany,Retail,Enterprise
C04263,Apex 4263,2025-04-17,India,Education,SMB
C04264,Nexa 4264,2025-10-04,India,Healthcare,Mid-Market
C04265,Blue 4265,2025-08-07,Germany,Media,Startup
C04266,Vertex 4266,2025-12-28,Germany,Healthcare,Mid-Market
C04267,Blue 4267,2025-05-09,Australia,Healthcare,SMB
C04268,Apex 4268,2025-12-05,Australia,Marketing,Mid-Market
C04269,Nova 4269,2025-01-17,Germany,Healthcare,Startup
C04270,Bright 4270,2025-07-04,UK,Marketing,Enterprise
C04271,Apex 4271,2025-10-19,Singapore,Media,SMB
C04272,Nexa 4272,2025-07-14,Australia,Technology,Mid-Market
C04273,Orbit 4273,2025-12-07,Singapore,Technology,Enterprise
C04274,Vertex 4274,2025-04-25,Netherlands,Healthcare,Mid-Market
C04275,Apex 4275,2025-01-13,USA,Marketing,SMB
C04276,Cloud 4276,2025-10-10,Canada,Consulting,SMB
C04277,Cloud 4277,2025-01-25,Germany,Media,SMB
C04278,Pulse 4278,2025-10-07,India,Education,SMB
C04279,Core 4279,2025-09-25,Germany,Media,SMB
C04280,Vertex 4280,2025-11-05,USA,Finance,SMB
C04281,Nexa 4281,2025-06-24,USA,Technology,Enterprise
C04282,Apex 4282,2025-11-23,India,Finance,SMB
C04283,Bright 4283,2025-03-03,Canada,Consulting,Startup
C04284,Pulse 4284,2025-06-08,Germany,Technology,Mid-Market
C04285,Cloud 4285,2025-02-14,UK,Technology,SMB
C04286,Pulse 4286,2025-10-07,India,Healthcare,Enterprise
C04287,Apex 4287,2025-09-18,UK,Finance,Mid-Market
C04288,Nova 4288,2025-10-22,India,Education,SMB
C04289,Pulse 4289,2025-10-06,USA,Retail,SMB
C04290,Core 4290,2025-04-23,USA,Technology,Mid-Market
C04291,Orbit 4291,2025-01-25,Singapore,Marketing,SMB
C04292,Pulse 4292,2025-12-06,USA,Technology,Startup
C04293,Vertex 4293,2025-06-29,UK,Technology,SMB
C04294,Bright 4294,2025-02-04,Singapore,Finance,Startup
C04295,Bright 4295,2025-12-05,USA,Marketing,Enterprise
C04296,Pulse 4296,2025-12-29,Singapore,Marketing,Startup
C04297,Bright 4297,2025-06-12,India,Education,SMB
C04298,Pulse 4298,2025-10-09,USA,Consulting,Enterprise
C04299,Bright 4299,2025-01-14,India,Technology,Startup
C04300,Nexa 4300,2025-02-04,UK,Consulting,Startup
C04301,Cloud 4301,2025-04-11,Netherlands,Education,Startup
C04302,Orbit 4302,2025-08-28,Germany,Technology,Enterprise
C04303,Nova 4303,2025-02-18,Germany,Finance,Enterprise
C04304,Pulse 4304,2025-01-13,USA,Technology,SMB
C04305,Nova 4305,2025-09-02,Singapore,Technology,Mid-Market
C04306,Blue 4306,2025-10-09,USA,Finance,Mid-Market
C04307,Core 4307,2025-09-27,USA,Finance,Startup
C04308,Orbit 4308,2025-10-19,Netherlands,Retail,Startup
C04309,Blue 4309,2025-10-21,USA,Retail,Mid-Market
C04310,Core 4310,2025-08-08,USA,Marketing,Startup
C04311,Vertex 4311,2025-07-09,India,Consulting,SMB
C04312,Pulse 4312,2025-11-09,India,Media,Startup
C04313,Bright 4313,2025-05-08,Australia,Healthcare,SMB
C04314,Core 4314,2025-02-05,UK,Marketing,Startup
C04315,Core 4315,2025-10-02,Netherlands,Education,Startup
C04316,Blue 4316,2025-04-11,India,Retail,Startup
C04317,Apex 4317,2025-12-24,Germany,Consulting,Enterprise
C04318,Vertex 4318,2025-06-01,Canada,Technology,Startup
C04319,Vertex 4319,2025-11-07,Germany,Consulting,SMB
C04320,Vertex 4320,2025-01-16,UK,Finance,SMB
C04321,Blue 4321,2025-08-29,UK,Finance,SMB
C04322,Orbit 4322,2025-06-13,Germany,Marketing,Mid-Market
C04323,Bright 4323,2025-06-18,Australia,Education,SMB
C04324,Apex 4324,2025-04-07,USA,Technology,SMB
C04325,Vertex 4325,2025-12-21,USA,Finance,SMB
C04326,Orbit 4326,2025-05-24,Germany,Consulting,Mid-Market
C04327,Apex 4327,2025-11-07,USA,Technology,Mid-Market
C04328,Pulse 4328,2025-06-05,India,Retail,Startup
C04329,Nova 4329,2025-01-18,Netherlands,Healthcare,Mid-Market
C04330,Blue 4330,2025-11-17,India,Marketing,Mid-Market
C04331,Nova 4331,2025-03-09,India,Technology,Enterprise
C04332,Apex 4332,2025-04-09,Germany,Media,Enterprise
C04333,Bright 4333,2025-11-11,India,Retail,Mid-Market
C04334,Pulse 4334,2025-11-23,India,Technology,SMB
C04335,Nexa 4335,2025-12-01,India,Education,Startup
C04336,Vertex 4336,2025-06-05,India,Consulting,Mid-Market
C04337,Apex 4337,2025-10-04,USA,Technology,Enterprise
C04338,Orbit 4338,2025-04-30,Australia,Marketing,Startup
C04339,Apex 4339,2025-09-28,USA,Retail,SMB
C04340,Nova 4340,2025-07-03,USA,Marketing,Startup
C04341,Vertex 4341,2025-01-19,Germany,Retail,Startup
C04342,Orbit 4342,2025-06-02,USA,Technology,SMB
C04343,Cloud 4343,2025-06-20,USA,Retail,SMB
C04344,Orbit 4344,2025-04-04,USA,Media,Mid-Market
C04345,Vertex 4345,2025-05-17,USA,Technology,Startup
C04346,Pulse 4346,2025-07-03,USA,Healthcare,SMB
C04347,Vertex 4347,2025-01-19,India,Education,SMB
C04348,Nexa 4348,2025-02-25,Singapore,Retail,Mid-Market
C04349,Core 4349,2025-10-07,Netherlands,Technology,Startup
C04350,Bright 4350,2025-05-09,Australia,Finance,SMB
C04351,Vertex 4351,2025-08-11,India,Consulting,Mid-Market
C04352,Nova 4352,2025-07-26,Canada,Healthcare,Mid-Market
C04353,Bright 4353,2025-07-21,UK,Marketing,SMB
C04354,Vertex 4354,2025-05-31,India,Marketing,SMB
C04355,Core 4355,2025-06-26,Singapore,Media,Enterprise
C04356,Blue 4356,2025-10-28,Canada,Technology,SMB
C04357,Blue 4357,2025-12-19,India,Media,Startup
C04358,Blue 4358,2025-04-04,Netherlands,Marketing,Enterprise
C04359,Orbit 4359,2025-09-02,India,Retail,Mid-Market
C04360,Bright 4360,2025-12-20,USA,Technology,Startup
C04361,Apex 4361,2025-01-03,India,Education,Mid-Market
C04362,Cloud 4362,2025-10-14,India,Retail,Startup
C04363,Core 4363,2025-07-01,Netherlands,Consulting,Mid-Market
C04364,Apex 4364,2025-12-20,UK,Technology,SMB
C04365,Bright 4365,2025-07-31,USA,Healthcare,SMB
C04366,Nexa 4366,2025-11-02,Canada,Technology,Enterprise
C04367,Bright 4367,2025-03-02,Singapore,Technology,Mid-Market
C04368,Bright 4368,2025-02-21,Singapore,Education,Startup
C04369,Cloud 4369,2025-12-05,Singapore,Media,Mid-Market
C04370,Nova 4370,2025-07-12,Singapore,Education,Mid-Market
C04371,Nova 4371,2025-07-23,Germany,Technology,SMB
C04372,Apex 4372,2025-03-04,USA,Finance,Startup
C04373,Blue 4373,2025-03-24,Singapore,Healthcare,Startup
C04374,Cloud 4374,2025-10-26,India,Technology,Enterprise
C04375,Nexa 4375,2025-04-21,India,Retail,SMB
C04376,Bright 4376,2025-08-02,USA,Technology,SMB
C04377,Bright 4377,2025-04-26,USA,Technology,SMB
C04378,Vertex 4378,2025-04-07,Germany,Consulting,Startup
C04379,Orbit 4379,2025-03-02,Singapore,Technology,Startup
C04380,Nexa 4380,2025-12-06,UK,Healthcare,Startup
C04381,Bright 4381,2025-12-10,UK,Marketing,Startup
C04382,Orbit 4382,2025-02-12,USA,Technology,Mid-Market
C04383,Apex 4383,2025-05-09,Canada,Marketing,Startup
C04384,Cloud 4384,2025-07-25,India,Marketing,Startup
C04385,Nexa 4385,2025-05-20,India,Education,SMB
C04386,Orbit 4386,2025-09-21,Germany,Technology,Mid-Market
C04387,Nova 4387,2025-04-05,UK,Finance,Startup
C04388,Apex 4388,2025-01-22,USA,Education,Startup
C04389,Bright 4389,2025-05-03,USA,Technology,Mid-Market
C04390,Pulse 4390,2025-08-07,India,Technology,SMB
C04391,Bright 4391,2025-03-07,Germany,Finance,SMB
C04392,Blue 4392,2025-10-25,USA,Technology,Startup
C04393,Nexa 4393,2025-01-05,USA,Technology,Mid-Market
C04394,Vertex 4394,2025-01-25,Singapore,Media,SMB
C04395,Apex 4395,2025-07-05,Canada,Healthcare,Mid-Market
C04396,Core 4396,2025-07-06,India,Marketing,Enterprise
C04397,Cloud 4397,2025-04-18,Germany,Finance,Mid-Market
C04398,Pulse 4398,2025-04-05,India,Technology,Startup
C04399,Pulse 4399,2025-01-26,India,Consulting,Mid-Market
C04400,Nexa 4400,2025-08-30,Canada,Consulting,SMB
C04401,Nova 4401,2025-05-19,India,Media,Startup
C04402,Bright 4402,2025-02-13,USA,Technology,Startup
C04403,Bright 4403,2025-05-26,Singapore,Technology,Startup
C04404,Bright 4404,2025-12-09,Canada,Consulting,Enterprise
C04405,Core 4405,2025-04-06,Singapore,Finance,Mid-Market
C04406,Nova 4406,2025-11-23,Singapore,Technology,Mid-Market
C04407,Orbit 4407,2025-04-05,USA,Finance,Mid-Market
C04408,Blue 4408,2025-03-09,Germany,Technology,SMB
C04409,Core 4409,2025-04-06,USA,Retail,Mid-Market
C04410,Nexa 4410,2025-04-28,Germany,Retail,Startup
C04411,Blue 4411,2025-02-14,USA,Education,Startup
C04412,Apex 4412,2025-08-03,India,Healthcare,SMB
C04413,Nexa 4413,2025-05-02,India,Consulting,Mid-Market
C04414,Orbit 4414,2025-09-20,Canada,Education,Mid-Market
C04415,Nova 4415,2025-06-29,India,Consulting,Enterprise
C04416,Nova 4416,2025-06-11,UK,Marketing,Mid-Market
C04417,Core 4417,2025-06-21,Australia,Media,Startup
C04418,Vertex 4418,2025-02-27,Canada,Finance,Startup
C04419,Bright 4419,2025-09-18,USA,Marketing,SMB
C04420,Nexa 4420,2025-02-08,India,Consulting,SMB
C04421,Orbit 4421,2025-09-21,Singapore,Retail,SMB
C04422,Orbit 4422,2025-12-31,UK,Media,Startup
C04423,Blue 4423,2025-10-06,USA,Healthcare,SMB
C04424,Pulse 4424,2025-06-16,Netherlands,Education,Mid-Market
C04425,Blue 4425,2025-04-25,India,Finance,Startup
C04426,Nexa 4426,2025-11-15,USA,Education,SMB
C04427,Blue 4427,2025-04-04,India,Technology,Startup
C04428,Nexa 4428,2025-06-26,India,Healthcare,SMB
C04429,Orbit 4429,2025-10-09,USA,Retail,Mid-Market
C04430,Core 4430,2025-12-03,Germany,Consulting,Startup
C04431,Core 4431,2025-12-03,USA,Marketing,Mid-Market
C04432,Nova 4432,2025-02-02,Germany,Technology,Mid-Market
C04433,Blue 4433,2025-11-24,Australia,Healthcare,SMB
C04434,Nexa 4434,2025-02-11,Singapore,Technology,Mid-Market
C04435,Core 4435,2025-08-02,India,Technology,Mid-Market
C04436,Pulse 4436,2025-12-06,Canada,Retail,SMB
C04437,Blue 4437,2025-08-28,India,Marketing,Startup
C04438,Cloud 4438,2025-12-12,Germany,Technology,SMB
C04439,Vertex 4439,2025-05-06,USA,Consulting,SMB
C04440,Vertex 4440,2025-04-25,Canada,Technology,Startup
C04441,Cloud 4441,2025-04-30,India,Healthcare,SMB
C04442,Cloud 4442,2025-05-10,Germany,Technology,Enterprise
C04443,Apex 4443,2025-09-07,India,Technology,Startup
C04444,Vertex 4444,2025-06-15,India,Marketing,Mid-Market
C04445,Vertex 4445,2025-09-27,Germany,Consulting,SMB
C04446,Orbit 4446,2025-06-01,USA,Marketing,Mid-Market
C04447,Pulse 4447,2025-04-23,Canada,Consulting,Mid-Market
C04448,Vertex 4448,2025-03-11,Germany,Retail,SMB
C04449,Orbit 4449,2025-07-21,Germany,Consulting,SMB
C04450,Nexa 4450,2025-11-24,Canada,Media,Startup
C04451,Pulse 4451,2025-11-10,Australia,Retail,Startup
C04452,Vertex 4452,2025-04-03,Singapore,Retail,SMB
C04453,Pulse 4453,2025-06-24,India,Finance,Startup
C04454,Nova 4454,2025-09-15,UK,Technology,Startup
C04455,Cloud 4455,2025-08-12,Canada,Consulting,Startup
C04456,Bright 4456,2025-01-25,India,Retail,Startup
C04457,Core 4457,2025-08-04,USA,Consulting,SMB
C04458,Vertex 4458,2025-01-15,USA,Education,Startup
C04459,Pulse 4459,2025-02-12,UK,Consulting,Startup
C04460,Blue 4460,2025-08-27,USA,Education,Mid-Market
C04461,Blue 4461,2025-02-07,Germany,Education,SMB
C04462,Bright 4462,2025-05-04,Germany,Technology,Enterprise
C04463,Nova 4463,2025-08-03,Germany,Healthcare,Enterprise
C04464,Cloud 4464,2025-08-28,USA,Technology,Mid-Market
C04465,Pulse 4465,2025-06-12,Canada,Technology,Mid-Market
C04466,Vertex 4466,2025-02-04,Germany,Marketing,Startup
C04467,Nexa 4467,2025-10-19,India,Technology,Startup
C04468,Bright 4468,2025-12-13,India,Retail,Enterprise
C04469,Pulse 4469,2025-11-21,USA,Healthcare,Enterprise
C04470,Nexa 4470,2025-10-01,Singapore,Education,SMB
C04471,Orbit 4471,2025-05-27,USA,Technology,SMB
C04472,Pulse 4472,2025-11-16,India,Retail,Startup
C04473,Blue 4473,2025-06-28,India,Healthcare,Startup
C04474,Bright 4474,2025-02-19,India,Marketing,SMB
C04475,Orbit 4475,2025-11-07,USA,Education,Startup
C04476,Nexa 4476,2025-04-27,Australia,Marketing,SMB
C04477,Core 4477,2025-12-09,USA,Marketing,Mid-Market
C04478,Apex 4478,2025-05-15,Australia,Consulting,Mid-Market
C04479,Bright 4479,2025-11-14,India,Consulting,Mid-Market
C04480,Core 4480,2025-07-16,USA,Finance,Startup
C04481,Blue 4481,2025-06-20,Canada,Retail,SMB
C04482,Orbit 4482,2025-04-19,Germany,Finance,SMB
C04483,Vertex 4483,2025-11-02,Australia,Finance,SMB
C04484,Cloud 4484,2025-01-23,USA,Finance,Enterprise
C04485,Apex 4485,2025-06-21,UK,Finance,Startup
C04486,Pulse 4486,2025-05-15,Germany,Finance,Startup
C04487,Nexa 4487,2025-07-18,India,Retail,SMB
C04488,Core 4488,2025-04-03,Australia,Marketing,SMB
C04489,Nova 4489,2025-08-31,USA,Media,SMB
C04490,Apex 4490,2025-05-21,India,Technology,SMB
C04491,Pulse 4491,2025-03-10,Canada,Marketing,Startup
C04492,Blue 4492,2025-03-13,Canada,Technology,SMB
C04493,Vertex 4493,2025-09-12,Singapore,Healthcare,Mid-Market
C04494,Core 4494,2025-04-06,Singapore,Healthcare,Startup
C04495,Nova 4495,2025-04-23,USA,Education,Mid-Market
C04496,Vertex 4496,2025-08-17,Germany,Consulting,SMB
C04497,Core 4497,2025-05-01,Netherlands,Technology,Startup
C04498,Pulse 4498,2025-05-22,USA,Technology,Startup
C04499,Blue 4499,2025-03-31,USA,Healthcare,Startup
C04500,Nexa 4500,2025-05-07,Singapore,Finance,Startup
C04501,Nexa 4501,2025-09-10,India,Education,SMB
C04502,Orbit 4502,2025-07-14,Singapore,Marketing,Enterprise
C04503,Orbit 4503,2025-12-31,UK,Consulting,Startup
C04504,Orbit 4504,2025-10-09,Singapore,Media,Startup
C04505,Cloud 4505,2025-01-07,Germany,Healthcare,Mid-Market
C04506,Core 4506,2025-05-19,Germany,Retail,SMB
C04507,Bright 4507,2025-04-16,Canada,Consulting,SMB
C04508,Nexa 4508,2025-08-03,India,Technology,SMB
C04509,Nexa 4509,2025-04-07,Germany,Retail,Startup
C04510,Orbit 4510,2025-12-19,Singapore,Marketing,Startup
C04511,Nexa 4511,2025-04-20,Netherlands,Education,Enterprise
C04512,Nova 4512,2025-07-10,Netherlands,Education,SMB
C04513,Bright 4513,2025-02-14,Germany,Retail,Startup
C04514,Apex 4514,2025-11-29,Germany,Consulting,Enterprise
C04515,Bright 4515,2025-11-29,UK,Consulting,SMB
C04516,Blue 4516,2025-10-17,Germany,Finance,Startup
C04517,Core 4517,2025-05-09,Germany,Media,Enterprise
C04518,Pulse 4518,2025-01-22,India,Education,Mid-Market
C04519,Bright 4519,2025-09-17,India,Consulting,Mid-Market
C04520,Nova 4520,2025-06-06,Germany,Retail,Startup
C04521,Pulse 4521,2025-12-28,USA,Technology,Startup
C04522,Core 4522,2025-09-12,USA,Finance,Enterprise
C04523,Apex 4523,2025-07-16,India,Retail,Startup
C04524,Core 4524,2025-12-27,Australia,Retail,Mid-Market
C04525,Blue 4525,2025-10-20,Netherlands,Consulting,Mid-Market
C04526,Orbit 4526,2025-06-17,Germany,Marketing,SMB
C04527,Cloud 4527,2025-01-07,Netherlands,Finance,Mid-Market
C04528,Nova 4528,2025-02-03,Singapore,Marketing,Enterprise
C04529,Pulse 4529,2025-06-11,India,Healthcare,Mid-Market
C04530,Orbit 4530,2025-07-25,India,Retail,SMB
C04531,Vertex 4531,2025-01-12,India,Marketing,SMB
C04532,Nova 4532,2025-02-16,India,Healthcare,SMB
C04533,Blue 4533,2025-09-15,UK,Marketing,Startup
C04534,Bright 4534,2025-10-02,USA,Media,Enterprise
C04535,Bright 4535,2025-01-11,Singapore,Marketing,Enterprise
C04536,Nexa 4536,2025-07-05,Germany,Technology,Startup
C04537,Bright 4537,2025-01-30,USA,Marketing,Mid-Market
C04538,Blue 4538,2025-09-22,Netherlands,Healthcare,Enterprise
C04539,Nexa 4539,2025-11-01,Netherlands,Finance,SMB
C04540,Bright 4540,2025-11-14,Canada,Consulting,Startup
C04541,Cloud 4541,2025-08-07,Australia,Finance,Startup
C04542,Core 4542,2025-08-18,Netherlands,Marketing,SMB
C04543,Orbit 4543,2025-12-05,Germany,Healthcare,Enterprise
C04544,Blue 4544,2025-08-12,Singapore,Healthcare,Startup
C04545,Bright 4545,2025-06-12,India,Marketing,SMB
C04546,Nova 4546,2025-10-03,UK,Education,Mid-Market
C04547,Core 4547,2025-08-04,UK,Technology,Mid-Market
C04548,Cloud 4548,2025-11-04,India,Finance,Enterprise
C04549,Core 4549,2025-07-11,India,Consulting,Mid-Market
C04550,Pulse 4550,2025-11-14,India,Retail,SMB
C04551,Cloud 4551,2025-01-17,USA,Technology,Enterprise
C04552,Pulse 4552,2025-01-14,India,Technology,SMB
C04553,Nova 4553,2025-02-06,USA,Media,SMB
C04554,Bright 4554,2025-07-23,Australia,Technology,Startup
C04555,Bright 4555,2025-09-16,Germany,Media,SMB
C04556,Nexa 4556,2025-03-20,Germany,Consulting,Startup
C04557,Orbit 4557,2025-02-26,India,Technology,Mid-Market
C04558,Nexa 4558,2025-11-11,Australia,Technology,Startup
C04559,Apex 4559,2025-10-01,India,Media,SMB
C04560,Pulse 4560,2025-08-25,USA,Finance,Enterprise
C04561,Vertex 4561,2025-06-28,UK,Marketing,Mid-Market
C04562,Pulse 4562,2025-06-03,Singapore,Technology,Mid-Market
C04563,Nova 4563,2025-01-08,Netherlands,Marketing,Mid-Market
C04564,Nova 4564,2025-03-10,Canada,Retail,Startup
C04565,Pulse 4565,2025-11-24,Canada,Education,Startup
C04566,Vertex 4566,2025-05-04,UK,Technology,Mid-Market
C04567,Pulse 4567,2025-09-15,Germany,Marketing,Mid-Market
C04568,Vertex 4568,2025-09-14,India,Education,SMB
C04569,Vertex 4569,2025-04-23,USA,Technology,Startup
C04570,Blue 4570,2025-03-16,Netherlands,Consulting,Startup
C04571,Vertex 4571,2025-09-10,Netherlands,Education,SMB
C04572,Blue 4572,2025-02-04,USA,Technology,Startup
C04573,Bright 4573,2025-06-30,USA,Media,Startup
C04574,Pulse 4574,2025-11-21,India,Healthcare,SMB
C04575,Blue 4575,2025-09-17,UK,Technology,SMB
C04576,Vertex 4576,2025-10-06,India,Technology,SMB
C04577,Bright 4577,2025-01-31,Germany,Healthcare,SMB
C04578,Orbit 4578,2025-03-14,India,Finance,SMB
C04579,Core 4579,2025-04-11,India,Finance,Startup
C04580,Vertex 4580,2025-04-17,USA,Consulting,SMB
C04581,Vertex 4581,2025-03-12,Canada,Education,Startup
C04582,Bright 4582,2025-12-21,USA,Technology,Enterprise
C04583,Cloud 4583,2025-03-02,USA,Education,Startup
C04584,Cloud 4584,2025-09-16,Germany,Consulting,Mid-Market
C04585,Vertex 4585,2025-08-03,Canada,Marketing,SMB
C04586,Core 4586,2025-08-11,USA,Media,SMB
C04587,Pulse 4587,2025-03-20,Canada,Finance,Mid-Market
C04588,Vertex 4588,2025-04-23,USA,Technology,Startup
C04589,Orbit 4589,2025-08-10,Germany,Technology,SMB
C04590,Nexa 4590,2025-04-20,USA,Finance,Startup
C04591,Nexa 4591,2025-09-11,Singapore,Marketing,SMB
C04592,Blue 4592,2025-01-15,Netherlands,Technology,Enterprise
C04593,Nexa 4593,2025-01-27,Canada,Marketing,SMB
C04594,Nexa 4594,2025-09-23,Singapore,Retail,Mid-Market
C04595,Nova 4595,2025-08-14,India,Consulting,Startup
C04596,Nova 4596,2025-01-16,Germany,Education,SMB
C04597,Nexa 4597,2025-11-25,India,Education,Mid-Market
C04598,Blue 4598,2025-01-02,USA,Consulting,Startup
C04599,Bright 4599,2025-12-15,UK,Marketing,Startup
C04600,Nexa 4600,2025-09-24,Canada,Healthcare,Startup
C04601,Cloud 4601,2025-12-27,Canada,Finance,Startup
C04602,Apex 4602,2025-12-13,Australia,Technology,Enterprise
C04603,Pulse 4603,2025-04-25,UK,Marketing,Startup
C04604,Nexa 4604,2025-10-04,Singapore,Healthcare,Startup
C04605,Vertex 4605,2025-03-18,Singapore,Technology,Startup
C04606,Core 4606,2025-06-22,Australia,Finance,Startup
C04607,Blue 4607,2025-03-29,India,Consulting,SMB
C04608,Apex 4608,2025-06-27,UK,Finance,Startup
C04609,Bright 4609,2025-11-15,Canada,Healthcare,Startup
C04610,Orbit 4610,2025-06-09,Netherlands,Technology,Startup
C04611,Core 4611,2025-02-03,India,Technology,Mid-Market
C04612,Apex 4612,2025-04-29,USA,Consulting,SMB
C04613,Nova 4613,2025-10-15,USA,Technology,Mid-Market
C04614,Nova 4614,2025-07-10,USA,Finance,Startup
C04615,Core 4615,2025-07-24,Australia,Media,SMB
C04616,Pulse 4616,2025-06-07,India,Healthcare,Enterprise
C04617,Pulse 4617,2025-04-17,USA,Marketing,Startup
C04618,Vertex 4618,2025-08-07,Canada,Education,SMB
C04619,Vertex 4619,2025-08-20,USA,Technology,Startup
C04620,Bright 4620,2025-11-24,India,Finance,Startup
C04621,Cloud 4621,2025-08-14,Germany,Healthcare,SMB
C04622,Bright 4622,2025-12-30,UK,Technology,SMB
C04623,Orbit 4623,2025-10-29,Netherlands,Technology,SMB
C04624,Cloud 4624,2025-01-29,Canada,Marketing,SMB
C04625,Vertex 4625,2025-05-24,Netherlands,Technology,SMB
C04626,Apex 4626,2025-05-21,India,Technology,SMB
C04627,Pulse 4627,2025-01-02,Canada,Marketing,Mid-Market
C04628,Nexa 4628,2025-03-07,UK,Healthcare,Mid-Market
C04629,Bright 4629,2025-10-06,Canada,Marketing,Startup
C04630,Bright 4630,2025-05-09,USA,Technology,Startup
C04631,Orbit 4631,2025-02-23,India,Education,Mid-Market
C04632,Vertex 4632,2025-04-15,India,Retail,Startup
C04633,Core 4633,2025-04-11,Australia,Marketing,Enterprise
C04634,Core 4634,2025-03-05,Australia,Retail,Mid-Market
C04635,Nova 4635,2025-02-06,India,Healthcare,Startup
C04636,Blue 4636,2025-10-06,Germany,Technology,Mid-Market
C04637,Nova 4637,2025-10-28,Canada,Healthcare,Startup
C04638,Apex 4638,2025-07-01,UK,Healthcare,Startup
C04639,Nexa 4639,2025-08-13,USA,Retail,Enterprise
C04640,Bright 4640,2025-12-02,Singapore,Finance,Mid-Market
C04641,Cloud 4641,2025-11-04,Germany,Finance,SMB
C04642,Nova 4642,2025-01-12,Canada,Retail,Mid-Market
C04643,Pulse 4643,2025-12-14,Germany,Finance,Startup
C04644,Nova 4644,2025-01-25,Canada,Education,Mid-Market
C04645,Apex 4645,2025-01-10,India,Finance,Enterprise
C04646,Bright 4646,2025-05-28,Singapore,Media,Mid-Market
C04647,Blue 4647,2025-09-30,USA,Technology,SMB
C04648,Blue 4648,2025-01-30,Australia,Consulting,SMB
C04649,Core 4649,2025-04-17,Singapore,Marketing,Mid-Market
C04650,Pulse 4650,2025-04-06,Germany,Media,Startup
C04651,Orbit 4651,2025-05-26,UK,Media,Enterprise
C04652,Bright 4652,2025-12-26,India,Consulting,SMB
C04653,Vertex 4653,2025-05-01,USA,Technology,Startup
C04654,Blue 4654,2025-03-18,Germany,Healthcare,Startup
C04655,Bright 4655,2025-02-14,India,Retail,SMB
C04656,Apex 4656,2025-03-14,India,Education,Startup
C04657,Vertex 4657,2025-02-18,Netherlands,Retail,SMB
C04658,Cloud 4658,2025-07-29,USA,Consulting,Enterprise
C04659,Nexa 4659,2025-06-03,USA,Finance,Startup
C04660,Apex 4660,2025-07-01,USA,Technology,SMB
C04661,Orbit 4661,2025-10-31,Germany,Finance,SMB
C04662,Cloud 4662,2025-07-31,USA,Education,SMB
C04663,Nova 4663,2025-02-26,Australia,Marketing,SMB
C04664,Core 4664,2025-05-18,UK,Technology,Mid-Market
C04665,Apex 4665,2025-04-25,India,Consulting,SMB
C04666,Bright 4666,2025-10-29,UK,Technology,SMB
C04667,Cloud 4667,2025-04-23,India,Healthcare,Startup
C04668,Nexa 4668,2025-02-20,Australia,Healthcare,SMB
C04669,Orbit 4669,2025-09-26,India,Marketing,Startup
C04670,Bright 4670,2025-06-06,India,Technology,SMB
C04671,Blue 4671,2025-02-04,USA,Consulting,SMB
C04672,Blue 4672,2025-09-09,India,Retail,Mid-Market
C04673,Vertex 4673,2025-03-18,UK,Education,SMB
C04674,Nexa 4674,2025-11-13,USA,Media,SMB
C04675,Blue 4675,2025-10-31,Netherlands,Finance,Startup
C04676,Apex 4676,2025-05-15,India,Technology,Mid-Market
C04677,Nova 4677,2025-07-22,UK,Technology,Enterprise
C04678,Vertex 4678,2025-07-27,Canada,Consulting,SMB
C04679,Nexa 4679,2025-08-27,India,Technology,Startup
C04680,Blue 4680,2025-01-26,Germany,Media,SMB
C04681,Vertex 4681,2025-04-29,Australia,Marketing,Startup
C04682,Orbit 4682,2025-03-04,Canada,Consulting,SMB
C04683,Apex 4683,2025-09-12,Singapore,Healthcare,Startup
C04684,Cloud 4684,2025-01-26,Canada,Consulting,SMB
C04685,Nexa 4685,2025-07-08,USA,Healthcare,Mid-Market
C04686,Core 4686,2025-09-23,Singapore,Marketing,Startup
C04687,Cloud 4687,2025-12-13,India,Consulting,SMB
C04688,Nova 4688,2025-04-16,UK,Technology,Startup
C04689,Bright 4689,2025-01-03,Canada,Retail,Startup
C04690,Bright 4690,2025-09-22,Singapore,Consulting,SMB
C04691,Pulse 4691,2025-01-01,Singapore,Consulting,Mid-Market
C04692,Orbit 4692,2025-01-25,India,Technology,Mid-Market
C04693,Nova 4693,2025-12-28,Canada,Technology,Startup
C04694,Bright 4694,2025-11-11,India,Technology,Startup
C04695,Pulse 4695,2025-09-16,Canada,Education,SMB
C04696,Apex 4696,2025-11-01,Canada,Technology,SMB
C04697,Orbit 4697,2025-01-28,India,Media,Mid-Market
C04698,Cloud 4698,2025-02-02,Australia,Media,Mid-Market
C04699,Bright 4699,2025-04-20,USA,Technology,Mid-Market
C04700,Vertex 4700,2025-01-09,UK,Consulting,Startup
C04701,Nova 4701,2025-11-21,Netherlands,Finance,Enterprise
C04702,Nova 4702,2025-01-21,Germany,Finance,Enterprise
C04703,Nexa 4703,2025-07-18,UK,Finance,Startup
C04704,Vertex 4704,2025-11-08,India,Retail,SMB
C04705,Orbit 4705,2025-09-26,India,Retail,Mid-Market
C04706,Blue 4706,2025-03-27,India,Technology,SMB
C04707,Nexa 4707,2025-06-21,USA,Finance,Startup
C04708,Orbit 4708,2025-07-20,USA,Healthcare,SMB
C04709,Vertex 4709,2025-10-08,UK,Marketing,SMB
C04710,Apex 4710,2025-06-05,Germany,Technology,Mid-Market
C04711,Core 4711,2025-04-15,India,Retail,Mid-Market
C04712,Bright 4712,2025-10-18,Germany,Media,Enterprise
C04713,Core 4713,2025-11-20,Singapore,Healthcare,SMB
C04714,Pulse 4714,2025-06-28,India,Retail,Mid-Market
C04715,Cloud 4715,2025-01-11,Germany,Education,Startup
C04716,Vertex 4716,2025-07-02,India,Marketing,SMB
C04717,Nova 4717,2025-11-21,UK,Consulting,Enterprise
C04718,Cloud 4718,2025-12-28,Canada,Healthcare,Mid-Market
C04719,Bright 4719,2025-05-27,India,Marketing,SMB
C04720,Nexa 4720,2025-02-24,USA,Finance,Startup
C04721,Orbit 4721,2025-07-28,Singapore,Consulting,Startup
C04722,Apex 4722,2025-10-31,India,Technology,Mid-Market
C04723,Pulse 4723,2025-12-11,Canada,Finance,SMB
C04724,Pulse 4724,2025-01-19,Germany,Healthcare,SMB
C04725,Pulse 4725,2025-04-17,India,Healthcare,Mid-Market
C04726,Core 4726,2025-06-24,Canada,Technology,Startup
C04727,Bright 4727,2025-02-05,UK,Technology,SMB
C04728,Core 4728,2025-11-20,India,Retail,Startup
C04729,Apex 4729,2025-02-10,Netherlands,Marketing,Startup
C04730,Vertex 4730,2025-08-31,UK,Healthcare,Startup
C04731,Vertex 4731,2025-12-02,Canada,Retail,Startup
C04732,Nova 4732,2025-09-08,India,Consulting,SMB
C04733,Blue 4733,2025-10-06,India,Technology,SMB
C04734,Vertex 4734,2025-04-07,Canada,Marketing,SMB
C04735,Core 4735,2025-10-30,Germany,Finance,Mid-Market
C04736,Pulse 4736,2025-06-02,USA,Marketing,SMB
C04737,Apex 4737,2025-01-23,Canada,Consulting,SMB
C04738,Blue 4738,2025-05-14,UK,Technology,SMB
C04739,Blue 4739,2025-05-08,USA,Marketing,SMB
C04740,Blue 4740,2025-07-10,Canada,Finance,SMB
C04741,Apex 4741,2025-04-07,Germany,Marketing,Enterprise
C04742,Cloud 4742,2025-06-18,UK,Technology,SMB
C04743,Nova 4743,2025-06-06,Canada,Consulting,SMB
C04744,Core 4744,2025-04-30,UK,Marketing,SMB
C04745,Core 4745,2025-09-12,Singapore,Technology,Mid-Market
C04746,Orbit 4746,2025-04-22,Australia,Consulting,SMB
C04747,Nova 4747,2025-10-07,USA,Technology,SMB
C04748,Core 4748,2025-04-02,USA,Marketing,SMB
C04749,Cloud 4749,2025-11-12,Netherlands,Marketing,Mid-Market
C04750,Orbit 4750,2025-05-14,Singapore,Technology,SMB
C04751,Nexa 4751,2025-01-15,India,Finance,Enterprise
C04752,Vertex 4752,2025-02-24,USA,Technology,Mid-Market
C04753,Nova 4753,2025-10-22,USA,Consulting,Startup
C04754,Nova 4754,2025-11-15,Singapore,Education,SMB
C04755,Blue 4755,2025-03-19,Singapore,Technology,Enterprise
C04756,Blue 4756,2025-08-08,Australia,Technology,Startup
C04757,Apex 4757,2025-07-29,USA,Retail,SMB
C04758,Apex 4758,2025-02-18,Singapore,Technology,Startup
C04759,Apex 4759,2025-06-14,India,Finance,Startup
C04760,Bright 4760,2025-09-11,USA,Education,SMB
C04761,Orbit 4761,2025-12-20,USA,Technology,Mid-Market
C04762,Bright 4762,2025-11-06,UK,Media,SMB
C04763,Nexa 4763,2025-02-05,UK,Technology,Startup
C04764,Bright 4764,2025-03-28,India,Retail,SMB
C04765,Nexa 4765,2025-06-09,India,Finance,SMB
C04766,Blue 4766,2025-02-24,Australia,Technology,SMB
C04767,Cloud 4767,2025-07-28,India,Healthcare,SMB
C04768,Nova 4768,2025-01-04,UK,Media,Enterprise
C04769,Orbit 4769,2025-02-11,India,Marketing,Mid-Market
C04770,Vertex 4770,2025-01-18,USA,Technology,Mid-Market
C04771,Cloud 4771,2025-04-18,USA,Media,SMB
C04772,Pulse 4772,2025-10-06,Canada,Technology,SMB
C04773,Apex 4773,2025-03-06,USA,Technology,SMB
C04774,Orbit 4774,2025-12-27,USA,Technology,Mid-Market
C04775,Pulse 4775,2025-04-09,Australia,Consulting,Enterprise
C04776,Vertex 4776,2025-01-17,India,Technology,Enterprise
C04777,Apex 4777,2025-05-03,Canada,Technology,SMB
C04778,Nova 4778,2025-10-01,USA,Media,Mid-Market
C04779,Apex 4779,2025-02-08,Singapore,Marketing,SMB
C04780,Cloud 4780,2025-01-27,India,Finance,Startup
C04781,Blue 4781,2025-11-07,UK,Marketing,Mid-Market
C04782,Cloud 4782,2025-08-05,Germany,Finance,Enterprise
C04783,Cloud 4783,2025-05-06,UK,Marketing,Mid-Market
C04784,Nova 4784,2025-10-03,Australia,Finance,Mid-Market
C04785,Vertex 4785,2025-11-05,India,Education,SMB
C04786,Cloud 4786,2025-05-12,USA,Consulting,Mid-Market
C04787,Cloud 4787,2025-07-24,Australia,Finance,SMB
C04788,Pulse 4788,2025-01-04,Singapore,Technology,SMB
C04789,Core 4789,2025-04-22,UK,Finance,Startup
C04790,Core 4790,2025-08-06,UK,Consulting,SMB
C04791,Blue 4791,2025-03-13,Canada,Consulting,Startup
C04792,Core 4792,2025-12-28,Canada,Consulting,Mid-Market
C04793,Apex 4793,2025-12-21,Singapore,Media,Enterprise
C04794,Bright 4794,2025-04-05,Australia,Consulting,Mid-Market
C04795,Nexa 4795,2025-05-25,USA,Media,Startup
C04796,Bright 4796,2025-03-11,Germany,Education,SMB
C04797,Nexa 4797,2025-07-03,UK,Technology,SMB
C04798,Blue 4798,2025-02-15,India,Marketing,Mid-Market
C04799,Vertex 4799,2025-05-23,Australia,Technology,Startup
C04800,Pulse 4800,2025-07-22,Germany,Technology,SMB
C04801,Blue 4801,2025-08-12,India,Finance,Mid-Market
C04802,Orbit 4802,2025-08-06,Germany,Finance,Startup
C04803,Bright 4803,2025-03-22,USA,Education,Mid-Market
C04804,Cloud 4804,2025-10-17,India,Finance,Mid-Market
C04805,Vertex 4805,2025-09-10,Germany,Technology,Mid-Market
C04806,Bright 4806,2025-10-02,Canada,Retail,Enterprise
C04807,Pulse 4807,2025-06-20,UK,Marketing,Mid-Market
C04808,Orbit 4808,2025-11-22,India,Technology,SMB
C04809,Cloud 4809,2025-05-23,UK,Finance,SMB
C04810,Orbit 4810,2025-10-22,India,Technology,Startup
C04811,Core 4811,2025-03-16,Singapore,Retail,Startup
C04812,Nova 4812,2025-04-01,USA,Technology,SMB
C04813,Nova 4813,2025-07-12,Singapore,Media,Startup
C04814,Blue 4814,2025-07-22,India,Finance,SMB
C04815,Pulse 4815,2025-09-30,India,Consulting,Mid-Market
C04816,Orbit 4816,2025-04-19,USA,Technology,Startup
C04817,Blue 4817,2025-11-15,Canada,Marketing,Startup
C04818,Orbit 4818,2025-05-01,Netherlands,Finance,Mid-Market
C04819,Orbit 4819,2025-07-14,UK,Finance,Startup
C04820,Cloud 4820,2025-12-07,USA,Media,SMB
C04821,Core 4821,2025-07-16,India,Consulting,Startup
C04822,Pulse 4822,2025-09-06,UK,Finance,Mid-Market
C04823,Cloud 4823,2025-11-28,USA,Consulting,SMB
C04824,Pulse 4824,2025-12-22,Singapore,Technology,SMB
C04825,Pulse 4825,2025-07-02,UK,Retail,Startup
C04826,Nova 4826,2025-06-02,Canada,Healthcare,Mid-Market
C04827,Vertex 4827,2025-03-13,Australia,Technology,SMB
C04828,Orbit 4828,2025-07-16,India,Finance,SMB
C04829,Nexa 4829,2025-12-02,USA,Technology,Startup
C04830,Nexa 4830,2025-06-27,Singapore,Media,Startup
C04831,Bright 4831,2025-05-08,USA,Finance,Startup
C04832,Core 4832,2025-02-09,UK,Technology,Startup
C04833,Apex 4833,2025-05-23,Singapore,Consulting,Startup
C04834,Cloud 4834,2025-03-28,India,Technology,Startup
C04835,Vertex 4835,2025-12-23,Singapore,Technology,Mid-Market
C04836,Core 4836,2025-07-12,USA,Education,SMB
C04837,Pulse 4837,2025-02-20,UK,Technology,SMB
C04838,Apex 4838,2025-01-25,USA,Retail,Startup
C04839,Cloud 4839,2025-11-07,UK,Marketing,Startup
C04840,Nova 4840,2025-12-06,India,Finance,Enterprise
C04841,Vertex 4841,2025-10-06,India,Healthcare,Startup
C04842,Vertex 4842,2025-02-15,USA,Finance,Mid-Market
C04843,Orbit 4843,2025-02-05,USA,Marketing,Mid-Market
C04844,Vertex 4844,2025-03-14,Germany,Marketing,SMB
C04845,Vertex 4845,2025-10-02,India,Consulting,Mid-Market
C04846,Cloud 4846,2025-10-07,India,Healthcare,Mid-Market
C04847,Nexa 4847,2025-11-02,India,Consulting,Mid-Market
C04848,Apex 4848,2025-02-05,USA,Technology,SMB
C04849,Vertex 4849,2025-02-25,USA,Retail,Startup
C04850,Pulse 4850,2025-11-25,India,Technology,SMB
C04851,Apex 4851,2025-12-05,UK,Retail,Startup
C04852,Vertex 4852,2025-09-22,Canada,Marketing,SMB
C04853,Nexa 4853,2025-02-08,Germany,Technology,SMB
C04854,Blue 4854,2025-01-26,USA,Finance,Startup
C04855,Orbit 4855,2025-01-21,Australia,Retail,Mid-Market
C04856,Vertex 4856,2025-09-10,Germany,Retail,Enterprise
C04857,Bright 4857,2025-11-05,Germany,Consulting,Startup
C04858,Orbit 4858,2025-08-19,India,Healthcare,Startup
C04859,Blue 4859,2025-04-06,USA,Marketing,SMB
C04860,Blue 4860,2025-10-04,USA,Technology,Startup
C04861,Blue 4861,2025-01-22,India,Education,Startup
C04862,Core 4862,2025-10-30,Germany,Finance,Enterprise
C04863,Orbit 4863,2025-11-22,USA,Consulting,Startup
C04864,Nexa 4864,2025-09-20,India,Education,Startup
C04865,Pulse 4865,2025-11-17,India,Healthcare,SMB
C04866,Pulse 4866,2025-08-02,India,Education,Startup
C04867,Nexa 4867,2025-06-20,USA,Finance,Mid-Market
C04868,Vertex 4868,2025-04-28,India,Technology,Mid-Market
C04869,Core 4869,2025-12-03,UK,Technology,SMB
C04870,Nova 4870,2025-09-12,USA,Finance,Startup
C04871,Apex 4871,2025-03-11,UK,Technology,Mid-Market
C04872,Apex 4872,2025-12-16,Singapore,Education,Mid-Market
C04873,Blue 4873,2025-01-22,Australia,Consulting,SMB
C04874,Nova 4874,2025-08-03,UK,Healthcare,SMB
C04875,Apex 4875,2025-03-11,USA,Media,SMB
C04876,Bright 4876,2025-08-31,Germany,Retail,Startup
C04877,Nova 4877,2025-05-31,Singapore,Technology,SMB
C04878,Cloud 4878,2025-06-09,UK,Healthcare,Mid-Market
C04879,Apex 4879,2025-09-03,India,Retail,SMB
C04880,Blue 4880,2025-10-03,Canada,Technology,Mid-Market
C04881,Bright 4881,2025-05-19,India,Healthcare,Mid-Market
C04882,Core 4882,2025-12-31,Canada,Media,Mid-Market
C04883,Pulse 4883,2025-07-01,India,Consulting,SMB
C04884,Core 4884,2025-02-28,India,Retail,Startup
C04885,Core 4885,2025-01-03,Canada,Retail,Mid-Market
C04886,Pulse 4886,2025-03-15,Germany,Technology,Mid-Market
C04887,Pulse 4887,2025-09-10,UK,Education,Startup
C04888,Vertex 4888,2025-07-16,Australia,Consulting,Mid-Market
C04889,Pulse 4889,2025-05-04,Australia,Technology,Enterprise
C04890,Nova 4890,2025-06-25,USA,Technology,Mid-Market
C04891,Pulse 4891,2025-11-02,Netherlands,Technology,Startup
C04892,Nexa 4892,2025-07-28,USA,Consulting,SMB
C04893,Pulse 4893,2025-01-22,India,Education,SMB
C04894,Nexa 4894,2025-01-18,Australia,Retail,SMB
C04895,Bright 4895,2025-06-25,USA,Finance,Startup
C04896,Bright 4896,2025-05-28,Singapore,Education,Mid-Market
C04897,Orbit 4897,2025-11-07,India,Technology,SMB
C04898,Apex 4898,2025-08-01,India,Media,SMB
C04899,Bright 4899,2025-10-04,India,Marketing,SMB
C04900,Apex 4900,2025-08-02,Germany,Consulting,SMB
C04901,Orbit 4901,2025-05-07,Australia,Finance,SMB
C04902,Cloud 4902,2025-08-28,USA,Technology,SMB
C04903,Nexa 4903,2025-08-15,India,Technology,Startup
C04904,Bright 4904,2025-09-20,USA,Consulting,SMB
C04905,Cloud 4905,2025-03-11,USA,Technology,Startup
C04906,Apex 4906,2025-08-23,Germany,Consulting,Mid-Market
C04907,Vertex 4907,2025-04-15,Germany,Finance,SMB
C04908,Nexa 4908,2025-10-16,India,Marketing,Mid-Market
C04909,Pulse 4909,2025-10-19,USA,Finance,SMB
C04910,Blue 4910,2025-08-17,Germany,Technology,Startup
C04911,Cloud 4911,2025-12-12,USA,Marketing,Startup
C04912,Orbit 4912,2025-07-16,USA,Finance,Startup
C04913,Orbit 4913,2025-01-10,Germany,Healthcare,SMB
C04914,Pulse 4914,2025-08-10,USA,Marketing,Mid-Market
C04915,Nexa 4915,2025-10-11,India,Finance,Startup
C04916,Core 4916,2025-02-06,India,Marketing,SMB
C04917,Core 4917,2025-02-08,Canada,Education,Startup
C04918,Vertex 4918,2025-04-10,USA,Technology,SMB
C04919,Bright 4919,2025-11-05,Australia,Finance,SMB
C04920,Nexa 4920,2025-07-12,USA,Technology,Startup
C04921,Orbit 4921,2025-12-23,USA,Technology,Startup
C04922,Apex 4922,2025-11-15,Canada,Technology,Mid-Market
C04923,Vertex 4923,2025-07-22,USA,Marketing,SMB
C04924,Orbit 4924,2025-09-05,India,Technology,SMB
C04925,Pulse 4925,2025-05-01,India,Retail,Mid-Market
C04926,Nova 4926,2025-02-02,Germany,Consulting,Startup
C04927,Orbit 4927,2025-05-26,USA,Technology,Mid-Market
C04928,Blue 4928,2025-08-05,Australia,Marketing,Mid-Market
C04929,Orbit 4929,2025-03-08,USA,Technology,SMB
C04930,Blue 4930,2025-03-22,USA,Technology,SMB
C04931,Bright 4931,2025-01-06,USA,Media,SMB
C04932,Nova 4932,2025-09-25,India,Healthcare,Mid-Market
C04933,Nexa 4933,2025-11-25,Australia,Technology,Startup
C04934,Cloud 4934,2025-10-30,India,Retail,Mid-Market
C04935,Nova 4935,2025-05-19,Singapore,Retail,SMB
C04936,Vertex 4936,2025-08-05,India,Marketing,Mid-Market
C04937,Blue 4937,2025-12-17,UK,Education,Enterprise
C04938,Pulse 4938,2025-08-04,India,Consulting,Startup
C04939,Cloud 4939,2025-04-18,Canada,Consulting,SMB
C04940,Orbit 4940,2025-05-04,India,Marketing,SMB
C04941,Bright 4941,2025-09-23,UK,Retail,SMB
C04942,Vertex 4942,2025-06-12,Singapore,Marketing,Startup
C04943,Blue 4943,2025-11-02,Germany,Finance,SMB
C04944,Core 4944,2025-11-12,India,Technology,Mid-Market
C04945,Bright 4945,2025-01-14,Australia,Finance,Enterprise
C04946,Bright 4946,2025-09-22,USA,Technology,Mid-Market
C04947,Core 4947,2025-05-16,India,Technology,SMB
C04948,Apex 4948,2025-07-09,UK,Healthcare,Startup
C04949,Bright 4949,2025-04-07,Australia,Media,Startup
C04950,Bright 4950,2025-05-15,USA,Technology,SMB
C04951,Apex 4951,2025-05-01,Canada,Finance,SMB
C04952,Orbit 4952,2025-01-19,Canada,Retail,Mid-Market
C04953,Nova 4953,2025-10-13,USA,Healthcare,SMB
C04954,Apex 4954,2025-02-22,USA,Consulting,Startup
C04955,Apex 4955,2025-05-18,Canada,Marketing,Startup
C04956,Cloud 4956,2025-03-12,USA,Marketing,SMB
C04957,Bright 4957,2025-02-28,India,Technology,SMB
C04958,Apex 4958,2025-05-17,USA,Finance,Startup
C04959,Bright 4959,2025-12-02,Singapore,Education,Startup
C04960,Blue 4960,2025-12-11,USA,Technology,SMB
C04961,Orbit 4961,2025-05-20,India,Technology,SMB
C04962,Orbit 4962,2025-07-04,India,Healthcare,Enterprise
C04963,Cloud 4963,2025-12-26,India,Education,Mid-Market
C04964,Blue 4964,2025-03-27,Netherlands,Marketing,Startup
C04965,Nova 4965,2025-12-11,UK,Consulting,Mid-Market
C04966,Orbit 4966,2025-02-08,Canada,Consulting,SMB
C04967,Vertex 4967,2025-03-24,Canada,Technology,Enterprise
C04968,Pulse 4968,2025-05-04,USA,Retail,SMB
C04969,Bright 4969,2025-01-14,Australia,Consulting,Startup
C04970,Cloud 4970,2025-10-25,Netherlands,Finance,Startup
C04971,Nova 4971,2025-11-09,Canada,Marketing,Enterprise
C04972,Pulse 4972,2025-05-20,Canada,Finance,Enterprise
C04973,Bright 4973,2025-11-02,USA,Retail,SMB
C04974,Cloud 4974,2025-10-09,Australia,Healthcare,SMB
C04975,Core 4975,2025-10-20,India,Healthcare,SMB
C04976,Nova 4976,2025-10-20,Canada,Retail,Mid-Market
C04977,Apex 4977,2025-07-29,USA,Marketing,SMB
C04978,Vertex 4978,2025-02-10,UK,Technology,Startup
C04979,Vertex 4979,2025-12-04,Singapore,Education,SMB
C04980,Nova 4980,2025-08-11,Germany,Consulting,SMB
C04981,Vertex 4981,2025-11-25,India,Finance,SMB
C04982,Blue 4982,2025-12-17,Canada,Marketing,Mid-Market
C04983,Apex 4983,2025-03-10,Singapore,Education,Enterprise
C04984,Blue 4984,2025-05-27,Germany,Marketing,Startup
C04985,Cloud 4985,2025-03-12,Australia,Media,Mid-Market
C04986,Pulse 4986,2025-01-19,Australia,Marketing,Mid-Market
C04987,Nova 4987,2025-12-19,Australia,Education,SMB
C04988,Vertex 4988,2025-12-04,USA,Consulting,Startup
C04989,Nova 4989,2025-12-07,USA,Technology,SMB
C04990,Core 4990,2025-11-19,Australia,Technology,Enterprise
C04991,Nexa 4991,2025-08-25,Singapore,Media,SMB
C04992,Pulse 4992,2025-07-10,India,Consulting,SMB
C04993,Blue 4993,2025-12-28,India,Healthcare,Startup
C04994,Bright 4994,2025-07-21,USA,Technology,SMB
C04995,Pulse 4995,2025-08-23,Canada,Technology,SMB
C04996,Orbit 4996,2025-03-19,Singapore,Technology,SMB
C04997,Orbit 4997,2025-09-30,UK,Healthcare,Mid-Market
C04998,Nexa 4998,2025-10-27,India,Marketing,SMB
C04999,Apex 4999,2025-09-05,USA,Technology,Startup
C05000,Nova 5000,2025-07-01,Australia,Education,Startup
C05001,Nova 5001,2025-03-14,USA,Media,Startup
C05002,Orbit 5002,2025-01-13,India,Media,Startup
C05003,Orbit 5003,2025-08-17,USA,Retail,SMB
C05004,Pulse 5004,2025-09-07,Australia,Healthcare,Mid-Market
C05005,Orbit 5005,2025-10-10,UK,Marketing,SMB
C05006,Vertex 5006,2025-12-13,India,Marketing,Mid-Market
C05007,Bright 5007,2025-07-01,USA,Technology,Enterprise
C05008,Apex 5008,2025-10-30,Netherlands,Retail,Startup
C05009,Blue 5009,2025-09-19,USA,Education,Mid-Market
C05010,Orbit 5010,2025-04-12,USA,Education,Startup
C05011,Nexa 5011,2025-11-05,India,Technology,Startup
C05012,Pulse 5012,2025-01-20,USA,Technology,Startup
C05013,Bright 5013,2025-08-07,Australia,Retail,Startup
C05014,Blue 5014,2025-12-10,Canada,Technology,Mid-Market
C05015,Nexa 5015,2025-08-29,USA,Technology,Mid-Market
C05016,Core 5016,2025-12-09,Singapore,Education,SMB
C05017,Pulse 5017,2025-01-21,USA,Education,SMB
C05018,Nexa 5018,2025-07-14,Australia,Technology,Mid-Market
C05019,Nova 5019,2025-10-12,India,Technology,Mid-Market
C05020,Orbit 5020,2025-08-23,USA,Consulting,Mid-Market
C05021,Vertex 5021,2025-11-18,Australia,Retail,Mid-Market
C05022,Nexa 5022,2025-06-18,Singapore,Healthcare,SMB
C05023,Pulse 5023,2025-09-07,Canada,Consulting,SMB
C05024,Orbit 5024,2025-06-03,Germany,Finance,SMB
C05025,Bright 5025,2025-11-15,Australia,Education,Startup
C05026,Nova 5026,2025-02-13,Canada,Marketing,Mid-Market
C05027,Nexa 5027,2025-04-03,USA,Retail,Enterprise
C05028,Nexa 5028,2025-02-05,USA,Consulting,Enterprise
C05029,Apex 5029,2025-09-14,Germany,Finance,Startup
C05030,Pulse 5030,2025-03-26,UK,Technology,Startup
C05031,Pulse 5031,2025-04-26,Singapore,Consulting,Startup
C05032,Orbit 5032,2025-11-02,USA,Technology,Mid-Market
C05033,Nova 5033,2025-05-12,India,Education,SMB
C05034,Core 5034,2025-02-23,India,Healthcare,Mid-Market
C05035,Apex 5035,2025-01-08,Australia,Technology,Enterprise
C05036,Nexa 5036,2025-03-24,India,Education,Startup
C05037,Blue 5037,2025-11-30,Australia,Marketing,SMB
C05038,Bright 5038,2025-07-20,India,Retail,Mid-Market
C05039,Nexa 5039,2025-12-30,USA,Technology,Startup
C05040,Nova 5040,2025-03-20,Australia,Technology,SMB
C05041,Core 5041,2025-05-09,USA,Technology,SMB
C05042,Nova 5042,2025-03-01,Australia,Finance,SMB
C05043,Orbit 5043,2025-05-26,India,Education,Enterprise
C05044,Bright 5044,2025-07-25,UK,Finance,Startup
C05045,Nova 5045,2025-10-22,UK,Technology,SMB
C05046,Apex 5046,2025-05-15,Singapore,Media,Enterprise
C05047,Blue 5047,2025-10-09,India,Technology,SMB
C05048,Vertex 5048,2025-08-17,USA,Finance,Mid-Market
C05049,Cloud 5049,2025-04-17,Germany,Retail,Enterprise
C05050,Vertex 5050,2025-11-29,Netherlands,Education,Startup
C05051,Vertex 5051,2025-06-08,Australia,Finance,Startup
C05052,Cloud 5052,2025-02-25,Australia,Media,Startup
C05053,Orbit 5053,2025-12-18,UK,Marketing,Startup
C05054,Pulse 5054,2025-11-30,UK,Technology,SMB
C05055,Nexa 5055,2025-01-19,Australia,Technology,Startup
C05056,Pulse 5056,2025-11-26,Australia,Media,SMB
C05057,Pulse 5057,2025-12-12,Australia,Finance,Mid-Market
C05058,Bright 5058,2025-10-30,Australia,Consulting,Startup
C05059,Blue 5059,2025-04-04,Singapore,Technology,SMB
C05060,Vertex 5060,2025-08-19,India,Technology,Startup
C05061,Nexa 5061,2025-07-16,USA,Retail,Mid-Market
C05062,Vertex 5062,2025-08-15,Netherlands,Media,SMB
C05063,Pulse 5063,2025-08-14,UK,Technology,Startup
C05064,Nova 5064,2025-08-22,India,Technology,Enterprise
C05065,Cloud 5065,2025-07-07,UK,Consulting,Mid-Market
C05066,Bright 5066,2025-09-10,Germany,Marketing,SMB
C05067,Nexa 5067,2025-07-12,Australia,Healthcare,Mid-Market
C05068,Nova 5068,2025-01-07,Australia,Technology,SMB
C05069,Cloud 5069,2025-01-13,India,Media,Startup
C05070,Bright 5070,2025-12-16,USA,Technology,SMB
C05071,Pulse 5071,2025-11-28,India,Finance,Mid-Market
C05072,Blue 5072,2025-08-02,Singapore,Finance,Enterprise
C05073,Nexa 5073,2025-03-05,India,Technology,SMB
C05074,Orbit 5074,2025-10-13,Germany,Marketing,SMB
C05075,Bright 5075,2025-02-22,UK,Finance,Mid-Market
C05076,Core 5076,2025-05-18,Germany,Marketing,Mid-Market
C05077,Vertex 5077,2025-05-01,UK,Finance,Startup
C05078,Vertex 5078,2025-01-05,Canada,Technology,SMB
C05079,Cloud 5079,2025-10-22,Germany,Retail,Startup
C05080,Cloud 5080,2025-07-06,India,Marketing,SMB
C05081,Apex 5081,2025-04-26,USA,Finance,Mid-Market
C05082,Blue 5082,2025-07-05,UK,Technology,SMB
C05083,Nexa 5083,2025-01-01,USA,Marketing,SMB
C05084,Bright 5084,2025-06-09,Canada,Consulting,SMB
C05085,Cloud 5085,2025-07-09,USA,Education,Startup
C05086,Nexa 5086,2025-05-04,Australia,Consulting,Mid-Market
C05087,Cloud 5087,2025-10-31,India,Technology,SMB
C05088,Blue 5088,2025-04-02,Canada,Media,Mid-Market
C05089,Apex 5089,2025-02-20,India,Technology,Mid-Market
C05090,Orbit 5090,2025-07-12,UK,Finance,Mid-Market
C05091,Blue 5091,2025-11-20,USA,Marketing,Startup
C05092,Bright 5092,2025-05-17,Germany,Technology,SMB
C05093,Apex 5093,2025-01-18,India,Healthcare,SMB
C05094,Orbit 5094,2025-12-21,Australia,Technology,Mid-Market
C05095,Cloud 5095,2025-06-12,UK,Consulting,SMB
C05096,Nova 5096,2025-03-05,Netherlands,Consulting,Startup
C05097,Cloud 5097,2025-08-13,Canada,Marketing,SMB
C05098,Vertex 5098,2025-04-27,Germany,Healthcare,Mid-Market
C05099,Nexa 5099,2025-12-09,Australia,Finance,Startup
C05100,Nova 5100,2025-04-18,India,Consulting,SMB
C05101,Bright 5101,2025-07-20,Germany,Marketing,Mid-Market
C05102,Core 5102,2025-07-18,USA,Marketing,Startup
C05103,Orbit 5103,2025-03-30,Canada,Technology,SMB
C05104,Nexa 5104,2025-07-02,India,Technology,Mid-Market
C05105,Nexa 5105,2025-02-09,USA,Finance,Startup
C05106,Cloud 5106,2025-08-23,Germany,Education,Startup
C05107,Nexa 5107,2025-10-04,USA,Retail,SMB
C05108,Cloud 5108,2025-12-13,India,Media,SMB
C05109,Nexa 5109,2025-04-29,USA,Healthcare,Mid-Market
C05110,Nexa 5110,2025-04-15,Australia,Healthcare,SMB
C05111,Core 5111,2025-07-20,India,Consulting,SMB
C05112,Blue 5112,2025-09-10,USA,Finance,SMB
C05113,Nova 5113,2025-12-29,Netherlands,Marketing,Startup
C05114,Cloud 5114,2025-01-10,Singapore,Education,SMB
C05115,Orbit 5115,2025-03-28,India,Technology,Startup
C05116,Bright 5116,2025-04-06,UK,Finance,Enterprise
C05117,Nexa 5117,2025-04-04,India,Finance,Startup
C05118,Core 5118,2025-06-19,Singapore,Marketing,Startup
C05119,Cloud 5119,2025-11-15,USA,Finance,Mid-Market
C05120,Core 5120,2025-01-12,USA,Technology,Startup
C05121,Core 5121,2025-10-25,USA,Technology,SMB
C05122,Blue 5122,2025-08-14,UK,Consulting,Enterprise
C05123,Nova 5123,2025-08-13,India,Retail,Mid-Market
C05124,Cloud 5124,2025-09-05,Australia,Retail,Startup
C05125,Vertex 5125,2025-02-12,UK,Consulting,Startup
C05126,Vertex 5126,2025-09-30,UK,Technology,SMB
C05127,Nova 5127,2025-04-01,Australia,Technology,SMB
C05128,Apex 5128,2025-07-08,India,Marketing,Startup
C05129,Nova 5129,2025-09-05,India,Marketing,Startup
C05130,Cloud 5130,2025-08-09,USA,Consulting,Mid-Market
C05131,Blue 5131,2025-04-28,Canada,Technology,SMB
C05132,Core 5132,2025-05-25,India,Media,Mid-Market
C05133,Blue 5133,2025-06-23,Australia,Finance,Startup
C05134,Nova 5134,2025-01-16,UK,Marketing,SMB
C05135,Nexa 5135,2025-09-23,UK,Retail,SMB
C05136,Nexa 5136,2025-02-06,UK,Marketing,SMB
C05137,Vertex 5137,2025-06-17,India,Consulting,SMB
C05138,Blue 5138,2025-08-28,USA,Consulting,Startup
C05139,Apex 5139,2025-01-30,Canada,Consulting,Mid-Market
C05140,Blue 5140,2025-12-30,USA,Consulting,Mid-Market
C05141,Vertex 5141,2025-05-18,UK,Healthcare,Startup
C05142,Nexa 5142,2025-01-06,Netherlands,Finance,SMB
C05143,Vertex 5143,2025-08-29,India,Consulting,Enterprise
C05144,Blue 5144,2025-07-23,USA,Marketing,SMB
C05145,Nexa 5145,2025-08-22,USA,Marketing,SMB
C05146,Nova 5146,2025-10-02,India,Healthcare,Mid-Market
C05147,Cloud 5147,2025-06-23,Netherlands,Technology,Startup
C05148,Bright 5148,2025-10-29,Netherlands,Healthcare,Mid-Market
C05149,Nova 5149,2025-05-16,USA,Media,Startup
C05150,Nova 5150,2025-07-18,Netherlands,Finance,Mid-Market
C05151,Blue 5151,2025-02-27,India,Finance,SMB
C05152,Blue 5152,2025-08-15,Netherlands,Technology,Startup
C05153,Orbit 5153,2025-04-06,Australia,Marketing,Mid-Market
C05154,Blue 5154,2025-09-12,India,Finance,SMB
C05155,Nexa 5155,2025-10-20,UK,Education,SMB
C05156,Nova 5156,2025-11-10,Australia,Technology,Mid-Market
C05157,Pulse 5157,2025-12-06,USA,Finance,SMB
C05158,Nova 5158,2025-02-14,USA,Technology,Startup
C05159,Core 5159,2025-02-20,Germany,Technology,SMB
C05160,Bright 5160,2025-12-05,India,Consulting,Enterprise
C05161,Vertex 5161,2025-05-20,India,Retail,Startup
C05162,Cloud 5162,2025-01-10,USA,Consulting,Mid-Market
C05163,Nexa 5163,2025-04-15,Canada,Retail,SMB
C05164,Core 5164,2025-11-02,USA,Technology,Startup
C05165,Orbit 5165,2025-05-10,UK,Retail,Mid-Market
C05166,Vertex 5166,2025-01-29,India,Healthcare,SMB
C05167,Blue 5167,2025-09-21,India,Consulting,Mid-Market
C05168,Pulse 5168,2025-03-13,Germany,Marketing,SMB
C05169,Apex 5169,2025-05-09,India,Finance,Startup
C05170,Orbit 5170,2025-01-02,Germany,Finance,Startup
C05171,Blue 5171,2025-08-08,USA,Technology,SMB
C05172,Bright 5172,2025-06-12,Germany,Healthcare,SMB
C05173,Nova 5173,2025-11-13,USA,Marketing,Enterprise
C05174,Vertex 5174,2025-05-03,Australia,Media,Mid-Market
C05175,Nexa 5175,2025-03-16,India,Technology,Mid-Market
C05176,Blue 5176,2025-03-02,Singapore,Marketing,SMB
C05177,Pulse 5177,2025-03-15,USA,Marketing,Startup
C05178,Nexa 5178,2025-06-14,India,Technology,Mid-Market
C05179,Bright 5179,2025-02-01,UK,Finance,Startup
C05180,Apex 5180,2025-05-27,India,Healthcare,Startup
C05181,Nova 5181,2025-11-08,USA,Marketing,Startup
C05182,Bright 5182,2025-10-08,Australia,Technology,Enterprise
C05183,Nexa 5183,2025-08-21,Australia,Technology,Mid-Market
C05184,Blue 5184,2025-11-22,Germany,Finance,Startup
C05185,Blue 5185,2025-10-12,Netherlands,Retail,Enterprise
C05186,Core 5186,2025-08-27,USA,Consulting,Mid-Market
C05187,Nova 5187,2025-11-12,India,Technology,SMB
C05188,Core 5188,2025-02-15,Australia,Education,Startup
C05189,Cloud 5189,2025-10-26,India,Retail,SMB
C05190,Nexa 5190,2025-04-18,India,Technology,SMB
C05191,Blue 5191,2025-09-25,India,Technology,SMB
C05192,Core 5192,2025-11-30,USA,Technology,SMB
C05193,Nexa 5193,2025-07-01,USA,Technology,Startup
C05194,Cloud 5194,2025-02-02,USA,Consulting,SMB
C05195,Orbit 5195,2025-05-16,UK,Consulting,SMB
C05196,Pulse 5196,2025-05-29,Canada,Marketing,Mid-Market
C05197,Orbit 5197,2025-12-08,Singapore,Finance,Startup
C05198,Apex 5198,2025-12-11,India,Consulting,Mid-Market
C05199,Apex 5199,2025-07-27,India,Technology,Enterprise
C05200,Orbit 5200,2025-12-13,UK,Technology,Mid-Market
C05201,Nova 5201,2025-06-09,India,Technology,SMB
C05202,Blue 5202,2025-05-31,USA,Retail,Mid-Market
C05203,Vertex 5203,2025-11-02,Germany,Consulting,Mid-Market
C05204,Blue 5204,2025-09-01,Canada,Education,Mid-Market
C05205,Nova 5205,2025-07-10,India,Consulting,Startup
C05206,Orbit 5206,2025-06-16,Germany,Technology,Startup
C05207,Apex 5207,2025-09-15,Germany,Healthcare,Startup
C05208,Orbit 5208,2025-10-03,Australia,Consulting,Startup
C05209,Apex 5209,2025-06-29,USA,Retail,Mid-Market
C05210,Core 5210,2025-01-12,Canada,Marketing,Startup
C05211,Nova 5211,2025-02-07,Canada,Technology,Mid-Market
C05212,Blue 5212,2025-02-22,India,Media,Mid-Market
C05213,Nexa 5213,2025-06-18,Germany,Healthcare,SMB
C05214,Pulse 5214,2025-08-13,Germany,Finance,Startup
C05215,Vertex 5215,2025-10-21,USA,Technology,SMB
C05216,Nova 5216,2025-03-26,USA,Technology,Startup
C05217,Bright 5217,2025-10-15,USA,Marketing,Enterprise
C05218,Bright 5218,2025-09-01,Canada,Marketing,SMB
C05219,Pulse 5219,2025-01-19,India,Technology,Startup
C05220,Core 5220,2025-05-09,UK,Technology,Startup
C05221,Apex 5221,2025-04-21,India,Marketing,SMB
C05222,Pulse 5222,2025-11-20,Germany,Healthcare,SMB
C05223,Nova 5223,2025-12-03,Germany,Finance,Enterprise
C05224,Pulse 5224,2025-10-27,UK,Technology,Startup
C05225,Nova 5225,2025-07-12,UK,Retail,Startup
C05226,Nexa 5226,2025-06-29,USA,Media,Mid-Market
C05227,Bright 5227,2025-04-24,USA,Finance,SMB
C05228,Apex 5228,2025-10-10,Canada,Education,SMB
C05229,Cloud 5229,2025-02-01,India,Retail,Enterprise
C05230,Apex 5230,2025-04-09,Canada,Technology,SMB
C05231,Core 5231,2025-02-19,Germany,Retail,SMB
C05232,Core 5232,2025-06-30,Singapore,Marketing,Enterprise
C05233,Bright 5233,2025-04-20,USA,Marketing,Startup
C05234,Cloud 5234,2025-03-14,UK,Marketing,Startup
C05235,Orbit 5235,2025-05-18,India,Finance,Startup
C05236,Nexa 5236,2025-11-11,Singapore,Consulting,Startup
C05237,Vertex 5237,2025-07-23,Germany,Consulting,SMB
C05238,Pulse 5238,2025-10-28,Germany,Technology,Mid-Market
C05239,Blue 5239,2025-11-30,Canada,Marketing,Enterprise
C05240,Core 5240,2025-11-26,USA,Media,Mid-Market
C05241,Orbit 5241,2025-05-09,Germany,Retail,Enterprise
C05242,Bright 5242,2025-11-17,Australia,Education,SMB
C05243,Bright 5243,2025-11-28,India,Technology,SMB
C05244,Pulse 5244,2025-12-17,Netherlands,Finance,Startup
C05245,Apex 5245,2025-05-09,Singapore,Technology,SMB
C05246,Vertex 5246,2025-03-25,Netherlands,Consulting,SMB
C05247,Nexa 5247,2025-08-02,Australia,Consulting,Startup
C05248,Vertex 5248,2025-12-07,USA,Retail,Enterprise
C05249,Blue 5249,2025-11-25,UK,Technology,Startup
C05250,Apex 5250,2025-07-28,India,Media,Mid-Market
C05251,Bright 5251,2025-02-24,Canada,Media,Startup
C05252,Nova 5252,2025-06-04,India,Education,SMB
C05253,Vertex 5253,2025-09-18,Australia,Retail,Mid-Market
C05254,Blue 5254,2025-07-24,USA,Healthcare,Startup
C05255,Orbit 5255,2025-05-07,India,Finance,Startup
C05256,Blue 5256,2025-05-06,India,Technology,SMB
C05257,Blue 5257,2025-01-22,Canada,Technology,SMB
C05258,Nova 5258,2025-04-16,India,Technology,SMB
C05259,Bright 5259,2025-09-02,India,Education,SMB
C05260,Core 5260,2025-03-30,India,Finance,Startup
C05261,Apex 5261,2025-12-29,USA,Technology,Startup
C05262,Orbit 5262,2025-01-31,Netherlands,Technology,Mid-Market
C05263,Orbit 5263,2025-08-03,UK,Education,Startup
C05264,Pulse 5264,2025-07-01,USA,Media,SMB
C05265,Blue 5265,2025-11-01,India,Healthcare,Mid-Market
C05266,Core 5266,2025-11-21,India,Consulting,Mid-Market
C05267,Nexa 5267,2025-07-18,USA,Media,Startup
C05268,Orbit 5268,2025-08-19,India,Education,SMB
C05269,Bright 5269,2025-09-13,India,Consulting,SMB
C05270,Vertex 5270,2025-07-10,India,Marketing,Startup
C05271,Pulse 5271,2025-03-09,USA,Media,Startup
C05272,Nova 5272,2025-06-06,Canada,Finance,Mid-Market
C05273,Nexa 5273,2025-03-30,India,Consulting,SMB
C05274,Apex 5274,2025-06-19,Germany,Healthcare,Startup
C05275,Pulse 5275,2025-08-13,Germany,Technology,SMB
C05276,Blue 5276,2025-03-18,Singapore,Consulting,SMB
C05277,Orbit 5277,2025-04-02,India,Consulting,Startup
C05278,Orbit 5278,2025-10-28,Australia,Retail,Startup
C05279,Apex 5279,2025-05-18,Australia,Retail,SMB
C05280,Bright 5280,2025-03-14,Netherlands,Consulting,SMB
C05281,Nova 5281,2025-09-18,Australia,Marketing,SMB
C05282,Nova 5282,2025-09-19,India,Media,Startup
C05283,Pulse 5283,2025-10-29,Netherlands,Technology,SMB
C05284,Blue 5284,2025-10-05,Australia,Technology,Mid-Market
C05285,Nova 5285,2025-12-29,India,Healthcare,SMB
C05286,Bright 5286,2025-07-29,India,Marketing,Startup
C05287,Nexa 5287,2025-04-15,Singapore,Education,Startup
C05288,Pulse 5288,2025-11-11,India,Consulting,Enterprise
C05289,Pulse 5289,2025-04-07,Canada,Technology,Startup
C05290,Nexa 5290,2025-04-17,USA,Consulting,SMB
C05291,Nova 5291,2025-10-30,Canada,Marketing,Mid-Market
C05292,Cloud 5292,2025-11-18,India,Media,Mid-Market
C05293,Apex 5293,2025-05-04,Canada,Finance,Enterprise
C05294,Nova 5294,2025-09-24,UK,Marketing,SMB
C05295,Bright 5295,2025-12-03,Singapore,Consulting,Enterprise
C05296,Bright 5296,2025-10-19,India,Marketing,Startup
C05297,Blue 5297,2025-01-02,India,Technology,Mid-Market
C05298,Bright 5298,2025-08-31,India,Technology,Startup
C05299,Blue 5299,2025-03-04,India,Technology,Enterprise
C05300,Pulse 5300,2025-11-05,Netherlands,Marketing,Mid-Market
C05301,Nexa 5301,2025-01-25,India,Education,Mid-Market
C05302,Core 5302,2025-12-29,India,Marketing,SMB
C05303,Core 5303,2025-03-06,Australia,Consulting,Startup
C05304,Cloud 5304,2025-06-03,USA,Technology,SMB
C05305,Apex 5305,2025-03-27,India,Technology,Startup
C05306,Orbit 5306,2025-10-25,Germany,Consulting,Mid-Market
C05307,Blue 5307,2025-05-24,USA,Consulting,Startup
C05308,Nova 5308,2025-09-29,Australia,Education,Startup
C05309,Apex 5309,2025-01-25,Germany,Consulting,Startup
C05310,Cloud 5310,2025-06-15,USA,Media,Mid-Market
C05311,Cloud 5311,2025-11-29,UK,Media,SMB
C05312,Pulse 5312,2025-12-05,Australia,Education,SMB
C05313,Cloud 5313,2025-03-18,USA,Finance,Startup
C05314,Pulse 5314,2025-05-24,Canada,Technology,SMB
C05315,Blue 5315,2025-05-30,USA,Education,SMB
C05316,Pulse 5316,2025-07-26,UK,Healthcare,Startup
C05317,Vertex 5317,2025-07-16,Canada,Technology,Mid-Market
C05318,Vertex 5318,2025-02-08,India,Technology,SMB
C05319,Apex 5319,2025-10-06,USA,Media,Enterprise
C05320,Orbit 5320,2025-03-24,India,Technology,Startup
C05321,Pulse 5321,2025-04-25,Canada,Consulting,SMB
C05322,Apex 5322,2025-11-03,Germany,Retail,Enterprise
C05323,Vertex 5323,2025-09-09,USA,Education,Mid-Market
C05324,Blue 5324,2025-05-25,India,Technology,SMB
C05325,Blue 5325,2025-11-30,Singapore,Retail,Startup
C05326,Nexa 5326,2025-05-24,USA,Education,SMB
C05327,Nexa 5327,2025-07-26,USA,Finance,SMB
C05328,Blue 5328,2025-03-31,India,Education,Startup
C05329,Apex 5329,2025-03-08,UK,Technology,Startup
C05330,Vertex 5330,2025-06-29,USA,Education,SMB
C05331,Nexa 5331,2025-07-25,Australia,Retail,Startup
C05332,Apex 5332,2025-10-22,Germany,Marketing,Mid-Market
C05333,Pulse 5333,2025-05-23,India,Media,Startup
C05334,Pulse 5334,2025-11-23,UK,Healthcare,Enterprise
C05335,Apex 5335,2025-08-10,India,Retail,SMB
C05336,Bright 5336,2025-01-26,India,Consulting,Enterprise
C05337,Apex 5337,2025-09-27,Germany,Technology,Mid-Market
C05338,Nexa 5338,2025-07-29,India,Retail,Startup
C05339,Nexa 5339,2025-05-23,Singapore,Retail,Startup
C05340,Orbit 5340,2025-06-20,UK,Finance,Startup
C05341,Orbit 5341,2025-04-21,India,Consulting,Mid-Market
C05342,Blue 5342,2025-08-13,Netherlands,Technology,Startup
C05343,Cloud 5343,2025-07-26,UK,Technology,Mid-Market
C05344,Vertex 5344,2025-06-13,India,Technology,Mid-Market
C05345,Pulse 5345,2025-04-15,UK,Marketing,SMB
C05346,Blue 5346,2025-05-26,Netherlands,Technology,Mid-Market
C05347,Nexa 5347,2025-07-01,USA,Technology,Mid-Market
C05348,Apex 5348,2025-06-22,USA,Media,Mid-Market
C05349,Bright 5349,2025-04-23,USA,Marketing,Startup
C05350,Apex 5350,2025-08-01,USA,Consulting,Startup
C05351,Nova 5351,2025-03-24,India,Technology,SMB
C05352,Orbit 5352,2025-07-02,UK,Technology,Startup
C05353,Cloud 5353,2025-02-14,Singapore,Consulting,SMB
C05354,Cloud 5354,2025-06-22,Canada,Finance,Enterprise
C05355,Orbit 5355,2025-10-14,India,Healthcare,SMB
C05356,Blue 5356,2025-10-26,USA,Media,Startup
C05357,Cloud 5357,2025-09-11,India,Finance,Startup
C05358,Blue 5358,2025-09-30,USA,Healthcare,Enterprise
C05359,Orbit 5359,2025-01-25,Germany,Education,Startup
C05360,Blue 5360,2025-05-05,USA,Technology,Startup
C05361,Bright 5361,2025-08-27,Australia,Consulting,SMB
C05362,Blue 5362,2025-10-20,USA,Healthcare,SMB
C05363,Nexa 5363,2025-08-01,Germany,Technology,SMB
C05364,Nexa 5364,2025-11-08,Singapore,Healthcare,SMB
C05365,Orbit 5365,2025-04-10,Germany,Healthcare,SMB
C05366,Apex 5366,2025-02-26,Singapore,Education,Startup
C05367,Orbit 5367,2025-02-01,Australia,Media,SMB
C05368,Core 5368,2025-08-01,UK,Consulting,Mid-Market
C05369,Pulse 5369,2025-08-31,USA,Healthcare,SMB
C05370,Nova 5370,2025-04-15,USA,Media,Enterprise
C05371,Nexa 5371,2025-10-14,Singapore,Consulting,Startup
C05372,Core 5372,2025-09-27,India,Technology,SMB
C05373,Pulse 5373,2025-05-12,Netherlands,Technology,Mid-Market
C05374,Apex 5374,2025-03-29,USA,Technology,SMB
C05375,Bright 5375,2025-09-28,Canada,Technology,Startup
C05376,Nexa 5376,2025-09-03,USA,Marketing,SMB
C05377,Nexa 5377,2025-03-04,Netherlands,Finance,Enterprise
C05378,Bright 5378,2025-04-04,India,Media,SMB
C05379,Apex 5379,2025-06-27,USA,Healthcare,Startup
C05380,Bright 5380,2025-07-06,Australia,Technology,Startup
C05381,Nova 5381,2025-03-02,USA,Media,SMB
C05382,Nova 5382,2025-12-13,USA,Marketing,Startup
C05383,Nova 5383,2025-05-22,Singapore,Technology,Mid-Market
C05384,Apex 5384,2025-05-20,Australia,Technology,Enterprise
C05385,Orbit 5385,2025-01-23,India,Education,Enterprise
C05386,Apex 5386,2025-11-16,UK,Marketing,SMB
C05387,Blue 5387,2025-03-27,India,Education,SMB
C05388,Cloud 5388,2025-12-27,India,Retail,SMB
C05389,Bright 5389,2025-07-01,Germany,Education,Startup
C05390,Cloud 5390,2025-11-16,India,Retail,SMB
C05391,Cloud 5391,2025-03-07,USA,Consulting,Startup
C05392,Orbit 5392,2025-03-02,USA,Education,Startup
C05393,Bright 5393,2025-10-20,Australia,Technology,Mid-Market
C05394,Bright 5394,2025-10-27,UK,Marketing,Mid-Market
C05395,Nexa 5395,2025-07-18,India,Healthcare,Enterprise
C05396,Core 5396,2025-01-12,Singapore,Marketing,SMB
C05397,Cloud 5397,2025-12-11,Australia,Healthcare,Mid-Market
C05398,Vertex 5398,2025-05-24,USA,Education,SMB
C05399,Cloud 5399,2025-12-08,Netherlands,Healthcare,Startup
C05400,Orbit 5400,2025-11-14,USA,Marketing,SMB
C05401,Blue 5401,2025-11-07,USA,Healthcare,SMB
C05402,Vertex 5402,2025-09-09,USA,Retail,SMB
C05403,Nova 5403,2025-09-03,India,Healthcare,Mid-Market
C05404,Orbit 5404,2025-07-14,Germany,Consulting,SMB
C05405,Blue 5405,2025-01-10,UK,Marketing,Enterprise
C05406,Orbit 5406,2025-05-22,Singapore,Healthcare,Startup
C05407,Blue 5407,2025-09-24,USA,Consulting,Mid-Market
C05408,Nexa 5408,2025-10-24,India,Retail,Enterprise
C05409,Nova 5409,2025-07-24,USA,Consulting,SMB
C05410,Apex 5410,2025-09-16,India,Media,Mid-Market
C05411,Pulse 5411,2025-01-08,Netherlands,Healthcare,Mid-Market
C05412,Orbit 5412,2025-06-20,Canada,Retail,Startup
C05413,Vertex 5413,2025-07-05,Australia,Retail,Mid-Market
C05414,Vertex 5414,2025-11-22,Canada,Consulting,SMB
C05415,Nexa 5415,2025-04-24,USA,Retail,Startup
C05416,Apex 5416,2025-03-25,India,Consulting,SMB
C05417,Orbit 5417,2025-05-09,USA,Marketing,Startup
C05418,Bright 5418,2025-03-04,Australia,Marketing,Startup
C05419,Bright 5419,2025-07-23,USA,Healthcare,Enterprise
C05420,Nexa 5420,2025-08-23,India,Education,Enterprise
C05421,Nova 5421,2025-10-20,Germany,Finance,Mid-Market
C05422,Apex 5422,2025-12-21,India,Consulting,SMB
C05423,Bright 5423,2025-01-27,UK,Marketing,SMB
C05424,Pulse 5424,2025-04-01,India,Finance,Startup
C05425,Pulse 5425,2025-04-20,UK,Technology,SMB
C05426,Apex 5426,2025-04-02,USA,Finance,Mid-Market
C05427,Cloud 5427,2025-10-29,Singapore,Education,SMB
C05428,Cloud 5428,2025-02-20,Canada,Finance,SMB
C05429,Cloud 5429,2025-01-11,India,Technology,Startup
C05430,Cloud 5430,2025-11-11,Canada,Finance,Enterprise
C05431,Pulse 5431,2025-12-17,Australia,Finance,Startup
C05432,Nova 5432,2025-03-24,Germany,Technology,SMB
C05433,Nova 5433,2025-05-02,Singapore,Finance,SMB
C05434,Orbit 5434,2025-07-03,Australia,Education,SMB
C05435,Cloud 5435,2025-07-11,India,Consulting,SMB
C05436,Core 5436,2025-12-28,USA,Media,SMB
C05437,Pulse 5437,2025-05-28,USA,Technology,SMB
C05438,Pulse 5438,2025-01-05,UK,Finance,Startup
C05439,Apex 5439,2025-06-04,Netherlands,Technology,Enterprise
C05440,Apex 5440,2025-07-23,Germany,Marketing,Mid-Market
C05441,Apex 5441,2025-07-08,USA,Technology,Mid-Market
C05442,Vertex 5442,2025-07-06,Netherlands,Technology,Startup
C05443,Orbit 5443,2025-12-03,Canada,Marketing,Enterprise
C05444,Core 5444,2025-10-22,USA,Finance,Mid-Market
C05445,Cloud 5445,2025-04-02,Singapore,Marketing,SMB
C05446,Nova 5446,2025-05-10,USA,Education,Startup
C05447,Orbit 5447,2025-09-01,UK,Retail,Startup
C05448,Bright 5448,2025-05-30,USA,Healthcare,Mid-Market
C05449,Pulse 5449,2025-06-06,Singapore,Finance,SMB
C05450,Core 5450,2025-03-03,USA,Marketing,Mid-Market
C05451,Blue 5451,2025-04-03,USA,Technology,Mid-Market
C05452,Bright 5452,2025-09-28,Germany,Technology,Mid-Market
C05453,Blue 5453,2025-11-04,Singapore,Healthcare,SMB
C05454,Vertex 5454,2025-10-14,India,Technology,Enterprise
C05455,Bright 5455,2025-04-23,India,Technology,Startup
C05456,Cloud 5456,2025-02-19,Netherlands,Education,Mid-Market
C05457,Blue 5457,2025-02-28,Canada,Consulting,SMB
C05458,Nexa 5458,2025-05-24,USA,Technology,Startup
C05459,Bright 5459,2025-07-08,USA,Marketing,SMB
C05460,Vertex 5460,2025-11-22,USA,Media,Mid-Market
C05461,Pulse 5461,2025-11-25,Germany,Finance,SMB
C05462,Nexa 5462,2025-01-01,UK,Consulting,Startup
C05463,Core 5463,2025-09-16,Canada,Technology,Startup
C05464,Apex 5464,2025-04-20,India,Media,Mid-Market
C05465,Vertex 5465,2025-03-14,Australia,Technology,Startup
C05466,Bright 5466,2025-07-22,India,Finance,Startup
C05467,Nexa 5467,2025-01-13,Singapore,Media,Mid-Market
C05468,Cloud 5468,2025-05-02,India,Education,SMB
C05469,Nova 5469,2025-07-21,India,Technology,Startup
C05470,Core 5470,2025-04-10,India,Consulting,SMB
C05471,Orbit 5471,2025-08-05,India,Retail,SMB
C05472,Bright 5472,2025-06-17,USA,Marketing,SMB
C05473,Orbit 5473,2025-10-19,Germany,Technology,Startup
C05474,Pulse 5474,2025-03-08,Singapore,Finance,SMB
C05475,Nova 5475,2025-01-21,UK,Media,SMB
C05476,Apex 5476,2025-07-13,UK,Technology,SMB
C05477,Cloud 5477,2025-04-04,USA,Finance,Startup
C05478,Nova 5478,2025-09-15,Australia,Technology,Startup
C05479,Nova 5479,2025-02-04,India,Technology,SMB
C05480,Apex 5480,2025-07-29,USA,Marketing,Startup
C05481,Orbit 5481,2025-12-28,India,Healthcare,Enterprise
C05482,Orbit 5482,2025-02-03,India,Technology,Enterprise
C05483,Pulse 5483,2025-04-21,UK,Technology,SMB
C05484,Apex 5484,2025-11-05,India,Technology,Mid-Market
C05485,Orbit 5485,2025-07-14,India,Technology,SMB
C05486,Core 5486,2025-03-05,Australia,Technology,Startup
C05487,Nexa 5487,2025-03-19,India,Consulting,SMB
C05488,Blue 5488,2025-10-07,Germany,Technology,Enterprise
C05489,Cloud 5489,2025-11-11,USA,Finance,Startup
C05490,Pulse 5490,2025-05-12,Singapore,Marketing,SMB
C05491,Nexa 5491,2025-06-22,Canada,Consulting,SMB
C05492,Orbit 5492,2025-10-13,India,Education,Startup
C05493,Nova 5493,2025-03-06,Singapore,Media,SMB
C05494,Orbit 5494,2025-03-17,USA,Finance,Enterprise
C05495,Core 5495,2025-10-10,USA,Technology,Startup
C05496,Nexa 5496,2025-03-10,Germany,Technology,Startup
C05497,Nova 5497,2025-10-09,Canada,Technology,Startup
C05498,Cloud 5498,2025-07-01,USA,Media,Mid-Market
C05499,Orbit 5499,2025-12-28,USA,Marketing,SMB
C05500,Core 5500,2025-01-13,India,Consulting,SMB
C05501,Apex 5501,2025-12-12,UK,Media,Mid-Market
C05502,Core 5502,2025-03-24,Netherlands,Retail,Enterprise
C05503,Pulse 5503,2025-01-13,USA,Healthcare,Startup
C05504,Cloud 5504,2025-09-22,Netherlands,Retail,Mid-Market
C05505,Vertex 5505,2025-07-14,India,Healthcare,SMB
C05506,Blue 5506,2025-11-02,Australia,Technology,Startup
C05507,Orbit 5507,2025-02-09,Singapore,Marketing,Startup
C05508,Core 5508,2025-01-30,Germany,Retail,SMB
C05509,Blue 5509,2025-07-27,India,Consulting,Mid-Market
C05510,Apex 5510,2025-11-18,USA,Healthcare,SMB
C05511,Nova 5511,2025-05-29,India,Retail,SMB
C05512,Blue 5512,2025-10-19,Germany,Healthcare,Startup
C05513,Orbit 5513,2025-11-27,Netherlands,Education,Startup
C05514,Vertex 5514,2025-11-14,USA,Finance,Enterprise
C05515,Orbit 5515,2025-07-05,India,Technology,Mid-Market
C05516,Nova 5516,2025-09-12,USA,Finance,SMB
C05517,Cloud 5517,2025-07-11,UK,Retail,Startup
C05518,Bright 5518,2025-09-04,UK,Media,Startup
C05519,Apex 5519,2025-07-26,India,Finance,Enterprise
C05520,Orbit 5520,2025-07-11,Canada,Technology,Startup
C05521,Core 5521,2025-06-09,India,Technology,Startup
C05522,Bright 5522,2025-08-27,Germany,Consulting,Mid-Market
C05523,Pulse 5523,2025-10-02,USA,Marketing,Enterprise
C05524,Blue 5524,2025-12-02,India,Marketing,Startup
C05525,Pulse 5525,2025-08-12,Germany,Technology,Mid-Market
C05526,Cloud 5526,2025-02-06,Germany,Technology,SMB
C05527,Nexa 5527,2025-08-03,USA,Retail,Mid-Market
C05528,Cloud 5528,2025-04-26,Australia,Marketing,Startup
C05529,Apex 5529,2025-01-10,UK,Technology,Mid-Market
C05530,Nexa 5530,2025-01-27,USA,Technology,Mid-Market
C05531,Cloud 5531,2025-08-04,Netherlands,Finance,Enterprise
C05532,Nova 5532,2025-12-11,Netherlands,Technology,SMB
C05533,Core 5533,2025-07-04,India,Technology,Mid-Market
C05534,Pulse 5534,2025-06-12,Netherlands,Consulting,SMB
C05535,Vertex 5535,2025-02-02,Canada,Finance,SMB
C05536,Bright 5536,2025-09-04,India,Healthcare,Startup
C05537,Cloud 5537,2025-01-21,UK,Marketing,Mid-Market
C05538,Blue 5538,2025-11-04,India,Finance,SMB
C05539,Blue 5539,2025-10-25,UK,Healthcare,SMB
C05540,Nexa 5540,2025-12-28,Singapore,Retail,SMB
C05541,Apex 5541,2025-04-14,USA,Finance,Mid-Market
C05542,Nova 5542,2025-03-01,UK,Consulting,SMB
C05543,Cloud 5543,2025-04-20,India,Finance,SMB
C05544,Nova 5544,2025-10-19,UK,Technology,SMB
C05545,Pulse 5545,2025-03-21,Australia,Technology,SMB
C05546,Nova 5546,2025-11-20,India,Education,SMB
C05547,Nexa 5547,2025-02-26,UK,Healthcare,Mid-Market
C05548,Blue 5548,2025-01-18,USA,Consulting,Mid-Market
C05549,Bright 5549,2025-03-22,Canada,Technology,SMB
C05550,Nexa 5550,2025-10-03,Canada,Marketing,Startup
C05551,Core 5551,2025-08-08,Germany,Technology,SMB
C05552,Apex 5552,2025-05-10,USA,Technology,Mid-Market
C05553,Apex 5553,2025-08-28,UK,Marketing,Enterprise
C05554,Cloud 5554,2025-08-25,Germany,Technology,Startup
C05555,Apex 5555,2025-07-22,Germany,Healthcare,Enterprise
C05556,Core 5556,2025-07-07,UK,Marketing,Startup
C05557,Nexa 5557,2025-02-07,Australia,Consulting,Enterprise
C05558,Cloud 5558,2025-04-05,USA,Education,Enterprise
C05559,Orbit 5559,2025-07-12,India,Technology,SMB
C05560,Pulse 5560,2025-02-19,Netherlands,Technology,Enterprise
C05561,Nova 5561,2025-06-23,India,Healthcare,SMB
C05562,Pulse 5562,2025-02-12,Singapore,Finance,SMB
C05563,Cloud 5563,2025-10-15,Germany,Finance,Mid-Market
C05564,Cloud 5564,2025-02-07,Singapore,Finance,Startup
C05565,Apex 5565,2025-02-03,UK,Healthcare,Startup
C05566,Orbit 5566,2025-08-21,Australia,Marketing,Startup
C05567,Blue 5567,2025-03-22,Canada,Technology,SMB
C05568,Cloud 5568,2025-05-09,UK,Finance,Mid-Market
C05569,Cloud 5569,2025-04-25,USA,Finance,Mid-Market
C05570,Bright 5570,2025-03-21,India,Technology,Mid-Market
C05571,Core 5571,2025-10-06,USA,Consulting,Mid-Market
C05572,Blue 5572,2025-09-10,Netherlands,Finance,Mid-Market
C05573,Apex 5573,2025-03-29,USA,Technology,Enterprise
C05574,Nexa 5574,2025-09-08,Canada,Retail,Startup
C05575,Blue 5575,2025-09-18,UK,Healthcare,Mid-Market
C05576,Core 5576,2025-07-16,USA,Technology,Startup
C05577,Nexa 5577,2025-07-31,Netherlands,Consulting,Startup
C05578,Orbit 5578,2025-12-08,India,Education,Startup
C05579,Blue 5579,2025-06-15,UK,Media,Startup
C05580,Cloud 5580,2025-05-21,USA,Retail,Enterprise
C05581,Bright 5581,2025-07-16,India,Education,SMB
C05582,Pulse 5582,2025-11-02,India,Technology,Enterprise
C05583,Nova 5583,2025-09-16,Germany,Marketing,SMB
C05584,Orbit 5584,2025-01-28,India,Technology,Mid-Market
C05585,Core 5585,2025-06-17,Australia,Marketing,SMB
C05586,Vertex 5586,2025-09-28,Germany,Retail,Enterprise
C05587,Core 5587,2025-03-23,India,Technology,Startup
C05588,Apex 5588,2025-12-27,USA,Retail,Mid-Market
C05589,Core 5589,2025-10-22,India,Marketing,Enterprise
C05590,Nexa 5590,2025-11-06,Australia,Technology,Mid-Market
C05591,Vertex 5591,2025-01-30,UK,Retail,Mid-Market
C05592,Pulse 5592,2025-07-31,India,Marketing,Startup
C05593,Nova 5593,2025-07-12,UK,Healthcare,SMB
C05594,Cloud 5594,2025-08-17,UK,Marketing,Startup
C05595,Core 5595,2025-11-07,Germany,Technology,SMB
C05596,Core 5596,2025-05-09,India,Technology,Startup
C05597,Nova 5597,2025-07-14,India,Education,Mid-Market
C05598,Bright 5598,2025-09-06,USA,Retail,Enterprise
C05599,Nova 5599,2025-10-02,Germany,Education,Mid-Market
C05600,Cloud 5600,2025-10-09,Germany,Retail,Mid-Market
C05601,Blue 5601,2025-05-03,USA,Retail,SMB
C05602,Vertex 5602,2025-12-31,India,Technology,Startup
C05603,Nexa 5603,2025-01-04,Germany,Consulting,Mid-Market
C05604,Core 5604,2025-06-29,India,Consulting,Startup
C05605,Core 5605,2025-08-11,UK,Finance,SMB
C05606,Bright 5606,2025-01-23,USA,Healthcare,Enterprise
C05607,Nexa 5607,2025-06-14,India,Consulting,SMB
C05608,Apex 5608,2025-08-06,UK,Media,Startup
C05609,Vertex 5609,2025-08-10,India,Media,Startup
C05610,Cloud 5610,2025-02-13,UK,Healthcare,Mid-Market
C05611,Pulse 5611,2025-04-12,India,Consulting,Startup
C05612,Nexa 5612,2025-03-31,USA,Healthcare,SMB
C05613,Orbit 5613,2025-08-22,UK,Retail,SMB
C05614,Pulse 5614,2025-05-01,India,Education,Mid-Market
C05615,Nexa 5615,2025-07-28,Germany,Media,Mid-Market
C05616,Bright 5616,2025-09-24,Canada,Media,Startup
C05617,Cloud 5617,2025-10-19,Netherlands,Finance,Mid-Market
C05618,Blue 5618,2025-03-09,India,Media,Startup
C05619,Blue 5619,2025-11-26,India,Education,Startup
C05620,Nova 5620,2025-03-02,USA,Technology,SMB
C05621,Pulse 5621,2025-01-08,Singapore,Technology,SMB
C05622,Vertex 5622,2025-01-17,USA,Education,Enterprise
C05623,Core 5623,2025-03-15,USA,Technology,Mid-Market
C05624,Orbit 5624,2025-11-15,Canada,Technology,Mid-Market
C05625,Nexa 5625,2025-03-17,India,Marketing,Startup
C05626,Pulse 5626,2025-09-11,UK,Technology,Mid-Market
C05627,Nexa 5627,2025-06-02,USA,Healthcare,SMB
C05628,Cloud 5628,2025-01-15,Germany,Consulting,Startup
C05629,Core 5629,2025-06-12,Canada,Technology,Mid-Market
C05630,Orbit 5630,2025-01-11,USA,Education,Mid-Market
C05631,Orbit 5631,2025-06-23,Germany,Technology,Enterprise
C05632,Bright 5632,2025-07-23,UK,Retail,Enterprise
C05633,Nova 5633,2025-07-10,India,Healthcare,Startup
C05634,Orbit 5634,2025-04-14,Singapore,Consulting,Mid-Market
C05635,Bright 5635,2025-10-07,Canada,Consulting,Enterprise
C05636,Nexa 5636,2025-08-06,Singapore,Retail,Mid-Market
C05637,Bright 5637,2025-04-03,Canada,Marketing,Startup
C05638,Blue 5638,2025-06-08,USA,Marketing,SMB
C05639,Nexa 5639,2025-02-09,USA,Technology,Startup
C05640,Apex 5640,2025-12-04,USA,Marketing,Startup
C05641,Pulse 5641,2025-10-02,India,Marketing,Enterprise
C05642,Nexa 5642,2025-04-16,USA,Marketing,Enterprise
C05643,Nexa 5643,2025-09-04,USA,Technology,Enterprise
C05644,Orbit 5644,2025-09-05,India,Marketing,Startup
C05645,Blue 5645,2025-08-11,Australia,Healthcare,SMB
C05646,Bright 5646,2025-01-20,India,Marketing,SMB
C05647,Apex 5647,2025-11-17,UK,Education,SMB
C05648,Cloud 5648,2025-12-15,Canada,Finance,SMB
C05649,Orbit 5649,2025-12-22,Germany,Marketing,Enterprise
C05650,Blue 5650,2025-12-24,India,Healthcare,Mid-Market
C05651,Nexa 5651,2025-12-06,Germany,Consulting,Mid-Market
C05652,Cloud 5652,2025-09-27,Canada,Consulting,Startup
C05653,Blue 5653,2025-01-21,Australia,Finance,SMB
C05654,Pulse 5654,2025-06-19,USA,Finance,SMB
C05655,Apex 5655,2025-03-31,India,Education,SMB
C05656,Vertex 5656,2025-03-22,Germany,Consulting,Mid-Market
C05657,Apex 5657,2025-10-31,India,Technology,Startup
C05658,Core 5658,2025-10-24,Canada,Healthcare,Startup
C05659,Orbit 5659,2025-07-10,Germany,Finance,Mid-Market
C05660,Vertex 5660,2025-09-26,Canada,Consulting,SMB
C05661,Vertex 5661,2025-02-17,Netherlands,Technology,SMB
C05662,Blue 5662,2025-03-23,UK,Consulting,Mid-Market
C05663,Apex 5663,2025-11-11,Singapore,Education,Mid-Market
C05664,Nexa 5664,2025-06-14,Germany,Retail,Mid-Market
C05665,Bright 5665,2025-07-19,India,Media,Startup
C05666,Nova 5666,2025-06-18,Australia,Healthcare,SMB
C05667,Apex 5667,2025-03-15,Germany,Education,SMB
C05668,Nexa 5668,2025-10-29,Netherlands,Education,SMB
C05669,Bright 5669,2025-10-04,USA,Retail,SMB
C05670,Nexa 5670,2025-09-07,USA,Marketing,Startup
C05671,Apex 5671,2025-05-09,Australia,Technology,SMB
C05672,Bright 5672,2025-08-23,India,Media,SMB
C05673,Cloud 5673,2025-12-14,Germany,Technology,SMB
C05674,Cloud 5674,2025-08-26,UK,Media,Startup
C05675,Cloud 5675,2025-06-30,India,Finance,Mid-Market
C05676,Pulse 5676,2025-04-09,India,Marketing,SMB
C05677,Bright 5677,2025-07-10,Australia,Media,SMB
C05678,Pulse 5678,2025-05-16,India,Education,Mid-Market
C05679,Bright 5679,2025-08-12,Canada,Marketing,Mid-Market
C05680,Bright 5680,2025-01-17,Canada,Finance,SMB
C05681,Blue 5681,2025-03-11,Germany,Finance,Startup
C05682,Core 5682,2025-10-15,USA,Technology,Startup
C05683,Apex 5683,2025-05-19,India,Marketing,Startup
C05684,Cloud 5684,2025-06-08,Australia,Healthcare,Startup
C05685,Pulse 5685,2025-07-18,India,Technology,SMB
C05686,Nova 5686,2025-06-09,USA,Healthcare,SMB
C05687,Apex 5687,2025-10-04,Netherlands,Media,Startup
C05688,Orbit 5688,2025-03-31,USA,Retail,Mid-Market
C05689,Nexa 5689,2025-10-04,USA,Healthcare,Startup
C05690,Vertex 5690,2025-03-18,Netherlands,Media,Enterprise
C05691,Nova 5691,2025-05-16,India,Healthcare,SMB
C05692,Cloud 5692,2025-08-03,India,Finance,SMB
C05693,Vertex 5693,2025-11-20,USA,Healthcare,Startup
C05694,Orbit 5694,2025-03-26,Canada,Retail,SMB
C05695,Blue 5695,2025-08-03,Singapore,Finance,SMB
C05696,Cloud 5696,2025-01-24,Canada,Technology,Enterprise
C05697,Apex 5697,2025-01-28,Netherlands,Media,Startup
C05698,Cloud 5698,2025-10-08,India,Consulting,SMB
C05699,Nova 5699,2025-09-20,Germany,Consulting,Mid-Market
C05700,Pulse 5700,2025-05-18,India,Consulting,SMB
C05701,Cloud 5701,2025-08-16,Singapore,Education,SMB
C05702,Orbit 5702,2025-05-19,Singapore,Technology,Enterprise
C05703,Nexa 5703,2025-04-12,USA,Consulting,SMB
C05704,Core 5704,2025-06-07,Australia,Finance,Startup
C05705,Vertex 5705,2025-04-24,Germany,Technology,Enterprise
C05706,Orbit 5706,2025-10-25,India,Media,Startup
C05707,Blue 5707,2025-05-31,Germany,Technology,Mid-Market
C05708,Apex 5708,2025-04-28,Netherlands,Technology,Startup
C05709,Nova 5709,2025-07-15,USA,Finance,Startup
C05710,Cloud 5710,2025-10-04,India,Retail,SMB
C05711,Pulse 5711,2025-04-10,Netherlands,Media,Mid-Market
C05712,Pulse 5712,2025-12-09,USA,Technology,Startup
C05713,Bright 5713,2025-06-19,USA,Healthcare,Startup
C05714,Vertex 5714,2025-08-30,Canada,Consulting,Startup
C05715,Cloud 5715,2025-12-16,Germany,Education,Startup
C05716,Cloud 5716,2025-06-07,USA,Technology,Startup
C05717,Pulse 5717,2025-03-14,India,Finance,Enterprise
C05718,Core 5718,2025-09-30,Australia,Marketing,Mid-Market
C05719,Nova 5719,2025-01-03,UK,Technology,SMB
C05720,Pulse 5720,2025-06-17,Germany,Consulting,Startup
C05721,Pulse 5721,2025-12-24,Australia,Finance,Startup
C05722,Nexa 5722,2025-06-01,India,Consulting,SMB
C05723,Core 5723,2025-09-07,Australia,Education,SMB
C05724,Nova 5724,2025-07-11,Canada,Education,Enterprise
C05725,Nexa 5725,2025-03-20,Netherlands,Consulting,Startup
C05726,Vertex 5726,2025-04-26,India,Technology,SMB
C05727,Core 5727,2025-07-11,USA,Finance,Mid-Market
C05728,Apex 5728,2025-02-08,Germany,Marketing,SMB
C05729,Nova 5729,2025-06-01,Singapore,Consulting,Mid-Market
C05730,Pulse 5730,2025-06-01,Netherlands,Retail,Mid-Market
C05731,Pulse 5731,2025-11-01,USA,Healthcare,Startup
C05732,Apex 5732,2025-02-15,UK,Consulting,Mid-Market
C05733,Bright 5733,2025-11-04,India,Technology,SMB
C05734,Nova 5734,2025-05-30,Germany,Technology,Startup
C05735,Blue 5735,2025-08-26,Australia,Finance,Mid-Market
C05736,Vertex 5736,2025-07-23,Australia,Retail,Mid-Market
C05737,Core 5737,2025-04-20,USA,Marketing,Startup
C05738,Orbit 5738,2025-12-06,Netherlands,Marketing,SMB
C05739,Nexa 5739,2025-03-23,India,Consulting,Mid-Market
C05740,Nexa 5740,2025-01-14,UK,Technology,Mid-Market
C05741,Core 5741,2025-10-01,UK,Technology,SMB
C05742,Nova 5742,2025-08-15,UK,Technology,SMB
C05743,Blue 5743,2025-11-22,Canada,Technology,SMB
C05744,Nova 5744,2025-06-17,Germany,Healthcare,SMB
C05745,Blue 5745,2025-01-07,India,Finance,Startup
C05746,Cloud 5746,2025-01-08,India,Consulting,SMB
C05747,Core 5747,2025-06-08,UK,Retail,SMB
C05748,Nova 5748,2025-04-02,Germany,Retail,Mid-Market
C05749,Apex 5749,2025-12-03,UK,Technology,Mid-Market
C05750,Orbit 5750,2025-02-13,USA,Marketing,SMB
C05751,Blue 5751,2025-11-18,India,Technology,SMB
C05752,Vertex 5752,2025-03-21,Canada,Technology,SMB
C05753,Nova 5753,2025-02-13,UK,Marketing,Mid-Market
C05754,Nexa 5754,2025-04-11,UK,Healthcare,Enterprise
C05755,Nova 5755,2025-02-22,USA,Education,Mid-Market
C05756,Pulse 5756,2025-05-27,USA,Retail,Mid-Market
C05757,Nova 5757,2025-05-01,USA,Technology,Enterprise
C05758,Blue 5758,2025-07-13,India,Media,Startup
C05759,Orbit 5759,2025-07-16,Canada,Technology,SMB
C05760,Blue 5760,2025-01-01,USA,Media,SMB
C05761,Vertex 5761,2025-02-15,USA,Education,SMB
C05762,Cloud 5762,2025-03-01,Netherlands,Technology,Mid-Market
C05763,Apex 5763,2025-03-13,USA,Healthcare,SMB
C05764,Nova 5764,2025-02-04,UK,Finance,Startup
C05765,Vertex 5765,2025-04-25,USA,Consulting,Startup
C05766,Bright 5766,2025-07-20,USA,Technology,Startup
C05767,Pulse 5767,2025-04-23,India,Consulting,SMB
C05768,Pulse 5768,2025-05-01,Australia,Finance,Startup
C05769,Nova 5769,2025-06-21,USA,Media,Startup
C05770,Nova 5770,2025-07-20,Canada,Finance,SMB
C05771,Nexa 5771,2025-05-01,Netherlands,Education,SMB
C05772,Bright 5772,2025-03-22,India,Consulting,SMB
C05773,Pulse 5773,2025-05-30,Germany,Technology,Startup
C05774,Cloud 5774,2025-01-09,India,Technology,Enterprise
C05775,Bright 5775,2025-06-29,USA,Marketing,Startup
C05776,Cloud 5776,2025-12-10,Australia,Education,Mid-Market
C05777,Cloud 5777,2025-05-26,India,Consulting,Mid-Market
C05778,Pulse 5778,2025-02-09,Netherlands,Finance,Mid-Market
C05779,Apex 5779,2025-09-16,UK,Retail,SMB
C05780,Nexa 5780,2025-02-16,USA,Retail,Startup
C05781,Nova 5781,2025-03-12,India,Consulting,Mid-Market
C05782,Orbit 5782,2025-02-23,UK,Technology,SMB
C05783,Apex 5783,2025-11-19,UK,Technology,Mid-Market
C05784,Blue 5784,2025-12-25,India,Media,SMB
C05785,Apex 5785,2025-07-27,UK,Consulting,Enterprise
C05786,Vertex 5786,2025-08-14,India,Education,Enterprise
C05787,Nexa 5787,2025-08-24,Netherlands,Retail,Mid-Market
C05788,Vertex 5788,2025-08-11,USA,Technology,Enterprise
C05789,Blue 5789,2025-07-18,UK,Consulting,SMB
C05790,Bright 5790,2025-12-27,Canada,Education,Startup
C05791,Pulse 5791,2025-09-25,Canada,Retail,SMB
C05792,Nexa 5792,2025-02-02,Singapore,Consulting,SMB
C05793,Apex 5793,2025-05-24,Netherlands,Marketing,SMB
C05794,Orbit 5794,2025-12-22,India,Technology,Startup
C05795,Vertex 5795,2025-05-28,USA,Retail,SMB
C05796,Nova 5796,2025-03-16,Germany,Consulting,Startup
C05797,Pulse 5797,2025-11-13,India,Finance,Mid-Market
C05798,Blue 5798,2025-08-16,Canada,Media,Enterprise
C05799,Core 5799,2025-07-25,India,Finance,Startup
C05800,Bright 5800,2025-06-03,Singapore,Healthcare,Mid-Market
C05801,Bright 5801,2025-02-15,Canada,Media,Startup
C05802,Bright 5802,2025-05-21,UK,Education,SMB
C05803,Pulse 5803,2025-06-09,USA,Retail,Enterprise
C05804,Nexa 5804,2025-12-06,Netherlands,Retail,Startup
C05805,Pulse 5805,2025-04-23,Canada,Marketing,Startup
C05806,Blue 5806,2025-02-24,Australia,Finance,Enterprise
C05807,Bright 5807,2025-06-06,Australia,Retail,Startup
C05808,Nexa 5808,2025-12-30,India,Marketing,SMB
C05809,Orbit 5809,2025-06-26,India,Marketing,SMB
C05810,Blue 5810,2025-05-19,India,Marketing,Startup
C05811,Bright 5811,2025-09-01,Germany,Technology,Startup
C05812,Vertex 5812,2025-08-25,Germany,Technology,Mid-Market
C05813,Bright 5813,2025-04-20,USA,Marketing,SMB
C05814,Nexa 5814,2025-12-20,Netherlands,Consulting,SMB
C05815,Blue 5815,2025-08-05,India,Healthcare,Mid-Market
C05816,Core 5816,2025-01-22,Canada,Technology,SMB
C05817,Nova 5817,2025-05-29,UK,Healthcare,SMB
C05818,Orbit 5818,2025-12-03,USA,Consulting,Enterprise
C05819,Vertex 5819,2025-05-24,India,Technology,Mid-Market
C05820,Bright 5820,2025-07-27,Canada,Marketing,SMB
C05821,Blue 5821,2025-08-12,Canada,Education,SMB
C05822,Blue 5822,2025-09-15,USA,Healthcare,Mid-Market
C05823,Vertex 5823,2025-11-15,UK,Marketing,SMB
C05824,Vertex 5824,2025-02-24,Germany,Retail,SMB
C05825,Nexa 5825,2025-07-08,USA,Technology,SMB
C05826,Apex 5826,2025-07-14,Germany,Technology,Startup
C05827,Apex 5827,2025-02-25,USA,Technology,Enterprise
C05828,Core 5828,2025-09-03,Singapore,Consulting,SMB
C05829,Blue 5829,2025-02-13,Canada,Retail,SMB
C05830,Blue 5830,2025-06-16,India,Education,SMB
C05831,Pulse 5831,2025-05-01,Australia,Media,Enterprise
C05832,Blue 5832,2025-02-26,USA,Education,SMB
C05833,Pulse 5833,2025-10-28,Singapore,Finance,Mid-Market
C05834,Core 5834,2025-03-31,Germany,Finance,Mid-Market
C05835,Orbit 5835,2025-04-04,India,Education,Enterprise
C05836,Nova 5836,2025-11-08,Canada,Education,SMB
C05837,Core 5837,2025-11-17,India,Marketing,Mid-Market
C05838,Blue 5838,2025-01-13,Singapore,Marketing,SMB
C05839,Bright 5839,2025-04-12,Netherlands,Healthcare,Enterprise
C05840,Apex 5840,2025-09-16,Germany,Finance,Startup
C05841,Orbit 5841,2025-10-12,UK,Education,SMB
C05842,Nexa 5842,2025-12-31,Germany,Consulting,SMB
C05843,Nexa 5843,2025-07-22,USA,Consulting,Mid-Market
C05844,Bright 5844,2025-01-03,India,Finance,Startup
C05845,Core 5845,2025-11-15,Singapore,Retail,Startup
C05846,Core 5846,2025-02-28,USA,Finance,Mid-Market
C05847,Blue 5847,2025-02-14,USA,Finance,SMB
C05848,Orbit 5848,2025-09-04,India,Consulting,SMB
C05849,Nova 5849,2025-08-09,Netherlands,Media,Startup
C05850,Core 5850,2025-01-22,Netherlands,Media,Enterprise
C05851,Nova 5851,2025-03-03,USA,Technology,SMB
C05852,Vertex 5852,2025-08-04,USA,Finance,Mid-Market
C05853,Cloud 5853,2025-04-04,Australia,Consulting,Mid-Market
C05854,Vertex 5854,2025-09-07,USA,Consulting,Mid-Market
C05855,Pulse 5855,2025-05-31,Netherlands,Marketing,SMB
C05856,Apex 5856,2025-08-03,Singapore,Technology,Startup
C05857,Cloud 5857,2025-06-23,Canada,Marketing,Mid-Market
C05858,Nova 5858,2025-05-14,India,Technology,SMB
C05859,Cloud 5859,2025-05-05,Canada,Finance,Startup
C05860,Nexa 5860,2025-09-12,Netherlands,Education,Mid-Market
C05861,Pulse 5861,2025-07-07,USA,Technology,SMB
C05862,Cloud 5862,2025-08-05,Singapore,Consulting,SMB
C05863,Nova 5863,2025-07-30,USA,Education,SMB
C05864,Orbit 5864,2025-03-17,Netherlands,Healthcare,Enterprise
C05865,Pulse 5865,2025-11-30,Germany,Healthcare,Startup
C05866,Nova 5866,2025-07-25,India,Retail,SMB
C05867,Pulse 5867,2025-09-20,USA,Marketing,SMB
C05868,Vertex 5868,2025-11-18,India,Retail,Enterprise
C05869,Cloud 5869,2025-12-04,USA,Healthcare,SMB
C05870,Nexa 5870,2025-09-01,Singapore,Marketing,SMB
C05871,Nova 5871,2025-10-15,India,Media,Enterprise
C05872,Bright 5872,2025-06-22,Netherlands,Technology,Mid-Market
C05873,Vertex 5873,2025-09-27,India,Finance,Startup
C05874,Cloud 5874,2025-04-28,Germany,Retail,Startup
C05875,Pulse 5875,2025-09-17,Netherlands,Healthcare,SMB
C05876,Cloud 5876,2025-02-01,Germany,Finance,SMB
C05877,Nova 5877,2025-11-30,Singapore,Media,Startup
C05878,Cloud 5878,2025-03-31,Netherlands,Technology,SMB
C05879,Nova 5879,2025-08-28,Germany,Marketing,Enterprise
C05880,Nexa 5880,2025-01-05,Canada,Consulting,Mid-Market
C05881,Blue 5881,2025-02-26,India,Consulting,SMB
C05882,Vertex 5882,2025-12-27,USA,Healthcare,Startup
C05883,Pulse 5883,2025-11-01,USA,Technology,SMB
C05884,Bright 5884,2025-03-23,Australia,Retail,Enterprise
C05885,Nova 5885,2025-02-17,Germany,Consulting,SMB
C05886,Nexa 5886,2025-10-25,Germany,Technology,Startup
C05887,Cloud 5887,2025-12-28,Singapore,Finance,Mid-Market
C05888,Orbit 5888,2025-03-03,India,Marketing,Startup
C05889,Orbit 5889,2025-08-31,Netherlands,Technology,SMB
C05890,Orbit 5890,2025-04-14,India,Consulting,Startup
C05891,Vertex 5891,2025-09-29,USA,Retail,Mid-Market
C05892,Cloud 5892,2025-06-02,Germany,Finance,Mid-Market
C05893,Pulse 5893,2025-02-15,USA,Retail,SMB
C05894,Blue 5894,2025-04-29,Germany,Consulting,SMB
C05895,Nova 5895,2025-07-16,Canada,Consulting,Mid-Market
C05896,Apex 5896,2025-10-19,Australia,Media,Startup
C05897,Core 5897,2025-01-08,India,Finance,Startup
C05898,Cloud 5898,2025-12-16,India,Retail,Mid-Market
C05899,Apex 5899,2025-08-26,India,Technology,Mid-Market
C05900,Blue 5900,2025-11-16,UK,Healthcare,Startup
C05901,Blue 5901,2025-12-06,India,Marketing,Startup
C05902,Nexa 5902,2025-02-26,USA,Technology,Mid-Market
C05903,Nexa 5903,2025-02-04,Australia,Consulting,Startup
C05904,Nexa 5904,2025-10-11,Netherlands,Healthcare,SMB
C05905,Cloud 5905,2025-03-10,Australia,Healthcare,Mid-Market
C05906,Core 5906,2025-02-24,India,Marketing,SMB
C05907,Nova 5907,2025-06-21,UK,Technology,SMB
C05908,Nova 5908,2025-11-30,India,Technology,Mid-Market
C05909,Nexa 5909,2025-10-18,USA,Technology,Enterprise
C05910,Core 5910,2025-07-09,USA,Media,Mid-Market
C05911,Core 5911,2025-03-13,Netherlands,Consulting,SMB
C05912,Nexa 5912,2025-05-03,Germany,Marketing,Enterprise
C05913,Bright 5913,2025-09-09,USA,Education,SMB
C05914,Bright 5914,2025-02-27,Germany,Education,Startup
C05915,Apex 5915,2025-07-11,Netherlands,Finance,Startup
C05916,Cloud 5916,2025-01-05,India,Technology,SMB
C05917,Apex 5917,2025-04-29,Australia,Marketing,Startup
C05918,Vertex 5918,2025-04-01,India,Finance,Mid-Market
C05919,Bright 5919,2025-09-06,India,Retail,Startup
C05920,Blue 5920,2025-11-30,Singapore,Technology,SMB
C05921,Pulse 5921,2025-02-23,India,Marketing,Mid-Market
C05922,Vertex 5922,2025-10-19,Canada,Healthcare,Startup
C05923,Cloud 5923,2025-08-28,India,Consulting,SMB
C05924,Cloud 5924,2025-12-20,Germany,Media,Enterprise
C05925,Cloud 5925,2025-11-29,Germany,Healthcare,Startup
C05926,Nexa 5926,2025-02-06,Australia,Technology,SMB
C05927,Core 5927,2025-09-29,Australia,Education,Startup
C05928,Pulse 5928,2025-08-05,Germany,Technology,Mid-Market
C05929,Apex 5929,2025-02-11,USA,Technology,SMB
C05930,Vertex 5930,2025-04-04,India,Education,Enterprise
C05931,Vertex 5931,2025-12-05,Germany,Technology,Mid-Market
C05932,Core 5932,2025-07-18,UK,Technology,SMB
C05933,Nexa 5933,2025-05-04,India,Healthcare,Enterprise
C05934,Orbit 5934,2025-04-27,Netherlands,Healthcare,Startup
C05935,Orbit 5935,2025-11-02,USA,Retail,Mid-Market
C05936,Core 5936,2025-04-14,India,Finance,Mid-Market
C05937,Core 5937,2025-02-27,Singapore,Healthcare,Mid-Market
C05938,Nova 5938,2025-07-29,UK,Education,SMB
C05939,Bright 5939,2025-12-29,Canada,Consulting,Startup
C05940,Nova 5940,2025-03-08,India,Finance,Mid-Market
C05941,Bright 5941,2025-04-04,USA,Education,SMB
C05942,Nexa 5942,2025-06-21,Germany,Education,Mid-Market
C05943,Cloud 5943,2025-03-14,USA,Finance,Mid-Market
C05944,Vertex 5944,2025-08-26,Canada,Technology,SMB
C05945,Apex 5945,2025-04-03,India,Education,Enterprise
C05946,Orbit 5946,2025-02-16,India,Finance,Startup
C05947,Pulse 5947,2025-04-06,India,Finance,Startup
C05948,Nova 5948,2025-12-06,USA,Marketing,SMB
C05949,Cloud 5949,2025-12-08,USA,Technology,Startup
C05950,Pulse 5950,2025-07-04,Canada,Finance,SMB
C05951,Nexa 5951,2025-05-27,UK,Healthcare,Startup
C05952,Core 5952,2025-10-27,India,Retail,Mid-Market
C05953,Core 5953,2025-03-12,UK,Consulting,Enterprise
C05954,Core 5954,2025-08-27,India,Finance,Mid-Market
C05955,Orbit 5955,2025-09-06,USA,Finance,SMB
C05956,Blue 5956,2025-09-17,Singapore,Media,Enterprise
C05957,Apex 5957,2025-03-21,Canada,Education,Mid-Market
C05958,Blue 5958,2025-09-19,Germany,Education,Mid-Market
C05959,Bright 5959,2025-08-12,USA,Technology,Startup
C05960,Apex 5960,2025-11-16,India,Technology,Mid-Market
C05961,Nexa 5961,2025-03-05,Canada,Finance,Startup
C05962,Bright 5962,2025-08-12,UK,Retail,Startup
C05963,Vertex 5963,2025-10-30,Germany,Retail,Startup
C05964,Core 5964,2025-04-12,Netherlands,Technology,Mid-Market
C05965,Apex 5965,2025-09-29,USA,Consulting,Startup
C05966,Blue 5966,2025-02-06,Australia,Retail,SMB
C05967,Bright 5967,2025-09-20,UK,Retail,SMB
C05968,Blue 5968,2025-08-10,India,Healthcare,SMB
C05969,Nexa 5969,2025-03-12,India,Finance,SMB
C05970,Pulse 5970,2025-01-25,Germany,Media,Mid-Market
C05971,Pulse 5971,2025-09-30,USA,Finance,Enterprise
C05972,Cloud 5972,2025-03-30,Germany,Finance,Mid-Market
C05973,Core 5973,2025-07-01,Canada,Technology,Mid-Market
C05974,Blue 5974,2025-01-23,USA,Marketing,Startup
C05975,Nexa 5975,2025-12-18,UK,Technology,Startup
C05976,Blue 5976,2025-07-20,Germany,Marketing,SMB
C05977,Core 5977,2025-12-07,USA,Media,Enterprise
C05978,Nexa 5978,2025-02-28,Singapore,Marketing,Startup
C05979,Apex 5979,2025-03-17,India,Media,Startup
C05980,Core 5980,2025-08-11,Netherlands,Retail,Mid-Market
C05981,Vertex 5981,2025-08-09,India,Consulting,SMB
C05982,Orbit 5982,2025-10-16,India,Marketing,SMB
C05983,Core 5983,2025-12-05,Canada,Retail,Mid-Market
C05984,Blue 5984,2025-10-27,India,Marketing,SMB
C05985,Cloud 5985,2025-02-21,USA,Technology,Enterprise
C05986,Nova 5986,2025-04-23,India,Retail,SMB
C05987,Bright 5987,2025-11-30,Canada,Marketing,SMB
C05988,Core 5988,2025-07-20,UK,Retail,Startup
C05989,Orbit 5989,2025-11-13,India,Healthcare,SMB
C05990,Nova 5990,2025-07-25,USA,Finance,Startup
C05991,Vertex 5991,2025-01-19,India,Consulting,Startup
C05992,Bright 5992,2025-06-22,Netherlands,Education,Startup
C05993,Bright 5993,2025-10-29,India,Healthcare,SMB
C05994,Vertex 5994,2025-08-28,UK,Retail,Startup
C05995,Apex 5995,2025-02-18,UK,Marketing,Startup
C05996,Apex 5996,2025-03-18,UK,Technology,SMB
C05997,Vertex 5997,2025-11-08,Netherlands,Education,Startup
C05998,Cloud 5998,2025-12-24,USA,Technology,Startup
C05999,Nexa 5999,2025-10-02,Canada,Marketing,Enterprise
C06000,Blue 6000,2025-02-05,USA,Technology,SMB
C06001,Blue 6001,2025-08-15,Germany,Finance,Mid-Market
C06002,Orbit 6002,2025-10-30,USA,Media,Startup
C06003,Nova 6003,2025-08-22,India,Technology,SMB
C06004,Core 6004,2025-08-05,India,Consulting,Startup
C06005,Blue 6005,2025-06-20,India,Education,SMB
C06006,Cloud 6006,2025-03-31,Netherlands,Technology,Mid-Market
C06007,Apex 6007,2025-04-13,Canada,Media,Mid-Market
C06008,Nova 6008,2025-09-30,USA,Technology,SMB
C06009,Core 6009,2025-01-26,UK,Marketing,Startup
C06010,Pulse 6010,2025-01-31,Canada,Consulting,Mid-Market
C06011,Nova 6011,2025-05-25,USA,Consulting,SMB
C06012,Pulse 6012,2025-10-10,USA,Finance,SMB
C06013,Apex 6013,2025-08-28,Canada,Retail,SMB
C06014,Orbit 6014,2025-08-04,India,Media,SMB
C06015,Cloud 6015,2025-07-14,UK,Healthcare,SMB
C06016,Core 6016,2025-02-10,India,Education,SMB
C06017,Apex 6017,2025-05-02,India,Finance,Startup
C06018,Core 6018,2025-01-30,Germany,Finance,SMB
C06019,Vertex 6019,2025-10-04,Canada,Healthcare,SMB
C06020,Orbit 6020,2025-10-02,Netherlands,Technology,SMB
C06021,Bright 6021,2025-04-05,India,Education,SMB
C06022,Blue 6022,2025-04-17,Canada,Technology,SMB
C06023,Orbit 6023,2025-04-26,Netherlands,Technology,SMB
C06024,Pulse 6024,2025-11-21,Germany,Healthcare,Startup
C06025,Nova 6025,2025-06-28,Netherlands,Technology,SMB
C06026,Nexa 6026,2025-10-06,Netherlands,Marketing,Startup
C06027,Vertex 6027,2025-06-13,Australia,Marketing,SMB
C06028,Bright 6028,2025-09-12,Netherlands,Technology,SMB
C06029,Cloud 6029,2025-07-12,Germany,Finance,SMB
C06030,Nova 6030,2025-04-12,UK,Technology,SMB
C06031,Orbit 6031,2025-11-16,Singapore,Marketing,Startup
C06032,Cloud 6032,2025-09-16,Australia,Finance,SMB
C06033,Orbit 6033,2025-10-08,India,Consulting,Startup
C06034,Pulse 6034,2025-12-13,USA,Education,Enterprise
C06035,Vertex 6035,2025-04-01,USA,Healthcare,SMB
C06036,Pulse 6036,2025-02-03,Australia,Technology,SMB
C06037,Cloud 6037,2025-08-01,India,Finance,Startup
C06038,Bright 6038,2025-04-30,USA,Finance,Enterprise
C06039,Orbit 6039,2025-06-09,UK,Finance,SMB
C06040,Nexa 6040,2025-03-27,India,Media,SMB
C06041,Nexa 6041,2025-05-26,Netherlands,Technology,Mid-Market
C06042,Vertex 6042,2025-05-24,UK,Finance,SMB
C06043,Orbit 6043,2025-05-08,India,Retail,Enterprise
C06044,Cloud 6044,2025-09-28,USA,Retail,Startup
C06045,Cloud 6045,2025-08-05,Australia,Healthcare,Mid-Market
C06046,Blue 6046,2025-06-23,Germany,Marketing,Enterprise
C06047,Vertex 6047,2025-02-11,USA,Technology,SMB
C06048,Apex 6048,2025-07-28,USA,Consulting,Mid-Market
C06049,Apex 6049,2025-03-05,Singapore,Marketing,Startup
C06050,Cloud 6050,2025-04-25,Canada,Healthcare,SMB
C06051,Pulse 6051,2025-06-01,Canada,Finance,SMB
C06052,Apex 6052,2025-02-21,USA,Healthcare,SMB
C06053,Pulse 6053,2025-05-23,Netherlands,Consulting,SMB
C06054,Bright 6054,2025-04-08,Canada,Technology,SMB
C06055,Core 6055,2025-11-07,USA,Marketing,SMB
C06056,Pulse 6056,2025-11-10,Netherlands,Technology,Startup
C06057,Bright 6057,2025-01-02,Singapore,Consulting,SMB
C06058,Blue 6058,2025-08-08,Canada,Technology,Startup
C06059,Core 6059,2025-08-22,Canada,Retail,SMB
C06060,Orbit 6060,2025-05-18,USA,Healthcare,Startup
C06061,Nova 6061,2025-06-21,UK,Healthcare,SMB
C06062,Orbit 6062,2025-10-16,India,Finance,Enterprise
C06063,Nexa 6063,2025-05-18,UK,Marketing,Enterprise
C06064,Bright 6064,2025-01-24,USA,Finance,SMB
C06065,Vertex 6065,2025-05-16,USA,Finance,Startup
C06066,Orbit 6066,2025-04-03,Netherlands,Technology,SMB
C06067,Core 6067,2025-05-20,India,Finance,SMB
C06068,Bright 6068,2025-03-25,Australia,Consulting,Startup
C06069,Apex 6069,2025-02-24,USA,Finance,Enterprise
C06070,Nova 6070,2025-12-26,India,Consulting,SMB
C06071,Pulse 6071,2025-02-17,India,Retail,SMB
C06072,Core 6072,2025-09-15,USA,Education,SMB
C06073,Pulse 6073,2025-09-19,USA,Technology,Mid-Market
C06074,Apex 6074,2025-08-14,USA,Marketing,Mid-Market
C06075,Nova 6075,2025-11-29,Germany,Retail,Startup
C06076,Apex 6076,2025-01-02,UK,Finance,Mid-Market
C06077,Blue 6077,2025-04-21,India,Finance,Mid-Market
C06078,Nova 6078,2025-03-09,USA,Finance,Mid-Market
C06079,Cloud 6079,2025-07-30,India,Healthcare,Startup
C06080,Core 6080,2025-08-20,India,Technology,SMB
C06081,Orbit 6081,2025-11-24,India,Technology,Mid-Market
C06082,Vertex 6082,2025-05-19,Canada,Education,Startup
C06083,Nova 6083,2025-03-28,Germany,Healthcare,SMB
C06084,Apex 6084,2025-12-04,Australia,Finance,Mid-Market
C06085,Orbit 6085,2025-09-03,Canada,Media,SMB
C06086,Core 6086,2025-10-07,UK,Finance,Startup
C06087,Core 6087,2025-06-12,USA,Technology,Startup
C06088,Apex 6088,2025-06-13,India,Technology,SMB
C06089,Apex 6089,2025-05-23,Germany,Finance,Startup
C06090,Blue 6090,2025-10-01,USA,Marketing,SMB
C06091,Pulse 6091,2025-03-18,USA,Technology,SMB
C06092,Cloud 6092,2025-12-23,Netherlands,Retail,Startup
C06093,Nexa 6093,2025-03-06,India,Retail,SMB
C06094,Pulse 6094,2025-06-18,India,Finance,Enterprise
C06095,Cloud 6095,2025-04-25,Netherlands,Consulting,SMB
C06096,Blue 6096,2025-08-23,USA,Marketing,Startup
C06097,Cloud 6097,2025-09-06,USA,Retail,Startup
C06098,Orbit 6098,2025-12-02,India,Finance,SMB
C06099,Apex 6099,2025-10-16,USA,Marketing,SMB
C06100,Nexa 6100,2025-04-01,Netherlands,Technology,Mid-Market
C06101,Blue 6101,2025-03-17,Germany,Technology,SMB
C06102,Bright 6102,2025-11-20,USA,Retail,SMB
C06103,Bright 6103,2025-06-28,USA,Finance,SMB
C06104,Pulse 6104,2025-02-05,USA,Healthcare,SMB
C06105,Blue 6105,2025-10-29,Germany,Technology,Startup
C06106,Blue 6106,2025-08-25,USA,Retail,SMB
C06107,Pulse 6107,2025-01-10,India,Healthcare,Startup
C06108,Pulse 6108,2025-10-13,Germany,Technology,SMB
C06109,Pulse 6109,2025-08-10,Australia,Marketing,SMB
C06110,Blue 6110,2025-08-13,Singapore,Technology,Mid-Market
C06111,Nova 6111,2025-11-12,Australia,Finance,Startup
C06112,Orbit 6112,2025-06-30,UK,Education,Enterprise
C06113,Nova 6113,2025-06-18,Canada,Media,SMB
C06114,Orbit 6114,2025-08-14,Singapore,Consulting,Mid-Market
C06115,Bright 6115,2025-03-14,India,Technology,SMB
C06116,Bright 6116,2025-02-25,USA,Finance,Mid-Market
C06117,Core 6117,2025-11-04,India,Consulting,Mid-Market
C06118,Pulse 6118,2025-03-20,Netherlands,Finance,Startup
C06119,Orbit 6119,2025-07-04,Singapore,Consulting,SMB
C06120,Core 6120,2025-04-09,Australia,Healthcare,Enterprise
C06121,Nova 6121,2025-03-26,USA,Retail,SMB
C06122,Nexa 6122,2025-08-07,Netherlands,Finance,Mid-Market
C06123,Vertex 6123,2025-10-20,India,Media,Mid-Market
C06124,Cloud 6124,2025-06-11,India,Healthcare,SMB
C06125,Vertex 6125,2025-02-20,Germany,Consulting,Mid-Market
C06126,Orbit 6126,2025-03-31,Australia,Technology,SMB
C06127,Nexa 6127,2025-03-02,Singapore,Marketing,Startup
C06128,Pulse 6128,2025-11-19,USA,Finance,Mid-Market
C06129,Apex 6129,2025-04-27,USA,Technology,Mid-Market
C06130,Blue 6130,2025-05-17,USA,Healthcare,SMB
C06131,Bright 6131,2025-01-26,India,Technology,Startup
C06132,Vertex 6132,2025-06-12,Australia,Media,SMB
C06133,Nova 6133,2025-11-30,USA,Consulting,Mid-Market
C06134,Vertex 6134,2025-05-30,India,Consulting,SMB
C06135,Apex 6135,2025-08-26,USA,Healthcare,SMB
C06136,Apex 6136,2025-03-08,Canada,Finance,SMB
C06137,Core 6137,2025-02-22,Singapore,Finance,SMB
C06138,Vertex 6138,2025-09-25,India,Technology,Startup
C06139,Cloud 6139,2025-01-24,India,Marketing,Mid-Market
C06140,Blue 6140,2025-06-13,Netherlands,Consulting,Startup
C06141,Nova 6141,2025-04-26,UK,Technology,SMB
C06142,Apex 6142,2025-01-06,USA,Technology,Mid-Market
C06143,Vertex 6143,2025-07-13,India,Technology,SMB
C06144,Orbit 6144,2025-12-18,Netherlands,Healthcare,Mid-Market
C06145,Blue 6145,2025-01-26,Canada,Technology,Startup
C06146,Cloud 6146,2025-10-25,India,Healthcare,SMB
C06147,Bright 6147,2025-07-16,India,Technology,Mid-Market
C06148,Apex 6148,2025-09-22,India,Technology,Mid-Market
C06149,Pulse 6149,2025-02-05,USA,Consulting,SMB
C06150,Blue 6150,2025-11-14,India,Media,Startup
C06151,Nova 6151,2025-01-05,India,Technology,Startup
C06152,Apex 6152,2025-11-27,India,Technology,Mid-Market
C06153,Pulse 6153,2025-08-29,USA,Finance,SMB
C06154,Nova 6154,2025-05-04,UK,Consulting,Startup
C06155,Core 6155,2025-01-03,USA,Marketing,SMB
C06156,Cloud 6156,2025-08-11,Australia,Marketing,Startup
C06157,Orbit 6157,2025-02-01,USA,Marketing,Startup
C06158,Blue 6158,2025-08-11,Singapore,Media,Enterprise
C06159,Nexa 6159,2025-10-10,Singapore,Technology,SMB
C06160,Blue 6160,2025-04-08,Netherlands,Technology,Startup
C06161,Nexa 6161,2025-03-29,India,Healthcare,Mid-Market
C06162,Cloud 6162,2025-03-23,USA,Marketing,Enterprise
C06163,Nexa 6163,2025-03-24,Germany,Technology,Mid-Market
C06164,Nexa 6164,2025-02-11,India,Retail,Mid-Market
C06165,Bright 6165,2025-04-02,India,Education,Enterprise
C06166,Nova 6166,2025-08-29,India,Media,Startup
C06167,Nexa 6167,2025-04-21,Germany,Media,Mid-Market
C06168,Orbit 6168,2025-10-13,Australia,Marketing,SMB
C06169,Pulse 6169,2025-10-27,USA,Retail,Startup
C06170,Vertex 6170,2025-10-05,Singapore,Consulting,Startup
C06171,Orbit 6171,2025-07-16,Australia,Finance,Startup
C06172,Core 6172,2025-04-26,India,Education,Mid-Market
C06173,Core 6173,2025-12-06,USA,Media,Mid-Market
C06174,Blue 6174,2025-03-16,India,Consulting,Startup
C06175,Cloud 6175,2025-06-19,Singapore,Education,Mid-Market
C06176,Vertex 6176,2025-06-15,Canada,Technology,Mid-Market
C06177,Orbit 6177,2025-09-30,Germany,Retail,Startup
C06178,Apex 6178,2025-07-19,Germany,Healthcare,Mid-Market
C06179,Cloud 6179,2025-10-19,USA,Education,Startup
C06180,Vertex 6180,2025-12-02,Singapore,Education,Startup
C06181,Vertex 6181,2025-05-23,Singapore,Marketing,SMB
C06182,Bright 6182,2025-11-16,Canada,Technology,Enterprise
C06183,Pulse 6183,2025-03-03,USA,Education,Startup
C06184,Nova 6184,2025-12-01,India,Finance,SMB
C06185,Vertex 6185,2025-03-06,India,Finance,SMB
C06186,Cloud 6186,2025-11-07,India,Technology,Mid-Market
C06187,Core 6187,2025-05-23,UK,Marketing,Enterprise
C06188,Blue 6188,2025-12-19,Australia,Technology,SMB
C06189,Apex 6189,2025-02-17,Netherlands,Finance,Mid-Market
C06190,Nova 6190,2025-06-19,India,Retail,SMB
C06191,Nova 6191,2025-11-26,USA,Healthcare,Startup
C06192,Core 6192,2025-01-18,India,Retail,SMB
C06193,Apex 6193,2025-04-07,Netherlands,Marketing,SMB
C06194,Nova 6194,2025-01-31,Canada,Technology,Mid-Market
C06195,Core 6195,2025-04-28,UK,Consulting,Startup
C06196,Orbit 6196,2025-05-23,UK,Finance,Startup
C06197,Bright 6197,2025-08-14,UK,Media,Enterprise
C06198,Apex 6198,2025-04-05,USA,Finance,Enterprise
C06199,Cloud 6199,2025-02-27,India,Consulting,SMB
C06200,Blue 6200,2025-03-04,USA,Marketing,Mid-Market
C06201,Pulse 6201,2025-12-09,USA,Retail,Enterprise
C06202,Vertex 6202,2025-12-14,UK,Technology,Startup
C06203,Pulse 6203,2025-03-22,USA,Education,SMB
C06204,Vertex 6204,2025-03-13,Canada,Technology,Startup
C06205,Apex 6205,2025-01-20,UK,Consulting,Mid-Market
C06206,Pulse 6206,2025-12-17,UK,Technology,Startup
C06207,Nova 6207,2025-09-15,Netherlands,Healthcare,Mid-Market
C06208,Pulse 6208,2025-10-05,USA,Education,Startup
C06209,Cloud 6209,2025-04-17,Germany,Healthcare,SMB
C06210,Nexa 6210,2025-08-22,India,Consulting,Mid-Market
C06211,Apex 6211,2025-01-22,Canada,Education,Startup
C06212,Nova 6212,2025-09-04,UK,Technology,Enterprise
C06213,Pulse 6213,2025-07-31,India,Consulting,Startup
C06214,Cloud 6214,2025-05-01,India,Healthcare,SMB
C06215,Blue 6215,2025-09-17,Canada,Marketing,Mid-Market
C06216,Core 6216,2025-08-24,Germany,Technology,Startup
C06217,Vertex 6217,2025-06-10,Germany,Healthcare,SMB
C06218,Nexa 6218,2025-03-10,USA,Consulting,SMB
C06219,Bright 6219,2025-01-09,Germany,Retail,SMB
C06220,Nexa 6220,2025-12-09,UK,Media,Mid-Market
C06221,Orbit 6221,2025-04-13,India,Education,SMB
C06222,Cloud 6222,2025-04-21,UK,Technology,Startup
C06223,Nexa 6223,2025-09-06,UK,Healthcare,Startup
C06224,Cloud 6224,2025-04-04,Australia,Technology,Enterprise
C06225,Blue 6225,2025-05-18,USA,Education,SMB
C06226,Blue 6226,2025-09-17,USA,Technology,Startup
C06227,Vertex 6227,2025-08-06,Netherlands,Media,Startup
C06228,Pulse 6228,2025-08-28,Singapore,Technology,Mid-Market
C06229,Blue 6229,2025-01-02,USA,Technology,SMB
C06230,Vertex 6230,2025-06-14,Singapore,Retail,Startup
C06231,Pulse 6231,2025-06-23,India,Technology,Mid-Market
C06232,Blue 6232,2025-08-19,Australia,Technology,Enterprise
C06233,Cloud 6233,2025-02-25,India,Marketing,Mid-Market
C06234,Orbit 6234,2025-02-28,USA,Media,SMB
C06235,Pulse 6235,2025-10-06,Netherlands,Finance,SMB
C06236,Bright 6236,2025-09-03,India,Healthcare,Startup
C06237,Cloud 6237,2025-10-24,Australia,Technology,SMB
C06238,Bright 6238,2025-04-09,UK,Marketing,SMB
C06239,Bright 6239,2025-12-31,India,Finance,Startup
C06240,Pulse 6240,2025-04-10,Netherlands,Marketing,SMB
C06241,Bright 6241,2025-08-26,UK,Healthcare,SMB
C06242,Bright 6242,2025-03-01,Singapore,Retail,Mid-Market
C06243,Blue 6243,2025-12-02,Australia,Education,Startup
C06244,Orbit 6244,2025-05-02,India,Education,Mid-Market
C06245,Blue 6245,2025-10-20,USA,Marketing,SMB
C06246,Pulse 6246,2025-05-01,USA,Finance,SMB
C06247,Core 6247,2025-10-16,UK,Finance,Enterprise
C06248,Vertex 6248,2025-06-15,India,Marketing,Startup
C06249,Blue 6249,2025-01-23,USA,Technology,Mid-Market
C06250,Blue 6250,2025-03-11,Australia,Technology,Mid-Market
C06251,Nova 6251,2025-09-07,India,Healthcare,Enterprise
C06252,Bright 6252,2025-03-12,Canada,Technology,SMB
C06253,Apex 6253,2025-04-11,USA,Technology,Startup
C06254,Apex 6254,2025-07-17,India,Marketing,Startup
C06255,Pulse 6255,2025-04-03,India,Consulting,Mid-Market
C06256,Nexa 6256,2025-02-17,India,Technology,Startup
C06257,Cloud 6257,2025-08-16,Germany,Consulting,SMB
C06258,Nexa 6258,2025-09-09,India,Technology,Enterprise
C06259,Blue 6259,2025-09-25,Australia,Media,SMB
C06260,Apex 6260,2025-12-11,Australia,Marketing,Startup
C06261,Blue 6261,2025-02-15,India,Healthcare,Mid-Market
C06262,Nexa 6262,2025-06-05,Singapore,Education,Startup
C06263,Blue 6263,2025-03-27,Netherlands,Healthcare,SMB
C06264,Blue 6264,2025-11-25,India,Healthcare,Startup
C06265,Nova 6265,2025-07-17,Netherlands,Healthcare,SMB
C06266,Core 6266,2025-02-05,USA,Media,Startup
C06267,Vertex 6267,2025-09-10,Germany,Retail,Mid-Market
C06268,Core 6268,2025-01-16,India,Marketing,SMB
C06269,Core 6269,2025-04-11,Australia,Retail,SMB
C06270,Cloud 6270,2025-09-21,Australia,Technology,Enterprise
C06271,Nova 6271,2025-07-04,Netherlands,Marketing,Mid-Market
C06272,Apex 6272,2025-10-05,Netherlands,Healthcare,SMB
C06273,Bright 6273,2025-07-28,India,Finance,Enterprise
C06274,Orbit 6274,2025-11-04,Germany,Retail,Startup
C06275,Nova 6275,2025-07-25,USA,Retail,SMB
C06276,Nova 6276,2025-01-21,India,Retail,Enterprise
C06277,Apex 6277,2025-01-27,India,Education,SMB
C06278,Pulse 6278,2025-10-11,Singapore,Healthcare,SMB
C06279,Bright 6279,2025-01-15,Germany,Consulting,Mid-Market
C06280,Bright 6280,2025-05-18,India,Technology,Startup
C06281,Vertex 6281,2025-01-06,Netherlands,Retail,Startup
C06282,Cloud 6282,2025-04-21,Australia,Technology,Mid-Market
C06283,Cloud 6283,2025-08-06,USA,Consulting,Startup
C06284,Cloud 6284,2025-03-05,USA,Education,Startup
C06285,Bright 6285,2025-06-20,Canada,Technology,SMB
C06286,Cloud 6286,2025-12-30,Germany,Technology,SMB
C06287,Nexa 6287,2025-01-26,USA,Healthcare,SMB
C06288,Bright 6288,2025-01-24,UK,Finance,Mid-Market
C06289,Pulse 6289,2025-04-10,India,Retail,SMB
C06290,Nexa 6290,2025-10-29,UK,Technology,Mid-Market
C06291,Nexa 6291,2025-05-29,USA,Healthcare,Startup
C06292,Orbit 6292,2025-08-22,USA,Finance,SMB
C06293,Blue 6293,2025-01-13,USA,Technology,Enterprise
C06294,Cloud 6294,2025-09-26,Germany,Finance,SMB
C06295,Blue 6295,2025-01-25,USA,Retail,Startup
C06296,Cloud 6296,2025-09-17,USA,Consulting,Enterprise
C06297,Vertex 6297,2025-02-23,India,Retail,SMB
C06298,Core 6298,2025-11-10,Netherlands,Healthcare,SMB
C06299,Core 6299,2025-04-19,India,Finance,Startup
C06300,Nova 6300,2025-03-09,USA,Technology,SMB
C06301,Orbit 6301,2025-05-03,India,Marketing,Startup
C06302,Orbit 6302,2025-01-01,Canada,Technology,SMB
C06303,Cloud 6303,2025-03-02,USA,Technology,Mid-Market
C06304,Orbit 6304,2025-08-07,USA,Marketing,SMB
C06305,Nexa 6305,2025-04-20,Singapore,Technology,Startup
C06306,Orbit 6306,2025-05-10,Canada,Marketing,Startup
C06307,Orbit 6307,2025-10-22,UK,Marketing,Mid-Market
C06308,Core 6308,2025-02-15,USA,Consulting,Enterprise
C06309,Cloud 6309,2025-05-25,Netherlands,Healthcare,Startup
C06310,Nexa 6310,2025-03-09,Netherlands,Education,SMB
C06311,Bright 6311,2025-06-26,Canada,Finance,SMB
C06312,Blue 6312,2025-05-02,Canada,Technology,Mid-Market
C06313,Cloud 6313,2025-01-17,Singapore,Finance,Enterprise
C06314,Core 6314,2025-01-26,Netherlands,Technology,Mid-Market
C06315,Nexa 6315,2025-11-08,India,Healthcare,Startup
C06316,Cloud 6316,2025-01-21,Netherlands,Consulting,Mid-Market
C06317,Pulse 6317,2025-10-13,Canada,Consulting,Mid-Market
C06318,Cloud 6318,2025-12-01,UK,Technology,SMB
C06319,Cloud 6319,2025-06-20,USA,Technology,SMB
C06320,Bright 6320,2025-04-24,USA,Technology,Startup
C06321,Nexa 6321,2025-10-11,Australia,Media,SMB
C06322,Bright 6322,2025-12-25,Germany,Finance,Mid-Market
C06323,Orbit 6323,2025-02-13,India,Healthcare,Startup
C06324,Orbit 6324,2025-12-18,Germany,Technology,Mid-Market
C06325,Vertex 6325,2025-12-11,India,Consulting,Startup
C06326,Cloud 6326,2025-02-22,UK,Healthcare,Startup
C06327,Bright 6327,2025-01-20,UK,Technology,SMB
C06328,Cloud 6328,2025-09-18,Germany,Healthcare,Startup
C06329,Blue 6329,2025-01-29,India,Consulting,Mid-Market
C06330,Bright 6330,2025-08-08,India,Healthcare,SMB
C06331,Apex 6331,2025-01-24,USA,Media,Mid-Market
C06332,Nexa 6332,2025-09-10,Germany,Retail,Enterprise
C06333,Pulse 6333,2025-03-26,Singapore,Marketing,SMB
C06334,Nexa 6334,2025-02-05,Canada,Media,Startup
C06335,Orbit 6335,2025-01-25,Canada,Consulting,Mid-Market
C06336,Blue 6336,2025-03-10,USA,Finance,Startup
C06337,Core 6337,2025-07-17,India,Consulting,Startup
C06338,Cloud 6338,2025-01-28,Singapore,Marketing,Mid-Market
C06339,Vertex 6339,2025-10-20,UK,Marketing,Startup
C06340,Bright 6340,2025-08-09,India,Marketing,SMB
C06341,Core 6341,2025-04-19,UK,Consulting,Startup
C06342,Blue 6342,2025-12-27,Germany,Retail,Mid-Market
C06343,Pulse 6343,2025-08-29,USA,Finance,SMB
C06344,Nexa 6344,2025-09-03,India,Education,SMB
C06345,Cloud 6345,2025-03-05,Germany,Education,SMB
C06346,Orbit 6346,2025-09-17,India,Retail,Startup
C06347,Vertex 6347,2025-07-24,USA,Healthcare,Startup
C06348,Orbit 6348,2025-12-26,Australia,Technology,Mid-Market
C06349,Vertex 6349,2025-06-24,Netherlands,Technology,Mid-Market
C06350,Nova 6350,2025-09-05,USA,Technology,Mid-Market
C06351,Blue 6351,2025-05-05,India,Technology,Mid-Market
C06352,Core 6352,2025-01-15,UK,Finance,SMB
C06353,Nexa 6353,2025-02-16,USA,Technology,SMB
C06354,Nexa 6354,2025-11-13,Singapore,Retail,Mid-Market
C06355,Cloud 6355,2025-09-27,Canada,Finance,Startup
C06356,Orbit 6356,2025-05-14,USA,Finance,SMB
C06357,Pulse 6357,2025-09-12,Canada,Consulting,Startup
C06358,Orbit 6358,2025-01-02,USA,Finance,SMB
C06359,Cloud 6359,2025-01-14,UK,Consulting,Mid-Market
C06360,Bright 6360,2025-07-05,Singapore,Consulting,SMB
C06361,Core 6361,2025-08-17,India,Finance,Mid-Market
C06362,Cloud 6362,2025-12-09,USA,Healthcare,Enterprise
C06363,Blue 6363,2025-10-05,Singapore,Finance,Enterprise
C06364,Pulse 6364,2025-04-04,USA,Healthcare,Mid-Market
C06365,Core 6365,2025-10-25,USA,Marketing,Mid-Market
C06366,Orbit 6366,2025-06-29,India,Finance,SMB
C06367,Cloud 6367,2025-10-29,USA,Healthcare,Mid-Market
C06368,Nova 6368,2025-03-05,UK,Marketing,Mid-Market
C06369,Orbit 6369,2025-01-10,USA,Technology,Enterprise
C06370,Bright 6370,2025-01-22,USA,Technology,SMB
C06371,Vertex 6371,2025-12-28,USA,Marketing,SMB
C06372,Blue 6372,2025-01-30,Germany,Technology,Mid-Market
C06373,Blue 6373,2025-12-09,Singapore,Education,Mid-Market
C06374,Bright 6374,2025-09-23,Germany,Retail,Startup
C06375,Nexa 6375,2025-02-23,Germany,Consulting,SMB
C06376,Apex 6376,2025-11-12,Australia,Finance,SMB
C06377,Apex 6377,2025-02-22,India,Healthcare,SMB
C06378,Nexa 6378,2025-02-22,USA,Education,Enterprise
C06379,Apex 6379,2025-07-30,India,Education,SMB
C06380,Core 6380,2025-04-16,USA,Media,Mid-Market
C06381,Vertex 6381,2025-04-17,Netherlands,Marketing,SMB
C06382,Nexa 6382,2025-03-13,USA,Finance,Startup
C06383,Blue 6383,2025-08-10,Australia,Finance,SMB
C06384,Core 6384,2025-01-10,India,Retail,SMB
C06385,Nova 6385,2025-03-31,USA,Education,Mid-Market
C06386,Vertex 6386,2025-07-22,USA,Retail,SMB
C06387,Nexa 6387,2025-06-27,India,Consulting,SMB
C06388,Blue 6388,2025-09-13,USA,Media,SMB
C06389,Core 6389,2025-03-20,Germany,Marketing,Enterprise
C06390,Blue 6390,2025-08-25,UK,Media,Startup
C06391,Vertex 6391,2025-10-05,Australia,Retail,Startup
C06392,Orbit 6392,2025-05-22,Singapore,Retail,SMB
C06393,Pulse 6393,2025-04-04,UK,Media,Mid-Market
C06394,Nexa 6394,2025-07-22,Netherlands,Marketing,SMB
C06395,Pulse 6395,2025-07-31,India,Consulting,Startup
C06396,Cloud 6396,2025-02-04,USA,Marketing,SMB
C06397,Apex 6397,2025-07-26,USA,Consulting,Startup
C06398,Apex 6398,2025-02-26,UK,Consulting,Startup
C06399,Blue 6399,2025-07-27,UK,Consulting,SMB
C06400,Cloud 6400,2025-12-07,UK,Healthcare,Startup
C06401,Bright 6401,2025-07-16,Singapore,Consulting,SMB
C06402,Nova 6402,2025-10-05,USA,Retail,Mid-Market
C06403,Vertex 6403,2025-04-24,Australia,Education,Startup
C06404,Blue 6404,2025-12-03,UK,Healthcare,SMB
C06405,Core 6405,2025-10-24,UK,Retail,SMB
C06406,Cloud 6406,2025-12-01,USA,Consulting,Startup
C06407,Pulse 6407,2025-09-28,USA,Healthcare,Mid-Market
C06408,Orbit 6408,2025-08-26,USA,Marketing,Startup
C06409,Blue 6409,2025-07-11,Canada,Education,Enterprise
C06410,Bright 6410,2025-12-05,USA,Education,SMB
C06411,Blue 6411,2025-11-06,India,Finance,Startup
C06412,Bright 6412,2025-06-02,Canada,Finance,Enterprise
C06413,Pulse 6413,2025-02-01,Germany,Retail,SMB
C06414,Bright 6414,2025-01-02,Netherlands,Media,Startup
C06415,Nexa 6415,2025-03-27,UK,Healthcare,SMB
C06416,Bright 6416,2025-01-23,Germany,Retail,SMB
C06417,Core 6417,2025-03-19,USA,Healthcare,Mid-Market
C06418,Nexa 6418,2025-02-09,Germany,Technology,Mid-Market
C06419,Cloud 6419,2025-12-25,USA,Consulting,Enterprise
C06420,Blue 6420,2025-02-04,India,Technology,Enterprise
C06421,Pulse 6421,2025-08-17,Netherlands,Technology,Startup
C06422,Apex 6422,2025-05-09,Canada,Media,Enterprise
C06423,Vertex 6423,2025-03-05,Germany,Marketing,Startup
C06424,Blue 6424,2025-09-13,UK,Finance,Enterprise
C06425,Pulse 6425,2025-12-21,Canada,Marketing,Startup
C06426,Nexa 6426,2025-10-16,India,Marketing,Startup
C06427,Core 6427,2025-12-22,USA,Education,SMB
C06428,Nexa 6428,2025-08-04,India,Finance,Startup
C06429,Cloud 6429,2025-09-03,India,Healthcare,Mid-Market
C06430,Cloud 6430,2025-02-23,India,Marketing,Startup
C06431,Nova 6431,2025-11-08,Canada,Education,SMB
C06432,Nova 6432,2025-09-30,India,Retail,Enterprise
C06433,Pulse 6433,2025-04-03,Australia,Healthcare,SMB
C06434,Core 6434,2025-05-10,Singapore,Retail,SMB
C06435,Vertex 6435,2025-08-11,India,Media,Enterprise
C06436,Orbit 6436,2025-01-05,Canada,Finance,Startup
C06437,Vertex 6437,2025-10-26,USA,Technology,SMB
C06438,Apex 6438,2025-04-13,Singapore,Marketing,Startup
C06439,Pulse 6439,2025-01-28,UK,Retail,Startup
C06440,Core 6440,2025-05-01,USA,Technology,Startup
C06441,Blue 6441,2025-11-02,USA,Technology,SMB
C06442,Bright 6442,2025-04-11,Singapore,Education,Startup
C06443,Blue 6443,2025-07-16,India,Consulting,Mid-Market
C06444,Pulse 6444,2025-10-24,Australia,Technology,Mid-Market
C06445,Bright 6445,2025-01-13,India,Finance,SMB
C06446,Bright 6446,2025-10-05,Germany,Technology,SMB
C06447,Vertex 6447,2025-04-16,USA,Media,Startup
C06448,Blue 6448,2025-09-11,India,Education,Mid-Market
C06449,Cloud 6449,2025-03-10,India,Healthcare,SMB
C06450,Cloud 6450,2025-02-20,USA,Retail,Mid-Market
C06451,Apex 6451,2025-10-15,Canada,Marketing,SMB
C06452,Vertex 6452,2025-10-22,Canada,Retail,Mid-Market
C06453,Core 6453,2025-12-25,India,Technology,SMB
C06454,Nexa 6454,2025-09-05,USA,Technology,SMB
C06455,Vertex 6455,2025-06-20,India,Healthcare,SMB
C06456,Vertex 6456,2025-03-13,Canada,Technology,SMB
C06457,Nova 6457,2025-04-18,Australia,Retail,SMB
C06458,Blue 6458,2025-08-25,Singapore,Marketing,Mid-Market
C06459,Apex 6459,2025-05-07,Singapore,Finance,Startup
C06460,Nexa 6460,2025-06-26,USA,Consulting,Enterprise
C06461,Vertex 6461,2025-03-03,USA,Marketing,Enterprise
C06462,Cloud 6462,2025-06-10,Singapore,Marketing,Startup
C06463,Orbit 6463,2025-03-28,India,Technology,Startup
C06464,Cloud 6464,2025-02-10,India,Media,SMB
C06465,Nexa 6465,2025-02-18,USA,Education,Startup
C06466,Blue 6466,2025-07-09,Canada,Retail,Startup
C06467,Bright 6467,2025-05-14,Germany,Consulting,SMB
C06468,Nexa 6468,2025-02-06,Netherlands,Marketing,SMB
C06469,Blue 6469,2025-07-07,USA,Technology,Startup
C06470,Core 6470,2025-03-01,USA,Education,Enterprise
C06471,Nova 6471,2025-01-06,USA,Technology,Startup
C06472,Vertex 6472,2025-02-18,Canada,Media,Startup
C06473,Blue 6473,2025-06-13,India,Finance,Startup
C06474,Blue 6474,2025-12-15,Netherlands,Finance,Enterprise
C06475,Bright 6475,2025-03-30,UK,Marketing,Mid-Market
C06476,Orbit 6476,2025-04-14,Canada,Marketing,Startup
C06477,Orbit 6477,2025-03-30,Australia,Education,Mid-Market
C06478,Nexa 6478,2025-05-10,USA,Consulting,Startup
C06479,Pulse 6479,2025-09-19,Canada,Consulting,Startup
C06480,Bright 6480,2025-04-28,USA,Retail,Startup
C06481,Core 6481,2025-08-29,Australia,Healthcare,Mid-Market
C06482,Nova 6482,2025-11-24,Australia,Marketing,SMB
C06483,Nova 6483,2025-12-12,UK,Retail,SMB
C06484,Blue 6484,2025-07-25,India,Finance,Startup
C06485,Vertex 6485,2025-09-18,Netherlands,Finance,Enterprise
C06486,Blue 6486,2025-12-02,Netherlands,Technology,Enterprise
C06487,Cloud 6487,2025-10-15,Germany,Consulting,Startup
C06488,Bright 6488,2025-04-20,Netherlands,Education,SMB
C06489,Nova 6489,2025-02-18,UK,Finance,Mid-Market
C06490,Blue 6490,2025-02-11,USA,Technology,Enterprise
C06491,Bright 6491,2025-11-18,USA,Technology,SMB
C06492,Vertex 6492,2025-07-23,India,Marketing,Startup
C06493,Apex 6493,2025-04-19,UK,Technology,SMB
C06494,Vertex 6494,2025-05-07,Germany,Consulting,SMB
C06495,Pulse 6495,2025-04-13,India,Media,SMB
C06496,Nova 6496,2025-10-20,USA,Consulting,Startup
C06497,Apex 6497,2025-08-12,Canada,Retail,Mid-Market
C06498,Bright 6498,2025-11-17,Australia,Media,Mid-Market
C06499,Nova 6499,2025-04-21,Netherlands,Consulting,SMB
C06500,Nova 6500,2025-06-22,USA,Marketing,SMB
C06501,Orbit 6501,2025-02-14,Australia,Consulting,SMB
C06502,Bright 6502,2025-12-21,India,Marketing,SMB
C06503,Vertex 6503,2025-07-06,India,Healthcare,Startup
C06504,Vertex 6504,2025-07-21,Canada,Technology,SMB
C06505,Core 6505,2025-05-31,USA,Education,SMB
C06506,Pulse 6506,2025-04-09,Australia,Retail,Enterprise
C06507,Nexa 6507,2025-12-13,USA,Education,Startup
C06508,Core 6508,2025-06-28,India,Healthcare,SMB
C06509,Nova 6509,2025-09-04,UK,Marketing,SMB
C06510,Nexa 6510,2025-01-14,India,Consulting,Mid-Market
C06511,Pulse 6511,2025-04-11,USA,Consulting,SMB
C06512,Cloud 6512,2025-10-21,India,Marketing,Startup
C06513,Orbit 6513,2025-02-02,USA,Finance,SMB
C06514,Pulse 6514,2025-02-07,Canada,Healthcare,Startup
C06515,Nexa 6515,2025-10-23,India,Retail,SMB
C06516,Cloud 6516,2025-04-23,Germany,Technology,Mid-Market
C06517,Nexa 6517,2025-04-10,UK,Retail,SMB
C06518,Pulse 6518,2025-07-26,UK,Technology,SMB
C06519,Nova 6519,2025-03-13,UK,Media,Startup
C06520,Orbit 6520,2025-01-16,Germany,Healthcare,SMB
C06521,Orbit 6521,2025-01-02,Australia,Consulting,Enterprise
C06522,Bright 6522,2025-01-29,India,Consulting,SMB
C06523,Nova 6523,2025-02-27,Australia,Consulting,Mid-Market
C06524,Nova 6524,2025-09-12,India,Consulting,SMB
C06525,Pulse 6525,2025-04-19,UK,Technology,Mid-Market
C06526,Core 6526,2025-01-27,UK,Finance,SMB
C06527,Apex 6527,2025-01-06,India,Technology,Enterprise
C06528,Blue 6528,2025-06-24,India,Education,Startup
C06529,Blue 6529,2025-11-03,India,Education,Startup
C06530,Nexa 6530,2025-05-04,India,Finance,Startup
C06531,Orbit 6531,2025-01-24,UK,Consulting,SMB
C06532,Blue 6532,2025-03-25,India,Finance,SMB
C06533,Nexa 6533,2025-07-02,Australia,Finance,SMB
C06534,Blue 6534,2025-03-10,Singapore,Healthcare,Startup
C06535,Blue 6535,2025-12-24,USA,Consulting,SMB
C06536,Vertex 6536,2025-10-06,India,Technology,Startup
C06537,Nexa 6537,2025-05-06,USA,Retail,Mid-Market
C06538,Pulse 6538,2025-12-14,Singapore,Education,Startup
C06539,Core 6539,2025-04-29,USA,Marketing,SMB
C06540,Bright 6540,2025-02-21,India,Technology,SMB
C06541,Core 6541,2025-12-09,Netherlands,Consulting,SMB
C06542,Apex 6542,2025-12-17,UK,Retail,Mid-Market
C06543,Bright 6543,2025-04-25,USA,Marketing,Enterprise
C06544,Vertex 6544,2025-08-06,Singapore,Finance,SMB
C06545,Bright 6545,2025-03-05,Singapore,Healthcare,SMB
C06546,Blue 6546,2025-08-23,UK,Healthcare,Startup
C06547,Pulse 6547,2025-09-09,USA,Finance,SMB
C06548,Pulse 6548,2025-09-17,UK,Consulting,SMB
C06549,Core 6549,2025-07-27,India,Finance,Mid-Market
C06550,Cloud 6550,2025-09-15,USA,Consulting,SMB
C06551,Nexa 6551,2025-07-22,India,Healthcare,SMB
C06552,Bright 6552,2025-10-27,Germany,Education,Enterprise
C06553,Core 6553,2025-03-07,Canada,Media,Startup
C06554,Apex 6554,2025-06-26,Netherlands,Healthcare,Mid-Market
C06555,Core 6555,2025-06-01,Australia,Technology,SMB
C06556,Pulse 6556,2025-07-14,India,Marketing,Startup
C06557,Pulse 6557,2025-02-21,India,Marketing,Startup
C06558,Blue 6558,2025-04-29,UK,Consulting,SMB
C06559,Pulse 6559,2025-12-15,USA,Retail,Startup
C06560,Bright 6560,2025-02-08,India,Consulting,Mid-Market
C06561,Orbit 6561,2025-08-20,Canada,Media,SMB
C06562,Apex 6562,2025-08-31,USA,Finance,SMB
C06563,Nova 6563,2025-06-23,India,Technology,Mid-Market
C06564,Orbit 6564,2025-01-13,UK,Finance,Startup
C06565,Apex 6565,2025-01-13,Netherlands,Education,Startup
C06566,Bright 6566,2025-04-11,Germany,Technology,SMB
C06567,Vertex 6567,2025-02-07,India,Technology,SMB
C06568,Orbit 6568,2025-02-04,UK,Media,SMB
C06569,Orbit 6569,2025-02-28,Singapore,Finance,SMB
C06570,Vertex 6570,2025-03-11,India,Technology,Mid-Market
C06571,Nexa 6571,2025-11-03,Germany,Finance,Mid-Market
C06572,Vertex 6572,2025-08-22,Canada,Technology,SMB
C06573,Vertex 6573,2025-01-12,Canada,Technology,Mid-Market
C06574,Apex 6574,2025-08-18,India,Finance,Startup
C06575,Bright 6575,2025-02-19,Singapore,Finance,SMB
C06576,Blue 6576,2025-06-03,USA,Consulting,SMB
C06577,Nova 6577,2025-01-14,India,Healthcare,SMB
C06578,Bright 6578,2025-02-02,India,Consulting,Startup
C06579,Pulse 6579,2025-02-18,USA,Consulting,Startup
C06580,Cloud 6580,2025-06-08,India,Consulting,Startup
C06581,Blue 6581,2025-06-19,Canada,Retail,Startup
C06582,Pulse 6582,2025-05-09,Australia,Marketing,SMB
C06583,Blue 6583,2025-08-15,India,Technology,SMB
C06584,Blue 6584,2025-09-20,Australia,Technology,Startup
C06585,Vertex 6585,2025-09-23,Netherlands,Technology,SMB
C06586,Apex 6586,2025-07-31,India,Consulting,SMB
C06587,Pulse 6587,2025-07-19,Canada,Marketing,Startup
C06588,Nova 6588,2025-06-29,Netherlands,Technology,Startup
C06589,Apex 6589,2025-03-28,Australia,Technology,SMB
C06590,Nexa 6590,2025-06-27,UK,Retail,SMB
C06591,Pulse 6591,2025-01-04,Singapore,Marketing,Mid-Market
C06592,Apex 6592,2025-12-19,Canada,Technology,Startup
C06593,Core 6593,2025-05-16,USA,Retail,SMB
C06594,Nexa 6594,2025-10-04,India,Consulting,SMB
C06595,Nova 6595,2025-12-16,UK,Healthcare,Mid-Market
C06596,Cloud 6596,2025-07-01,USA,Healthcare,Mid-Market
C06597,Blue 6597,2025-11-11,USA,Education,Startup
C06598,Nova 6598,2025-06-24,India,Finance,Enterprise
C06599,Vertex 6599,2025-02-18,Australia,Media,SMB
C06600,Bright 6600,2025-01-10,Canada,Consulting,Enterprise
C06601,Blue 6601,2025-02-19,USA,Education,Startup
C06602,Pulse 6602,2025-12-11,India,Education,SMB
C06603,Vertex 6603,2025-06-23,India,Media,SMB
C06604,Bright 6604,2025-04-27,India,Technology,Startup
C06605,Blue 6605,2025-06-12,Germany,Technology,Mid-Market
C06606,Cloud 6606,2025-04-04,India,Consulting,Startup
C06607,Orbit 6607,2025-11-14,Netherlands,Technology,Startup
C06608,Apex 6608,2025-12-31,USA,Education,Startup
C06609,Pulse 6609,2025-01-31,India,Marketing,Enterprise
C06610,Pulse 6610,2025-09-20,Australia,Finance,Enterprise
C06611,Core 6611,2025-05-03,USA,Technology,SMB
C06612,Vertex 6612,2025-01-18,USA,Consulting,SMB
C06613,Apex 6613,2025-12-03,India,Technology,Startup
C06614,Nexa 6614,2025-01-23,Germany,Technology,SMB
C06615,Apex 6615,2025-03-17,USA,Healthcare,Enterprise
C06616,Nexa 6616,2025-01-10,Australia,Technology,Mid-Market
C06617,Nexa 6617,2025-06-22,Germany,Education,Mid-Market
C06618,Bright 6618,2025-08-07,Singapore,Media,Startup
C06619,Vertex 6619,2025-04-28,Germany,Consulting,Mid-Market
C06620,Blue 6620,2025-01-27,Canada,Marketing,Enterprise
C06621,Core 6621,2025-02-12,Germany,Healthcare,Enterprise
C06622,Core 6622,2025-12-07,USA,Media,SMB
C06623,Cloud 6623,2025-10-22,Germany,Retail,Startup
C06624,Bright 6624,2025-12-08,Germany,Consulting,Enterprise
C06625,Bright 6625,2025-07-13,India,Technology,SMB
C06626,Nova 6626,2025-07-19,Germany,Technology,Startup
C06627,Vertex 6627,2025-10-14,USA,Technology,Startup
C06628,Bright 6628,2025-08-14,UK,Finance,SMB
C06629,Blue 6629,2025-06-09,India,Technology,Mid-Market
C06630,Cloud 6630,2025-04-17,India,Retail,Enterprise
C06631,Orbit 6631,2025-06-27,India,Technology,Enterprise
C06632,Orbit 6632,2025-01-24,India,Technology,SMB
C06633,Bright 6633,2025-03-12,India,Retail,Enterprise
C06634,Blue 6634,2025-09-27,India,Media,Startup
C06635,Nova 6635,2025-11-13,UK,Technology,Startup
C06636,Core 6636,2025-02-07,USA,Finance,Startup
C06637,Pulse 6637,2025-02-05,Netherlands,Consulting,Mid-Market
C06638,Bright 6638,2025-02-01,Australia,Media,Enterprise
C06639,Pulse 6639,2025-10-16,India,Education,Mid-Market
C06640,Apex 6640,2025-04-24,USA,Healthcare,Enterprise
C06641,Blue 6641,2025-04-30,USA,Education,SMB
C06642,Nova 6642,2025-01-05,USA,Consulting,Mid-Market
C06643,Nova 6643,2025-12-21,UK,Technology,SMB
C06644,Orbit 6644,2025-06-08,Germany,Healthcare,Mid-Market
C06645,Blue 6645,2025-10-19,Germany,Retail,Mid-Market
C06646,Nova 6646,2025-09-16,USA,Education,SMB
C06647,Pulse 6647,2025-02-21,Canada,Technology,Startup
C06648,Blue 6648,2025-10-20,USA,Consulting,Startup
C06649,Apex 6649,2025-07-20,Australia,Education,Mid-Market
C06650,Core 6650,2025-08-09,Netherlands,Finance,SMB
C06651,Pulse 6651,2025-03-15,USA,Finance,SMB
C06652,Cloud 6652,2025-11-06,Canada,Finance,Enterprise
C06653,Core 6653,2025-12-07,Australia,Media,SMB
C06654,Nexa 6654,2025-05-29,UK,Technology,SMB
C06655,Nova 6655,2025-02-03,India,Consulting,Mid-Market
C06656,Orbit 6656,2025-11-06,Canada,Marketing,SMB
C06657,Nexa 6657,2025-11-20,USA,Retail,SMB
C06658,Core 6658,2025-07-04,India,Media,Mid-Market
C06659,Pulse 6659,2025-07-31,Germany,Media,SMB
C06660,Apex 6660,2025-03-23,USA,Retail,SMB
C06661,Cloud 6661,2025-01-25,India,Healthcare,Startup
C06662,Vertex 6662,2025-12-11,Netherlands,Finance,Mid-Market
C06663,Nova 6663,2025-06-26,USA,Finance,SMB
C06664,Nexa 6664,2025-04-11,UK,Education,Mid-Market
C06665,Blue 6665,2025-09-11,Germany,Finance,SMB
C06666,Nova 6666,2025-01-10,India,Healthcare,Startup
C06667,Pulse 6667,2025-01-30,Canada,Technology,SMB
C06668,Orbit 6668,2025-03-30,Germany,Consulting,SMB
C06669,Vertex 6669,2025-06-14,UK,Technology,Mid-Market
C06670,Cloud 6670,2025-05-14,UK,Finance,SMB
C06671,Cloud 6671,2025-03-10,Netherlands,Marketing,SMB
C06672,Nexa 6672,2025-05-09,Singapore,Marketing,Mid-Market
C06673,Cloud 6673,2025-05-02,India,Retail,Startup
C06674,Core 6674,2025-07-11,USA,Education,Mid-Market
C06675,Bright 6675,2025-07-25,UK,Consulting,SMB
C06676,Vertex 6676,2025-11-19,Singapore,Finance,Mid-Market
C06677,Nova 6677,2025-10-22,Australia,Technology,Startup
C06678,Apex 6678,2025-04-17,USA,Consulting,Startup
C06679,Apex 6679,2025-11-26,Singapore,Technology,Mid-Market
C06680,Pulse 6680,2025-07-10,USA,Retail,SMB
C06681,Apex 6681,2025-03-10,USA,Media,Mid-Market
C06682,Vertex 6682,2025-05-05,Germany,Finance,Mid-Market
C06683,Cloud 6683,2025-09-28,USA,Consulting,Mid-Market
C06684,Orbit 6684,2025-10-27,Germany,Healthcare,SMB
C06685,Bright 6685,2025-05-17,USA,Finance,Enterprise
C06686,Nexa 6686,2025-02-27,Australia,Healthcare,Enterprise
C06687,Blue 6687,2025-03-12,Netherlands,Education,Startup
C06688,Bright 6688,2025-02-07,USA,Media,SMB
C06689,Orbit 6689,2025-09-13,UK,Finance,Enterprise
C06690,Core 6690,2025-07-03,Canada,Education,Startup
C06691,Cloud 6691,2025-06-14,India,Finance,Startup
C06692,Orbit 6692,2025-09-03,Australia,Finance,Enterprise
C06693,Bright 6693,2025-10-30,UK,Education,SMB
C06694,Nexa 6694,2025-10-18,India,Consulting,Enterprise
C06695,Pulse 6695,2025-02-20,Australia,Consulting,SMB
C06696,Vertex 6696,2025-08-04,USA,Media,SMB
C06697,Vertex 6697,2025-11-19,India,Technology,SMB
C06698,Nova 6698,2025-10-10,India,Marketing,SMB
C06699,Nova 6699,2025-05-01,Canada,Finance,Enterprise
C06700,Nova 6700,2025-05-24,Singapore,Consulting,Mid-Market
C06701,Pulse 6701,2025-11-21,USA,Technology,Enterprise
C06702,Blue 6702,2025-01-12,India,Technology,SMB
C06703,Apex 6703,2025-07-11,India,Consulting,Enterprise
C06704,Core 6704,2025-02-12,Germany,Finance,Mid-Market
C06705,Pulse 6705,2025-11-23,USA,Education,Startup
C06706,Core 6706,2025-01-15,USA,Media,SMB
C06707,Pulse 6707,2025-01-09,USA,Healthcare,Startup
C06708,Vertex 6708,2025-05-01,USA,Marketing,Startup
C06709,Orbit 6709,2025-03-15,Germany,Media,Enterprise
C06710,Orbit 6710,2025-06-30,UK,Consulting,Enterprise
C06711,Nexa 6711,2025-04-20,India,Technology,Startup
C06712,Pulse 6712,2025-05-11,UK,Consulting,Startup
C06713,Vertex 6713,2025-07-26,USA,Marketing,Startup
C06714,Nexa 6714,2025-07-24,UK,Consulting,Mid-Market
C06715,Core 6715,2025-12-08,India,Marketing,SMB
C06716,Vertex 6716,2025-06-25,India,Technology,SMB
C06717,Apex 6717,2025-07-25,UK,Consulting,SMB
C06718,Core 6718,2025-09-05,USA,Technology,Enterprise
C06719,Nova 6719,2025-03-05,Germany,Retail,Startup
C06720,Vertex 6720,2025-09-01,USA,Consulting,Startup
C06721,Core 6721,2025-11-11,India,Media,SMB
C06722,Vertex 6722,2025-04-27,Germany,Technology,Enterprise
C06723,Pulse 6723,2025-03-07,USA,Healthcare,Mid-Market
C06724,Blue 6724,2025-05-07,India,Technology,Mid-Market
C06725,Apex 6725,2025-04-11,Australia,Healthcare,Mid-Market
C06726,Apex 6726,2025-08-02,USA,Finance,Startup
C06727,Apex 6727,2025-11-12,Singapore,Marketing,Mid-Market
C06728,Bright 6728,2025-08-06,India,Healthcare,Mid-Market
C06729,Bright 6729,2025-02-15,Singapore,Media,Startup
C06730,Orbit 6730,2025-04-25,Australia,Finance,SMB
C06731,Core 6731,2025-09-09,India,Healthcare,Startup
C06732,Blue 6732,2025-05-01,UK,Education,Mid-Market
C06733,Core 6733,2025-08-03,Germany,Finance,Startup
C06734,Vertex 6734,2025-09-11,UK,Consulting,SMB
C06735,Bright 6735,2025-05-01,USA,Education,Mid-Market
C06736,Pulse 6736,2025-08-25,Netherlands,Consulting,SMB
C06737,Orbit 6737,2025-05-26,Canada,Education,Startup
C06738,Bright 6738,2025-02-19,Netherlands,Consulting,Startup
C06739,Bright 6739,2025-05-16,Australia,Media,Mid-Market
C06740,Vertex 6740,2025-06-10,Australia,Technology,Enterprise
C06741,Bright 6741,2025-01-01,Canada,Marketing,Mid-Market
C06742,Apex 6742,2025-11-22,Germany,Consulting,Startup
C06743,Apex 6743,2025-07-12,Singapore,Technology,Mid-Market
C06744,Orbit 6744,2025-01-14,Germany,Marketing,SMB
C06745,Cloud 6745,2025-11-13,India,Education,SMB
C06746,Cloud 6746,2025-11-09,UK,Technology,Startup
C06747,Core 6747,2025-01-05,India,Healthcare,Startup
C06748,Apex 6748,2025-03-01,Netherlands,Consulting,Startup
C06749,Cloud 6749,2025-05-13,Germany,Technology,SMB
C06750,Nexa 6750,2025-07-05,UK,Technology,SMB
C06751,Orbit 6751,2025-09-22,India,Consulting,SMB
C06752,Orbit 6752,2025-06-04,UK,Consulting,SMB
C06753,Cloud 6753,2025-08-12,USA,Marketing,SMB
C06754,Pulse 6754,2025-01-04,Germany,Healthcare,SMB
C06755,Vertex 6755,2025-08-29,Germany,Technology,SMB
C06756,Core 6756,2025-12-01,UK,Consulting,Startup
C06757,Apex 6757,2025-07-12,USA,Finance,Startup
C06758,Apex 6758,2025-06-16,UK,Retail,SMB
C06759,Bright 6759,2025-04-19,USA,Consulting,SMB
C06760,Apex 6760,2025-12-15,Australia,Technology,SMB
C06761,Nexa 6761,2025-01-13,Singapore,Education,SMB
C06762,Apex 6762,2025-04-15,Canada,Retail,Startup
C06763,Vertex 6763,2025-02-20,USA,Retail,Startup
C06764,Orbit 6764,2025-11-13,India,Marketing,Mid-Market
C06765,Cloud 6765,2025-06-26,Singapore,Technology,SMB
C06766,Vertex 6766,2025-12-03,Netherlands,Education,SMB
C06767,Core 6767,2025-08-31,India,Education,Startup
C06768,Bright 6768,2025-07-23,Germany,Marketing,Mid-Market
C06769,Orbit 6769,2025-07-08,USA,Finance,SMB
C06770,Vertex 6770,2025-03-15,India,Retail,SMB
C06771,Bright 6771,2025-07-25,Netherlands,Marketing,SMB
C06772,Bright 6772,2025-09-08,Singapore,Finance,SMB
C06773,Vertex 6773,2025-12-19,Netherlands,Finance,Mid-Market
C06774,Blue 6774,2025-07-20,India,Finance,Startup
C06775,Bright 6775,2025-12-09,UK,Healthcare,Startup
C06776,Orbit 6776,2025-12-11,Singapore,Technology,Startup
C06777,Orbit 6777,2025-07-10,Germany,Marketing,Enterprise
C06778,Apex 6778,2025-06-10,USA,Technology,Enterprise
C06779,Orbit 6779,2025-02-22,UK,Finance,Mid-Market
C06780,Orbit 6780,2025-04-09,India,Technology,SMB
C06781,Nova 6781,2025-11-17,Germany,Finance,Startup
C06782,Nexa 6782,2025-02-20,Australia,Healthcare,Mid-Market
C06783,Vertex 6783,2025-05-25,India,Healthcare,Startup
C06784,Apex 6784,2025-09-13,India,Consulting,Startup
C06785,Bright 6785,2025-03-29,UK,Marketing,Mid-Market
C06786,Apex 6786,2025-12-22,UK,Education,Startup
C06787,Nova 6787,2025-08-26,USA,Technology,Mid-Market
C06788,Pulse 6788,2025-01-11,India,Healthcare,Mid-Market
C06789,Apex 6789,2025-04-01,Canada,Technology,Mid-Market
C06790,Nova 6790,2025-09-28,USA,Healthcare,Mid-Market
C06791,Nova 6791,2025-11-12,Germany,Marketing,SMB
C06792,Orbit 6792,2025-12-05,UK,Consulting,SMB
C06793,Nexa 6793,2025-11-07,USA,Marketing,Mid-Market
C06794,Orbit 6794,2025-01-28,UK,Healthcare,Mid-Market
C06795,Pulse 6795,2025-09-24,Germany,Finance,Mid-Market
C06796,Pulse 6796,2025-02-10,UK,Media,Enterprise
C06797,Core 6797,2025-01-28,UK,Technology,Mid-Market
C06798,Blue 6798,2025-09-10,USA,Technology,Enterprise
C06799,Core 6799,2025-06-24,USA,Technology,Startup
C06800,Pulse 6800,2025-08-25,UK,Media,Enterprise
C06801,Apex 6801,2025-11-07,USA,Retail,Enterprise
C06802,Orbit 6802,2025-01-26,USA,Finance,Startup
C06803,Nexa 6803,2025-07-12,India,Technology,SMB
C06804,Vertex 6804,2025-11-01,Canada,Consulting,SMB
C06805,Nexa 6805,2025-06-10,India,Finance,Mid-Market
C06806,Orbit 6806,2025-07-11,Singapore,Technology,Startup
C06807,Orbit 6807,2025-07-01,Germany,Healthcare,SMB
C06808,Core 6808,2025-11-28,India,Healthcare,SMB
C06809,Nexa 6809,2025-01-19,Germany,Finance,SMB
C06810,Blue 6810,2025-11-17,USA,Education,Enterprise
C06811,Blue 6811,2025-10-25,Singapore,Consulting,SMB
C06812,Core 6812,2025-10-24,Singapore,Marketing,SMB
C06813,Cloud 6813,2025-05-31,Australia,Technology,Mid-Market
C06814,Vertex 6814,2025-07-08,UK,Technology,Startup
C06815,Cloud 6815,2025-05-15,Singapore,Retail,Startup
C06816,Pulse 6816,2025-04-02,Germany,Technology,Startup
C06817,Core 6817,2025-11-16,Singapore,Healthcare,Enterprise
C06818,Core 6818,2025-07-04,India,Technology,Mid-Market
C06819,Nexa 6819,2025-09-22,Singapore,Technology,SMB
C06820,Nexa 6820,2025-02-06,Germany,Marketing,SMB
C06821,Blue 6821,2025-10-15,USA,Technology,SMB
C06822,Nexa 6822,2025-08-29,Netherlands,Education,SMB
C06823,Vertex 6823,2025-12-31,Germany,Finance,SMB
C06824,Orbit 6824,2025-02-18,Singapore,Consulting,Startup
C06825,Bright 6825,2025-07-17,India,Marketing,Startup
C06826,Nexa 6826,2025-07-06,UK,Finance,Enterprise
C06827,Nexa 6827,2025-07-16,Canada,Consulting,SMB
C06828,Cloud 6828,2025-01-20,India,Media,Startup
C06829,Cloud 6829,2025-06-22,Canada,Technology,Enterprise
C06830,Nova 6830,2025-04-20,Germany,Education,SMB
C06831,Cloud 6831,2025-08-14,USA,Education,Mid-Market
C06832,Core 6832,2025-03-26,Germany,Education,Startup
C06833,Nexa 6833,2025-06-08,India,Technology,Enterprise
C06834,Blue 6834,2025-08-15,Australia,Technology,Startup
C06835,Blue 6835,2025-01-24,Australia,Finance,Enterprise
C06836,Core 6836,2025-10-15,UK,Technology,Mid-Market
C06837,Vertex 6837,2025-09-19,UK,Finance,Startup
C06838,Bright 6838,2025-01-21,USA,Retail,Startup
C06839,Nova 6839,2025-01-24,USA,Finance,Mid-Market
C06840,Nova 6840,2025-11-07,Singapore,Healthcare,Startup
C06841,Cloud 6841,2025-04-14,USA,Finance,Startup
C06842,Cloud 6842,2025-11-11,USA,Healthcare,Mid-Market
C06843,Nova 6843,2025-07-02,USA,Consulting,Startup
C06844,Core 6844,2025-05-05,Germany,Retail,SMB
C06845,Orbit 6845,2025-04-10,Australia,Healthcare,SMB
C06846,Nexa 6846,2025-08-29,India,Healthcare,Startup
C06847,Nexa 6847,2025-02-10,USA,Technology,SMB
C06848,Blue 6848,2025-05-27,India,Media,Startup
C06849,Vertex 6849,2025-05-07,India,Finance,Enterprise
C06850,Bright 6850,2025-02-26,USA,Finance,Startup
C06851,Bright 6851,2025-05-09,Canada,Healthcare,Mid-Market
C06852,Orbit 6852,2025-07-12,UK,Technology,Mid-Market
C06853,Orbit 6853,2025-09-05,India,Finance,Mid-Market
C06854,Pulse 6854,2025-02-01,Germany,Media,SMB
C06855,Orbit 6855,2025-11-15,Australia,Technology,Startup
C06856,Cloud 6856,2025-11-17,USA,Finance,SMB
C06857,Orbit 6857,2025-09-10,USA,Technology,Mid-Market
C06858,Blue 6858,2025-12-04,Canada,Technology,Mid-Market
C06859,Orbit 6859,2025-06-06,India,Media,Startup
C06860,Orbit 6860,2025-10-27,Australia,Education,Mid-Market
C06861,Vertex 6861,2025-09-23,Australia,Retail,Startup
C06862,Nova 6862,2025-07-25,Singapore,Retail,SMB
C06863,Cloud 6863,2025-03-07,India,Education,SMB
C06864,Nova 6864,2025-07-23,India,Marketing,Startup
C06865,Apex 6865,2025-11-25,Singapore,Marketing,Enterprise
C06866,Core 6866,2025-12-26,USA,Education,SMB
C06867,Apex 6867,2025-06-13,USA,Education,Startup
C06868,Nexa 6868,2025-04-01,UK,Marketing,Startup
C06869,Core 6869,2025-09-30,India,Healthcare,Mid-Market
C06870,Pulse 6870,2025-01-28,Germany,Education,Mid-Market
C06871,Nexa 6871,2025-02-25,Netherlands,Technology,Startup
C06872,Pulse 6872,2025-07-25,Germany,Marketing,Startup
C06873,Cloud 6873,2025-12-28,USA,Marketing,SMB
C06874,Apex 6874,2025-05-01,Netherlands,Marketing,SMB
C06875,Bright 6875,2025-06-11,Germany,Marketing,SMB
C06876,Pulse 6876,2025-04-28,India,Consulting,SMB
C06877,Apex 6877,2025-06-10,Germany,Consulting,SMB
C06878,Blue 6878,2025-01-03,India,Finance,Startup
C06879,Vertex 6879,2025-08-06,USA,Finance,SMB
C06880,Vertex 6880,2025-08-06,Germany,Technology,Startup
C06881,Pulse 6881,2025-04-26,India,Technology,Startup
C06882,Pulse 6882,2025-04-07,India,Finance,Enterprise
C06883,Nexa 6883,2025-10-05,Germany,Consulting,Startup
C06884,Bright 6884,2025-03-10,USA,Consulting,Startup
C06885,Nova 6885,2025-01-18,UK,Finance,Mid-Market
C06886,Bright 6886,2025-01-15,USA,Retail,Enterprise
C06887,Apex 6887,2025-11-18,Germany,Healthcare,Mid-Market
C06888,Apex 6888,2025-05-13,Singapore,Consulting,Startup
C06889,Blue 6889,2025-02-07,India,Healthcare,SMB
C06890,Core 6890,2025-11-17,Canada,Consulting,Mid-Market
C06891,Pulse 6891,2025-02-24,India,Finance,Mid-Market
C06892,Nova 6892,2025-05-03,USA,Technology,Startup
C06893,Vertex 6893,2025-01-08,USA,Finance,SMB
C06894,Apex 6894,2025-09-05,India,Education,Startup
C06895,Nexa 6895,2025-09-13,India,Retail,SMB
C06896,Nexa 6896,2025-10-04,Canada,Education,SMB
C06897,Cloud 6897,2025-04-07,Australia,Consulting,SMB
C06898,Vertex 6898,2025-04-30,Netherlands,Technology,SMB
C06899,Bright 6899,2025-12-09,Singapore,Consulting,Mid-Market
C06900,Pulse 6900,2025-10-27,USA,Retail,Enterprise
C06901,Blue 6901,2025-01-14,India,Healthcare,Mid-Market
C06902,Blue 6902,2025-09-10,India,Marketing,Startup
C06903,Orbit 6903,2025-10-24,UK,Technology,Mid-Market
C06904,Nova 6904,2025-07-24,Australia,Technology,Startup
C06905,Blue 6905,2025-08-22,USA,Technology,Startup
C06906,Vertex 6906,2025-01-01,India,Consulting,SMB
C06907,Cloud 6907,2025-01-11,USA,Consulting,Mid-Market
C06908,Blue 6908,2025-01-13,Singapore,Technology,Startup
C06909,Orbit 6909,2025-02-28,USA,Retail,Startup
C06910,Vertex 6910,2025-12-28,Canada,Retail,Startup
C06911,Orbit 6911,2025-08-20,USA,Marketing,SMB
C06912,Nova 6912,2025-10-13,USA,Media,Mid-Market
C06913,Bright 6913,2025-04-18,USA,Retail,SMB
C06914,Blue 6914,2025-12-09,Canada,Technology,SMB
C06915,Cloud 6915,2025-03-14,Canada,Media,Mid-Market
C06916,Core 6916,2025-11-26,USA,Healthcare,SMB
C06917,Orbit 6917,2025-01-12,USA,Technology,SMB
C06918,Nexa 6918,2025-01-08,India,Technology,SMB
C06919,Pulse 6919,2025-01-29,India,Education,Mid-Market
C06920,Orbit 6920,2025-10-17,India,Media,Mid-Market
C06921,Nova 6921,2025-04-04,India,Healthcare,Startup
C06922,Blue 6922,2025-06-14,Germany,Marketing,Mid-Market
C06923,Apex 6923,2025-06-22,Australia,Finance,SMB
C06924,Nexa 6924,2025-10-16,Canada,Retail,Enterprise
C06925,Orbit 6925,2025-05-08,Canada,Technology,SMB
C06926,Nexa 6926,2025-01-03,Netherlands,Marketing,SMB
C06927,Bright 6927,2025-05-22,Netherlands,Marketing,Startup
C06928,Core 6928,2025-04-16,USA,Technology,SMB
C06929,Cloud 6929,2025-09-24,India,Media,SMB
C06930,Nexa 6930,2025-10-02,India,Media,Mid-Market
C06931,Orbit 6931,2025-02-03,Singapore,Healthcare,Mid-Market
C06932,Orbit 6932,2025-10-17,India,Consulting,SMB
C06933,Nova 6933,2025-01-26,USA,Retail,Mid-Market
C06934,Bright 6934,2025-08-15,UK,Technology,Mid-Market
C06935,Nova 6935,2025-05-23,Germany,Technology,Enterprise
C06936,Orbit 6936,2025-04-20,UK,Education,SMB
C06937,Nexa 6937,2025-06-26,Canada,Marketing,Startup
C06938,Orbit 6938,2025-04-24,UK,Education,Enterprise
C06939,Pulse 6939,2025-10-17,Australia,Marketing,SMB
C06940,Bright 6940,2025-12-19,India,Consulting,SMB
C06941,Bright 6941,2025-10-25,Australia,Technology,SMB
C06942,Apex 6942,2025-06-10,UK,Technology,Startup
C06943,Cloud 6943,2025-07-03,India,Technology,Startup
C06944,Core 6944,2025-06-13,Netherlands,Healthcare,Startup
C06945,Core 6945,2025-10-17,Singapore,Consulting,SMB
C06946,Apex 6946,2025-07-21,Australia,Retail,SMB
C06947,Pulse 6947,2025-06-20,Singapore,Healthcare,SMB
C06948,Nova 6948,2025-05-30,USA,Marketing,Startup
C06949,Vertex 6949,2025-05-17,India,Finance,Startup
C06950,Cloud 6950,2025-07-21,India,Healthcare,SMB
C06951,Bright 6951,2025-09-09,Singapore,Media,Startup
C06952,Cloud 6952,2025-06-07,Australia,Finance,Mid-Market
C06953,Orbit 6953,2025-10-22,Netherlands,Consulting,SMB
C06954,Pulse 6954,2025-10-29,Australia,Technology,SMB
C06955,Apex 6955,2025-06-06,Germany,Finance,SMB
C06956,Apex 6956,2025-11-28,India,Education,SMB
C06957,Nova 6957,2025-03-05,India,Consulting,Startup
C06958,Cloud 6958,2025-12-07,USA,Marketing,Mid-Market
C06959,Core 6959,2025-04-18,Canada,Retail,Startup
C06960,Core 6960,2025-07-25,India,Consulting,SMB
C06961,Vertex 6961,2025-04-14,Singapore,Marketing,SMB
C06962,Nova 6962,2025-06-11,Germany,Finance,SMB
C06963,Core 6963,2025-05-05,USA,Finance,Mid-Market
C06964,Vertex 6964,2025-09-15,Singapore,Marketing,Mid-Market
C06965,Orbit 6965,2025-01-30,UK,Education,SMB
C06966,Core 6966,2025-11-02,Canada,Healthcare,Startup
C06967,Pulse 6967,2025-11-26,USA,Healthcare,Mid-Market
C06968,Orbit 6968,2025-07-25,USA,Technology,SMB
C06969,Bright 6969,2025-07-19,India,Technology,SMB
C06970,Pulse 6970,2025-09-13,UK,Healthcare,SMB
C06971,Nexa 6971,2025-03-14,Canada,Retail,SMB
C06972,Core 6972,2025-10-01,Netherlands,Consulting,Mid-Market
C06973,Orbit 6973,2025-03-21,Singapore,Media,SMB
C06974,Blue 6974,2025-09-04,India,Education,Mid-Market
C06975,Pulse 6975,2025-04-22,Netherlands,Technology,Mid-Market
C06976,Nova 6976,2025-09-30,India,Education,SMB
C06977,Cloud 6977,2025-10-16,India,Consulting,Startup
C06978,Pulse 6978,2025-03-18,Canada,Education,Startup
C06979,Vertex 6979,2025-08-14,Singapore,Marketing,Startup
C06980,Pulse 6980,2025-07-01,Netherlands,Marketing,Startup
C06981,Bright 6981,2025-04-18,Australia,Technology,Startup
C06982,Cloud 6982,2025-08-03,India,Finance,Mid-Market
C06983,Orbit 6983,2025-12-29,India,Technology,SMB
C06984,Blue 6984,2025-01-01,India,Healthcare,Startup
C06985,Core 6985,2025-12-16,UK,Retail,SMB
C06986,Apex 6986,2025-11-09,UK,Technology,Mid-Market
C06987,Nova 6987,2025-07-13,India,Technology,SMB
C06988,Core 6988,2025-08-11,USA,Consulting,Enterprise
C06989,Core 6989,2025-05-15,UK,Retail,Mid-Market
C06990,Nexa 6990,2025-02-17,Canada,Marketing,Mid-Market
C06991,Nexa 6991,2025-07-28,USA,Healthcare,Mid-Market
C06992,Orbit 6992,2025-10-25,USA,Healthcare,Mid-Market
C06993,Nova 6993,2025-03-26,Germany,Education,SMB
C06994,Vertex 6994,2025-09-19,Germany,Retail,Mid-Market
C06995,Vertex 6995,2025-10-01,USA,Technology,Startup
C06996,Blue 6996,2025-10-04,India,Retail,Startup
C06997,Nova 6997,2025-05-05,Netherlands,Education,Enterprise
C06998,Orbit 6998,2025-05-24,Canada,Consulting,SMB
C06999,Bright 6999,2025-06-01,India,Technology,Startup
C07000,Nova 7000,2025-11-08,UK,Retail,Startup
C07001,Blue 7001,2025-11-25,UK,Marketing,SMB
C07002,Nova 7002,2025-06-01,India,Finance,Mid-Market
C07003,Core 7003,2025-12-21,India,Healthcare,Mid-Market
C07004,Pulse 7004,2025-07-28,Netherlands,Finance,Startup
C07005,Pulse 7005,2025-05-21,UK,Technology,Startup
C07006,Vertex 7006,2025-01-01,India,Technology,Startup
C07007,Core 7007,2025-08-12,Australia,Finance,Mid-Market
C07008,Orbit 7008,2025-08-24,USA,Marketing,SMB
C07009,Apex 7009,2025-12-20,Germany,Education,Mid-Market
C07010,Nexa 7010,2025-09-20,USA,Consulting,SMB
C07011,Bright 7011,2025-01-11,India,Marketing,Startup
C07012,Cloud 7012,2025-07-26,India,Technology,Startup
C07013,Cloud 7013,2025-09-29,Netherlands,Healthcare,SMB
C07014,Orbit 7014,2025-07-01,Germany,Education,Mid-Market
C07015,Nexa 7015,2025-06-06,Australia,Consulting,SMB
C07016,Cloud 7016,2025-10-23,India,Finance,Enterprise
C07017,Cloud 7017,2025-08-12,Canada,Retail,Startup
C07018,Blue 7018,2025-09-06,UK,Consulting,Enterprise
C07019,Orbit 7019,2025-06-19,Germany,Retail,Startup
C07020,Core 7020,2025-04-12,USA,Education,SMB
C07021,Bright 7021,2025-07-09,Germany,Healthcare,Startup
C07022,Cloud 7022,2025-12-17,India,Media,Startup
C07023,Cloud 7023,2025-08-08,India,Retail,Startup
C07024,Orbit 7024,2025-09-16,Australia,Consulting,Startup
C07025,Pulse 7025,2025-02-15,India,Retail,SMB
C07026,Orbit 7026,2025-12-27,India,Retail,Mid-Market
C07027,Cloud 7027,2025-03-31,Singapore,Consulting,Mid-Market
C07028,Blue 7028,2025-12-21,USA,Technology,Mid-Market
C07029,Orbit 7029,2025-06-12,UK,Marketing,Mid-Market
C07030,Bright 7030,2025-12-02,Australia,Marketing,Enterprise
C07031,Nova 7031,2025-11-22,Canada,Consulting,Startup
C07032,Orbit 7032,2025-10-03,India,Marketing,Enterprise
C07033,Nexa 7033,2025-12-01,UK,Marketing,SMB
C07034,Blue 7034,2025-08-11,UK,Media,SMB
C07035,Cloud 7035,2025-11-06,USA,Healthcare,SMB
C07036,Vertex 7036,2025-03-04,Canada,Technology,Startup
C07037,Blue 7037,2025-01-26,Netherlands,Education,Startup
C07038,Orbit 7038,2025-07-18,India,Finance,SMB
C07039,Nova 7039,2025-10-23,India,Finance,Mid-Market
C07040,Vertex 7040,2025-10-07,Canada,Education,Mid-Market
C07041,Apex 7041,2025-07-12,USA,Media,Startup
C07042,Nexa 7042,2025-07-10,Australia,Finance,Startup
C07043,Cloud 7043,2025-08-11,India,Healthcare,SMB
C07044,Bright 7044,2025-11-13,India,Healthcare,SMB
C07045,Pulse 7045,2025-11-04,Germany,Education,Startup
C07046,Blue 7046,2025-02-10,Netherlands,Healthcare,SMB
C07047,Apex 7047,2025-08-06,India,Healthcare,Mid-Market
C07048,Apex 7048,2025-05-20,Australia,Education,Startup
C07049,Bright 7049,2025-10-19,USA,Media,Startup
C07050,Vertex 7050,2025-07-04,India,Finance,Startup
C07051,Nova 7051,2025-12-28,UK,Marketing,SMB
C07052,Core 7052,2025-06-07,USA,Consulting,Startup
C07053,Nova 7053,2025-09-05,Germany,Technology,SMB
C07054,Core 7054,2025-02-09,USA,Consulting,Mid-Market
C07055,Cloud 7055,2025-12-07,UK,Finance,Startup
C07056,Nexa 7056,2025-02-26,India,Technology,Startup
C07057,Blue 7057,2025-05-19,Australia,Technology,Startup
C07058,Pulse 7058,2025-11-02,Singapore,Technology,Enterprise
C07059,Pulse 7059,2025-12-20,USA,Consulting,SMB
C07060,Cloud 7060,2025-06-26,USA,Education,Mid-Market
C07061,Orbit 7061,2025-06-26,Netherlands,Consulting,Mid-Market
C07062,Nexa 7062,2025-01-18,India,Consulting,Enterprise
C07063,Apex 7063,2025-12-24,Australia,Healthcare,Mid-Market
C07064,Nova 7064,2025-01-07,UK,Media,Startup
C07065,Blue 7065,2025-01-10,Singapore,Retail,SMB
C07066,Vertex 7066,2025-06-22,USA,Finance,Enterprise
C07067,Blue 7067,2025-01-02,USA,Consulting,SMB
C07068,Blue 7068,2025-03-01,USA,Consulting,Mid-Market
C07069,Nova 7069,2025-08-18,India,Marketing,Enterprise
C07070,Pulse 7070,2025-09-15,India,Technology,SMB
C07071,Nexa 7071,2025-04-19,Netherlands,Finance,Mid-Market
C07072,Cloud 7072,2025-10-18,USA,Media,SMB
C07073,Core 7073,2025-08-10,India,Consulting,SMB
C07074,Vertex 7074,2025-03-25,USA,Consulting,Startup
C07075,Cloud 7075,2025-09-18,USA,Retail,SMB
C07076,Blue 7076,2025-08-05,UK,Technology,Enterprise
C07077,Pulse 7077,2025-10-24,India,Media,Enterprise
C07078,Vertex 7078,2025-02-26,Australia,Marketing,Startup
C07079,Vertex 7079,2025-03-26,Australia,Consulting,Mid-Market
C07080,Cloud 7080,2025-04-21,India,Finance,Startup
C07081,Nova 7081,2025-05-05,Australia,Finance,SMB
C07082,Vertex 7082,2025-11-21,USA,Finance,Enterprise
C07083,Orbit 7083,2025-09-25,USA,Finance,Enterprise
C07084,Nova 7084,2025-07-18,Singapore,Technology,SMB
C07085,Cloud 7085,2025-07-17,Singapore,Finance,SMB
C07086,Bright 7086,2025-11-20,USA,Education,SMB
C07087,Blue 7087,2025-06-13,UK,Retail,Mid-Market
C07088,Blue 7088,2025-03-24,USA,Technology,Startup
C07089,Core 7089,2025-02-19,UK,Technology,Startup
C07090,Bright 7090,2025-05-01,Germany,Marketing,Mid-Market
C07091,Orbit 7091,2025-08-27,India,Education,Startup
C07092,Orbit 7092,2025-06-21,Singapore,Marketing,Mid-Market
C07093,Core 7093,2025-06-03,Canada,Media,SMB
C07094,Pulse 7094,2025-06-25,India,Technology,Startup
C07095,Blue 7095,2025-12-22,Australia,Marketing,Startup
C07096,Orbit 7096,2025-12-31,Canada,Retail,Startup
C07097,Blue 7097,2025-02-28,USA,Marketing,Startup
C07098,Pulse 7098,2025-02-11,UK,Marketing,SMB
C07099,Pulse 7099,2025-03-31,Australia,Media,SMB
C07100,Nexa 7100,2025-11-07,Netherlands,Finance,SMB
C07101,Bright 7101,2025-06-17,USA,Technology,Mid-Market
C07102,Nexa 7102,2025-11-12,Germany,Technology,Mid-Market
C07103,Bright 7103,2025-08-25,Australia,Consulting,Mid-Market
C07104,Nexa 7104,2025-07-21,Netherlands,Retail,SMB
C07105,Cloud 7105,2025-04-13,India,Technology,Mid-Market
C07106,Pulse 7106,2025-05-06,UK,Healthcare,Startup
C07107,Orbit 7107,2025-02-23,Singapore,Marketing,Startup
C07108,Pulse 7108,2025-07-09,India,Technology,Startup
C07109,Cloud 7109,2025-04-13,USA,Retail,Mid-Market
C07110,Pulse 7110,2025-04-17,UK,Healthcare,SMB
C07111,Core 7111,2025-01-15,UK,Retail,Enterprise
C07112,Vertex 7112,2025-10-19,Canada,Consulting,Startup
C07113,Bright 7113,2025-12-09,India,Finance,SMB
C07114,Nexa 7114,2025-07-01,Canada,Consulting,Startup
C07115,Core 7115,2025-07-15,USA,Consulting,Mid-Market
C07116,Pulse 7116,2025-12-04,Australia,Finance,SMB
C07117,Apex 7117,2025-07-06,USA,Finance,SMB
C07118,Cloud 7118,2025-08-16,India,Consulting,SMB
C07119,Blue 7119,2025-06-06,Netherlands,Education,Startup
C07120,Core 7120,2025-07-07,Canada,Consulting,Mid-Market
C07121,Core 7121,2025-07-10,USA,Finance,Mid-Market
C07122,Bright 7122,2025-09-17,USA,Consulting,SMB
C07123,Apex 7123,2025-08-09,UK,Consulting,Startup
C07124,Cloud 7124,2025-07-03,Netherlands,Finance,Mid-Market
C07125,Blue 7125,2025-01-28,USA,Finance,Mid-Market
C07126,Core 7126,2025-11-27,Netherlands,Healthcare,Enterprise
C07127,Vertex 7127,2025-11-21,USA,Consulting,Startup
C07128,Cloud 7128,2025-03-09,Canada,Technology,Enterprise
C07129,Orbit 7129,2025-04-18,USA,Retail,Mid-Market
C07130,Apex 7130,2025-12-22,India,Finance,Startup
C07131,Apex 7131,2025-04-28,Singapore,Retail,Mid-Market
C07132,Bright 7132,2025-10-24,India,Technology,Startup
C07133,Nexa 7133,2025-10-14,Netherlands,Consulting,Startup
C07134,Core 7134,2025-11-11,India,Marketing,SMB
C07135,Blue 7135,2025-01-06,USA,Education,Startup
C07136,Apex 7136,2025-06-26,Singapore,Media,Startup
C07137,Core 7137,2025-07-26,Germany,Technology,Mid-Market
C07138,Nexa 7138,2025-11-02,India,Technology,Enterprise
C07139,Vertex 7139,2025-03-23,UK,Technology,Startup
C07140,Pulse 7140,2025-04-22,India,Marketing,Startup
C07141,Bright 7141,2025-03-07,Singapore,Consulting,Startup
C07142,Nexa 7142,2025-10-06,India,Technology,Startup
C07143,Pulse 7143,2025-12-31,UK,Consulting,Enterprise
C07144,Blue 7144,2025-02-21,India,Healthcare,SMB
C07145,Blue 7145,2025-03-27,Germany,Media,Mid-Market
C07146,Core 7146,2025-04-23,Singapore,Healthcare,SMB
C07147,Orbit 7147,2025-11-21,Australia,Media,Enterprise
C07148,Apex 7148,2025-06-12,USA,Marketing,SMB
C07149,Apex 7149,2025-04-13,India,Media,Enterprise
C07150,Blue 7150,2025-04-28,India,Education,SMB
C07151,Cloud 7151,2025-08-07,Singapore,Finance,Enterprise
C07152,Orbit 7152,2025-05-22,India,Consulting,SMB
C07153,Nexa 7153,2025-02-21,Germany,Marketing,Mid-Market
C07154,Nova 7154,2025-10-27,USA,Finance,SMB
C07155,Nexa 7155,2025-06-04,Netherlands,Healthcare,Mid-Market
C07156,Cloud 7156,2025-04-04,UK,Retail,SMB
C07157,Cloud 7157,2025-09-23,UK,Consulting,SMB
C07158,Nexa 7158,2025-09-30,Singapore,Technology,SMB
C07159,Nova 7159,2025-02-26,Netherlands,Retail,Startup
C07160,Vertex 7160,2025-01-27,UK,Healthcare,Enterprise
C07161,Apex 7161,2025-01-17,Australia,Technology,SMB
C07162,Orbit 7162,2025-10-07,Germany,Technology,Startup
C07163,Vertex 7163,2025-08-17,USA,Technology,Mid-Market
C07164,Bright 7164,2025-10-17,India,Education,Mid-Market
C07165,Bright 7165,2025-08-17,Canada,Finance,Startup
C07166,Orbit 7166,2025-05-27,Canada,Technology,SMB
C07167,Bright 7167,2025-08-04,India,Finance,SMB
C07168,Nova 7168,2025-09-21,India,Retail,Mid-Market
C07169,Orbit 7169,2025-05-26,Canada,Education,SMB
C07170,Core 7170,2025-12-01,India,Marketing,Startup
C07171,Orbit 7171,2025-11-25,Germany,Consulting,Mid-Market
C07172,Bright 7172,2025-10-20,Canada,Technology,Startup
C07173,Apex 7173,2025-12-29,USA,Retail,Mid-Market
C07174,Vertex 7174,2025-05-23,USA,Technology,Mid-Market
C07175,Cloud 7175,2025-02-11,USA,Technology,Mid-Market
C07176,Apex 7176,2025-06-26,USA,Finance,SMB
C07177,Orbit 7177,2025-09-30,Germany,Technology,Startup
C07178,Apex 7178,2025-10-12,Canada,Technology,SMB
C07179,Blue 7179,2025-05-22,Australia,Consulting,Startup
C07180,Nexa 7180,2025-04-17,India,Healthcare,Startup
C07181,Nova 7181,2025-06-12,Canada,Technology,SMB
C07182,Orbit 7182,2025-10-21,USA,Education,SMB
C07183,Orbit 7183,2025-01-23,Australia,Education,SMB
C07184,Nova 7184,2025-04-30,India,Retail,Startup
C07185,Bright 7185,2025-03-25,UK,Technology,Startup
C07186,Core 7186,2025-10-22,UK,Retail,Mid-Market
C07187,Bright 7187,2025-06-21,USA,Education,SMB
C07188,Apex 7188,2025-02-01,Netherlands,Marketing,Mid-Market
C07189,Cloud 7189,2025-04-06,India,Finance,Mid-Market
C07190,Nova 7190,2025-01-17,India,Healthcare,Mid-Market
C07191,Bright 7191,2025-06-23,Germany,Technology,Enterprise
C07192,Pulse 7192,2025-12-31,UK,Consulting,Enterprise
C07193,Blue 7193,2025-07-27,USA,Education,Startup
C07194,Nexa 7194,2025-11-14,USA,Technology,SMB
C07195,Core 7195,2025-09-29,India,Finance,Mid-Market
C07196,Nexa 7196,2025-11-19,Australia,Retail,Mid-Market
C07197,Nexa 7197,2025-04-24,UK,Healthcare,Startup
C07198,Apex 7198,2025-12-14,USA,Marketing,Enterprise
C07199,Nova 7199,2025-03-29,USA,Media,Mid-Market
C07200,Apex 7200,2025-06-09,Singapore,Technology,Mid-Market
C07201,Core 7201,2025-09-06,Singapore,Education,Startup
C07202,Orbit 7202,2025-04-15,India,Consulting,SMB
C07203,Pulse 7203,2025-04-07,Germany,Finance,SMB
C07204,Nova 7204,2025-02-17,India,Finance,SMB
C07205,Cloud 7205,2025-01-02,India,Retail,Startup
C07206,Cloud 7206,2025-07-02,Australia,Technology,Startup
C07207,Bright 7207,2025-12-27,Singapore,Technology,Mid-Market
C07208,Blue 7208,2025-03-22,India,Healthcare,SMB
C07209,Apex 7209,2025-06-10,Singapore,Consulting,SMB
C07210,Nexa 7210,2025-12-08,Canada,Healthcare,Startup
C07211,Nexa 7211,2025-10-09,Canada,Finance,Enterprise
C07212,Apex 7212,2025-01-02,Australia,Healthcare,Enterprise
C07213,Blue 7213,2025-07-02,UK,Healthcare,Mid-Market
C07214,Cloud 7214,2025-02-22,Netherlands,Consulting,SMB
C07215,Nova 7215,2025-04-01,India,Retail,Startup
C07216,Pulse 7216,2025-03-31,UK,Finance,SMB
C07217,Nexa 7217,2025-08-12,USA,Education,Mid-Market
C07218,Cloud 7218,2025-03-14,Australia,Education,Enterprise
C07219,Core 7219,2025-04-02,India,Consulting,Startup
C07220,Vertex 7220,2025-03-24,USA,Marketing,SMB
C07221,Cloud 7221,2025-05-11,Canada,Technology,SMB
C07222,Vertex 7222,2025-08-28,USA,Education,SMB
C07223,Vertex 7223,2025-05-26,USA,Marketing,Mid-Market
C07224,Pulse 7224,2025-04-30,USA,Marketing,SMB
C07225,Pulse 7225,2025-07-08,Canada,Finance,Mid-Market
C07226,Nexa 7226,2025-08-13,USA,Technology,Startup
C07227,Core 7227,2025-01-06,USA,Technology,SMB
C07228,Nova 7228,2025-11-21,UK,Technology,SMB
C07229,Nexa 7229,2025-12-01,Netherlands,Technology,Mid-Market
C07230,Vertex 7230,2025-08-08,Australia,Finance,Mid-Market
C07231,Blue 7231,2025-07-29,India,Technology,Mid-Market
C07232,Nexa 7232,2025-09-11,Singapore,Finance,SMB
C07233,Pulse 7233,2025-06-10,Australia,Media,Startup
C07234,Orbit 7234,2025-05-14,Canada,Marketing,Mid-Market
C07235,Bright 7235,2025-05-09,UK,Finance,Enterprise
C07236,Nexa 7236,2025-02-28,India,Consulting,Startup
C07237,Core 7237,2025-11-04,Canada,Healthcare,Startup
C07238,Vertex 7238,2025-04-28,UK,Technology,Startup
C07239,Core 7239,2025-04-14,USA,Marketing,Mid-Market
C07240,Pulse 7240,2025-12-18,India,Finance,SMB
C07241,Nova 7241,2025-07-04,India,Marketing,Startup
C07242,Blue 7242,2025-08-15,Germany,Technology,Startup
C07243,Vertex 7243,2025-03-31,India,Marketing,Mid-Market
C07244,Nexa 7244,2025-04-12,Germany,Technology,SMB
C07245,Vertex 7245,2025-09-23,Australia,Finance,Startup
C07246,Vertex 7246,2025-06-14,USA,Education,SMB
C07247,Nexa 7247,2025-02-23,India,Technology,Startup
C07248,Nexa 7248,2025-11-01,India,Healthcare,Startup
C07249,Nexa 7249,2025-05-28,USA,Technology,Startup
C07250,Bright 7250,2025-09-01,Australia,Education,Startup
C07251,Core 7251,2025-05-05,Germany,Marketing,Startup
C07252,Nova 7252,2025-07-24,Australia,Consulting,Startup
C07253,Core 7253,2025-10-11,Netherlands,Marketing,Startup
C07254,Bright 7254,2025-11-20,India,Media,Mid-Market
C07255,Nexa 7255,2025-03-17,Germany,Finance,Mid-Market
C07256,Blue 7256,2025-09-03,USA,Consulting,Startup
C07257,Cloud 7257,2025-11-30,UK,Healthcare,SMB
C07258,Apex 7258,2025-08-23,USA,Healthcare,Startup
C07259,Core 7259,2025-02-22,USA,Consulting,Mid-Market
C07260,Core 7260,2025-03-11,Germany,Media,Startup
C07261,Cloud 7261,2025-03-16,Germany,Consulting,Startup
C07262,Orbit 7262,2025-02-08,USA,Finance,SMB
C07263,Bright 7263,2025-10-03,India,Marketing,Startup
C07264,Orbit 7264,2025-12-19,UK,Technology,Startup
C07265,Bright 7265,2025-07-08,Canada,Education,SMB
C07266,Nova 7266,2025-08-07,UK,Healthcare,Mid-Market
C07267,Blue 7267,2025-10-10,India,Technology,Startup
C07268,Nexa 7268,2025-06-01,USA,Technology,Startup
C07269,Apex 7269,2025-06-22,Canada,Retail,Mid-Market
C07270,Vertex 7270,2025-08-03,Canada,Technology,Startup
C07271,Nova 7271,2025-04-22,India,Finance,Startup
C07272,Apex 7272,2025-01-23,USA,Technology,SMB
C07273,Nexa 7273,2025-07-27,USA,Marketing,Startup
C07274,Cloud 7274,2025-10-28,Germany,Technology,Mid-Market
C07275,Pulse 7275,2025-01-27,India,Consulting,Startup
C07276,Bright 7276,2025-03-21,Germany,Technology,Startup
C07277,Nova 7277,2025-04-06,Netherlands,Technology,Mid-Market
C07278,Orbit 7278,2025-10-21,USA,Technology,Mid-Market
C07279,Vertex 7279,2025-07-04,USA,Finance,Mid-Market
C07280,Nova 7280,2025-07-15,India,Education,Startup
C07281,Vertex 7281,2025-08-24,India,Technology,SMB
C07282,Cloud 7282,2025-04-11,Singapore,Education,Enterprise
C07283,Orbit 7283,2025-09-18,Netherlands,Healthcare,SMB
C07284,Blue 7284,2025-01-12,India,Technology,Enterprise
C07285,Cloud 7285,2025-02-11,Singapore,Finance,Mid-Market
C07286,Nova 7286,2025-10-25,India,Marketing,Mid-Market
C07287,Vertex 7287,2025-08-29,UK,Healthcare,Startup
C07288,Bright 7288,2025-03-06,Germany,Marketing,Enterprise
C07289,Cloud 7289,2025-06-10,USA,Consulting,Mid-Market
C07290,Bright 7290,2025-01-19,UK,Technology,Mid-Market
C07291,Blue 7291,2025-09-03,Germany,Healthcare,Enterprise
C07292,Bright 7292,2025-10-03,India,Healthcare,Mid-Market
C07293,Nexa 7293,2025-04-12,Netherlands,Finance,SMB
C07294,Nexa 7294,2025-05-08,India,Healthcare,SMB
C07295,Vertex 7295,2025-03-28,India,Marketing,Mid-Market
C07296,Cloud 7296,2025-05-23,Netherlands,Marketing,Mid-Market
C07297,Apex 7297,2025-04-10,USA,Education,SMB
C07298,Apex 7298,2025-04-01,USA,Technology,SMB
C07299,Nova 7299,2025-06-07,USA,Healthcare,Mid-Market
C07300,Nexa 7300,2025-11-10,India,Consulting,Startup
C07301,Bright 7301,2025-10-06,USA,Healthcare,Mid-Market
C07302,Bright 7302,2025-04-19,USA,Education,SMB
C07303,Nexa 7303,2025-12-11,UK,Marketing,Mid-Market
C07304,Blue 7304,2025-03-18,USA,Healthcare,Startup
C07305,Core 7305,2025-11-29,Singapore,Technology,SMB
C07306,Blue 7306,2025-04-23,Singapore,Education,Startup
C07307,Apex 7307,2025-07-17,USA,Marketing,SMB
C07308,Vertex 7308,2025-03-16,Netherlands,Technology,Mid-Market
C07309,Cloud 7309,2025-10-06,Australia,Technology,SMB
C07310,Bright 7310,2025-04-26,Singapore,Technology,SMB
C07311,Bright 7311,2025-11-15,Canada,Marketing,SMB
C07312,Cloud 7312,2025-01-31,India,Technology,SMB
C07313,Vertex 7313,2025-07-03,India,Retail,Mid-Market
C07314,Vertex 7314,2025-02-27,Singapore,Media,Mid-Market
C07315,Nexa 7315,2025-11-21,UK,Media,Startup
C07316,Apex 7316,2025-06-02,Singapore,Technology,SMB
C07317,Nova 7317,2025-09-04,Canada,Marketing,Mid-Market
C07318,Orbit 7318,2025-11-18,India,Retail,SMB
C07319,Core 7319,2025-07-15,USA,Education,SMB
C07320,Apex 7320,2025-01-21,Netherlands,Finance,Enterprise
C07321,Bright 7321,2025-03-22,India,Retail,Mid-Market
C07322,Cloud 7322,2025-03-19,Canada,Marketing,Startup
C07323,Bright 7323,2025-11-30,Netherlands,Consulting,SMB
C07324,Cloud 7324,2025-11-28,India,Media,SMB
C07325,Blue 7325,2025-06-24,USA,Media,Mid-Market
C07326,Blue 7326,2025-11-21,UK,Marketing,Startup
C07327,Bright 7327,2025-03-31,Australia,Technology,Startup
C07328,Blue 7328,2025-09-05,UK,Marketing,SMB
C07329,Core 7329,2025-05-24,India,Education,SMB
C07330,Nova 7330,2025-03-29,India,Marketing,Startup
C07331,Apex 7331,2025-04-02,USA,Healthcare,Enterprise
C07332,Nexa 7332,2025-06-03,USA,Marketing,SMB
C07333,Apex 7333,2025-05-04,India,Marketing,Startup
C07334,Apex 7334,2025-03-19,Australia,Media,Startup
C07335,Apex 7335,2025-05-02,India,Retail,Startup
C07336,Nexa 7336,2025-02-16,Australia,Healthcare,Startup
C07337,Cloud 7337,2025-12-20,Singapore,Marketing,SMB
C07338,Orbit 7338,2025-05-19,Germany,Marketing,Startup
C07339,Cloud 7339,2025-02-09,Germany,Marketing,SMB
C07340,Core 7340,2025-07-30,India,Technology,SMB
C07341,Nova 7341,2025-11-19,UK,Consulting,SMB
C07342,Nova 7342,2025-05-12,USA,Consulting,Enterprise
C07343,Nova 7343,2025-11-05,India,Marketing,Enterprise
C07344,Bright 7344,2025-08-11,UK,Retail,SMB
C07345,Nexa 7345,2025-09-27,India,Media,SMB
C07346,Blue 7346,2025-04-19,USA,Consulting,Mid-Market
C07347,Apex 7347,2025-01-14,Germany,Retail,SMB
C07348,Vertex 7348,2025-05-07,USA,Marketing,Mid-Market
C07349,Bright 7349,2025-12-04,India,Retail,SMB
C07350,Vertex 7350,2025-10-16,India,Media,Startup
C07351,Apex 7351,2025-10-14,USA,Education,SMB
C07352,Pulse 7352,2025-11-17,UK,Technology,Mid-Market
C07353,Nova 7353,2025-05-17,UK,Technology,SMB
C07354,Pulse 7354,2025-04-28,India,Healthcare,Mid-Market
C07355,Cloud 7355,2025-12-04,Germany,Consulting,Mid-Market
C07356,Nexa 7356,2025-07-28,Netherlands,Marketing,SMB
C07357,Core 7357,2025-04-19,UK,Consulting,Startup
C07358,Pulse 7358,2025-04-12,UK,Consulting,SMB
C07359,Nexa 7359,2025-11-17,Germany,Technology,Startup
C07360,Nexa 7360,2025-01-20,Singapore,Technology,SMB
C07361,Vertex 7361,2025-01-23,Netherlands,Education,Startup
C07362,Vertex 7362,2025-09-27,India,Finance,Enterprise
C07363,Bright 7363,2025-01-01,India,Media,Mid-Market
C07364,Nexa 7364,2025-03-04,India,Retail,Startup
C07365,Nexa 7365,2025-12-28,Canada,Healthcare,Mid-Market
C07366,Pulse 7366,2025-06-05,India,Marketing,Mid-Market
C07367,Bright 7367,2025-09-23,Singapore,Retail,Mid-Market
C07368,Core 7368,2025-06-27,India,Retail,SMB
C07369,Apex 7369,2025-02-03,Germany,Marketing,SMB
C07370,Cloud 7370,2025-03-09,USA,Media,SMB
C07371,Pulse 7371,2025-10-05,USA,Marketing,SMB
C07372,Vertex 7372,2025-02-04,USA,Technology,SMB
C07373,Apex 7373,2025-08-06,Canada,Marketing,Startup
C07374,Pulse 7374,2025-05-08,UK,Consulting,Mid-Market
C07375,Pulse 7375,2025-05-16,USA,Media,Enterprise
C07376,Cloud 7376,2025-12-14,Canada,Technology,SMB
C07377,Vertex 7377,2025-08-10,Singapore,Healthcare,SMB
C07378,Nova 7378,2025-08-13,Australia,Marketing,Startup
C07379,Nova 7379,2025-05-08,Canada,Retail,Mid-Market
C07380,Core 7380,2025-05-20,UK,Consulting,Startup
C07381,Pulse 7381,2025-09-08,Singapore,Technology,Mid-Market
C07382,Orbit 7382,2025-01-15,UK,Retail,Mid-Market
C07383,Orbit 7383,2025-03-28,Singapore,Education,SMB
C07384,Bright 7384,2025-08-08,Australia,Retail,Mid-Market
C07385,Vertex 7385,2025-08-16,India,Retail,SMB
C07386,Nova 7386,2025-02-03,India,Technology,SMB
C07387,Nexa 7387,2025-10-15,Canada,Media,Mid-Market
C07388,Nova 7388,2025-07-18,Germany,Healthcare,SMB
C07389,Vertex 7389,2025-03-28,Germany,Media,Startup
C07390,Pulse 7390,2025-10-02,Netherlands,Technology,SMB
C07391,Orbit 7391,2025-12-28,UK,Consulting,SMB
C07392,Apex 7392,2025-06-04,USA,Finance,SMB
C07393,Cloud 7393,2025-04-14,UK,Technology,SMB
C07394,Vertex 7394,2025-04-20,India,Media,Mid-Market
C07395,Apex 7395,2025-08-05,UK,Finance,Startup
C07396,Bright 7396,2025-01-18,Singapore,Technology,SMB
C07397,Orbit 7397,2025-06-26,India,Retail,Startup
C07398,Vertex 7398,2025-01-10,Australia,Healthcare,SMB
C07399,Cloud 7399,2025-01-15,Australia,Marketing,Mid-Market
C07400,Vertex 7400,2025-06-06,India,Media,Startup
C07401,Apex 7401,2025-09-30,Australia,Marketing,Startup
C07402,Cloud 7402,2025-11-19,Canada,Technology,Mid-Market
C07403,Cloud 7403,2025-02-01,UK,Education,SMB
C07404,Orbit 7404,2025-03-31,USA,Consulting,SMB
C07405,Apex 7405,2025-06-03,USA,Technology,SMB
C07406,Cloud 7406,2025-07-29,Germany,Marketing,SMB
C07407,Nexa 7407,2025-12-27,USA,Finance,Startup
C07408,Bright 7408,2025-09-07,USA,Technology,Mid-Market
C07409,Bright 7409,2025-07-16,Singapore,Finance,Startup
C07410,Apex 7410,2025-01-23,Canada,Retail,Mid-Market
C07411,Vertex 7411,2025-01-30,Canada,Finance,Mid-Market
C07412,Apex 7412,2025-02-25,Netherlands,Technology,Startup
C07413,Orbit 7413,2025-08-30,India,Media,Mid-Market
C07414,Vertex 7414,2025-05-01,USA,Healthcare,Mid-Market
C07415,Orbit 7415,2025-03-29,Germany,Media,Enterprise
C07416,Nova 7416,2025-09-02,USA,Retail,Mid-Market
C07417,Nexa 7417,2025-10-25,India,Healthcare,SMB
C07418,Nova 7418,2025-06-10,Canada,Healthcare,SMB
C07419,Vertex 7419,2025-11-18,India,Technology,Mid-Market
C07420,Bright 7420,2025-09-25,UK,Technology,Mid-Market
C07421,Nexa 7421,2025-09-19,UK,Technology,SMB
C07422,Pulse 7422,2025-11-13,Germany,Healthcare,Mid-Market
C07423,Apex 7423,2025-03-09,USA,Healthcare,Startup
C07424,Vertex 7424,2025-10-04,India,Consulting,Enterprise
C07425,Bright 7425,2025-12-16,Singapore,Finance,SMB
C07426,Pulse 7426,2025-12-29,Singapore,Healthcare,Startup
C07427,Nova 7427,2025-07-30,UK,Technology,Startup
C07428,Pulse 7428,2025-10-03,India,Finance,Enterprise
C07429,Bright 7429,2025-11-21,UK,Consulting,Mid-Market
C07430,Nova 7430,2025-11-08,USA,Education,SMB
C07431,Nexa 7431,2025-11-24,India,Healthcare,Enterprise
C07432,Nova 7432,2025-10-31,India,Marketing,Startup
C07433,Bright 7433,2025-05-20,India,Healthcare,Startup
C07434,Vertex 7434,2025-09-24,USA,Retail,Startup
C07435,Orbit 7435,2025-05-30,USA,Healthcare,SMB
C07436,Nova 7436,2025-10-20,Australia,Consulting,SMB
C07437,Nova 7437,2025-10-23,UK,Technology,Startup
C07438,Orbit 7438,2025-12-08,USA,Healthcare,Startup
C07439,Blue 7439,2025-08-03,India,Marketing,SMB
C07440,Nova 7440,2025-06-23,Singapore,Technology,Startup
C07441,Apex 7441,2025-03-02,India,Marketing,SMB
C07442,Core 7442,2025-08-21,India,Marketing,SMB
C07443,Cloud 7443,2025-07-26,Germany,Technology,Startup
C07444,Apex 7444,2025-07-07,Canada,Media,Startup
C07445,Core 7445,2025-09-04,Australia,Technology,SMB
C07446,Pulse 7446,2025-11-07,USA,Retail,Mid-Market
C07447,Cloud 7447,2025-02-24,USA,Marketing,SMB
C07448,Pulse 7448,2025-06-07,USA,Technology,SMB
C07449,Nexa 7449,2025-09-21,UK,Technology,Enterprise
C07450,Orbit 7450,2025-10-27,USA,Education,Mid-Market
C07451,Apex 7451,2025-10-12,USA,Consulting,SMB
C07452,Blue 7452,2025-10-19,India,Education,Mid-Market
C07453,Core 7453,2025-11-09,Netherlands,Healthcare,SMB
C07454,Blue 7454,2025-12-18,India,Technology,SMB
C07455,Nexa 7455,2025-08-10,USA,Consulting,Mid-Market
C07456,Bright 7456,2025-04-01,Singapore,Retail,SMB
C07457,Vertex 7457,2025-07-25,Canada,Healthcare,Mid-Market
C07458,Vertex 7458,2025-09-17,UK,Retail,Startup
C07459,Blue 7459,2025-02-06,Germany,Education,SMB
C07460,Bright 7460,2025-10-04,India,Marketing,Startup
C07461,Vertex 7461,2025-07-18,Australia,Marketing,Mid-Market
C07462,Cloud 7462,2025-12-08,USA,Technology,Startup
C07463,Nova 7463,2025-03-19,Netherlands,Technology,SMB
C07464,Orbit 7464,2025-11-28,India,Consulting,Mid-Market
C07465,Orbit 7465,2025-06-13,Germany,Media,Startup
C07466,Bright 7466,2025-07-29,UK,Marketing,Startup
C07467,Pulse 7467,2025-08-29,India,Technology,SMB
C07468,Apex 7468,2025-07-31,USA,Technology,SMB
C07469,Blue 7469,2025-11-26,Canada,Healthcare,Startup
C07470,Pulse 7470,2025-03-03,India,Education,Startup
C07471,Nova 7471,2025-09-24,Netherlands,Technology,Startup
C07472,Cloud 7472,2025-12-22,USA,Technology,Startup
C07473,Pulse 7473,2025-03-22,Germany,Consulting,Mid-Market
C07474,Orbit 7474,2025-04-04,Germany,Technology,SMB
C07475,Pulse 7475,2025-06-23,USA,Healthcare,SMB
C07476,Bright 7476,2025-09-22,Germany,Consulting,Startup
C07477,Nova 7477,2025-12-17,Canada,Technology,Enterprise
C07478,Pulse 7478,2025-10-18,Germany,Healthcare,Mid-Market
C07479,Pulse 7479,2025-10-17,UK,Technology,SMB
C07480,Nexa 7480,2025-06-11,Germany,Finance,Mid-Market
C07481,Apex 7481,2025-08-24,USA,Retail,SMB
C07482,Nova 7482,2025-03-19,India,Education,Startup
C07483,Pulse 7483,2025-06-19,India,Technology,SMB
C07484,Nexa 7484,2025-03-10,Germany,Technology,SMB
C07485,Nexa 7485,2025-01-10,Singapore,Finance,SMB
C07486,Vertex 7486,2025-11-09,India,Retail,SMB
C07487,Pulse 7487,2025-10-21,UK,Consulting,Mid-Market
C07488,Pulse 7488,2025-07-06,USA,Marketing,Mid-Market
C07489,Core 7489,2025-01-06,UK,Technology,Mid-Market
C07490,Orbit 7490,2025-02-02,Canada,Retail,SMB
C07491,Pulse 7491,2025-02-10,Canada,Consulting,SMB
C07492,Apex 7492,2025-09-19,Canada,Technology,SMB
C07493,Nexa 7493,2025-03-16,Canada,Healthcare,SMB
C07494,Nexa 7494,2025-04-02,India,Healthcare,Mid-Market
C07495,Pulse 7495,2025-11-11,UK,Marketing,Startup
C07496,Core 7496,2025-11-16,USA,Healthcare,Mid-Market
C07497,Nova 7497,2025-10-06,Singapore,Technology,Startup
C07498,Pulse 7498,2025-04-23,Canada,Education,Startup
C07499,Pulse 7499,2025-07-31,India,Education,Startup
C07500,Orbit 7500,2025-03-15,USA,Healthcare,Mid-Market
C07501,Orbit 7501,2025-11-10,USA,Marketing,Startup
C07502,Pulse 7502,2025-01-31,Netherlands,Technology,SMB
C07503,Apex 7503,2025-09-29,India,Healthcare,SMB
C07504,Apex 7504,2025-07-06,UK,Consulting,SMB
C07505,Core 7505,2025-10-04,USA,Marketing,SMB
C07506,Pulse 7506,2025-06-14,Germany,Retail,Enterprise
C07507,Cloud 7507,2025-02-27,Germany,Consulting,SMB
C07508,Core 7508,2025-10-02,USA,Consulting,SMB
C07509,Bright 7509,2025-08-19,Canada,Healthcare,Startup
C07510,Vertex 7510,2025-06-19,India,Technology,SMB
C07511,Core 7511,2025-05-17,Australia,Retail,Mid-Market
C07512,Cloud 7512,2025-05-06,India,Education,Startup
C07513,Cloud 7513,2025-06-25,UK,Retail,Enterprise
C07514,Cloud 7514,2025-04-06,USA,Marketing,Startup
C07515,Apex 7515,2025-04-14,Germany,Healthcare,Mid-Market
C07516,Vertex 7516,2025-04-12,USA,Technology,Mid-Market
C07517,Vertex 7517,2025-01-05,UK,Healthcare,Enterprise
C07518,Bright 7518,2025-12-05,India,Marketing,SMB
C07519,Cloud 7519,2025-03-28,USA,Media,Mid-Market
C07520,Vertex 7520,2025-03-02,Australia,Consulting,Startup
C07521,Blue 7521,2025-02-25,USA,Marketing,SMB
C07522,Orbit 7522,2025-12-27,UK,Healthcare,Mid-Market
C07523,Nova 7523,2025-06-24,Germany,Technology,Startup
C07524,Vertex 7524,2025-04-30,USA,Finance,Mid-Market
C07525,Core 7525,2025-05-28,Australia,Media,SMB
C07526,Cloud 7526,2025-02-02,USA,Consulting,SMB
C07527,Vertex 7527,2025-04-25,Netherlands,Marketing,SMB
C07528,Nexa 7528,2025-04-01,Singapore,Retail,Startup
C07529,Core 7529,2025-10-21,USA,Technology,SMB
C07530,Bright 7530,2025-01-22,USA,Media,Enterprise
C07531,Pulse 7531,2025-06-05,Germany,Education,Startup
C07532,Apex 7532,2025-10-16,Canada,Technology,Startup
C07533,Vertex 7533,2025-11-01,India,Education,Startup
C07534,Pulse 7534,2025-07-07,USA,Technology,SMB
C07535,Blue 7535,2025-03-23,India,Education,Mid-Market
C07536,Blue 7536,2025-05-04,Canada,Finance,Enterprise
C07537,Vertex 7537,2025-03-23,Canada,Technology,SMB
C07538,Orbit 7538,2025-08-30,India,Education,Startup
C07539,Nexa 7539,2025-04-17,UK,Healthcare,Startup
C07540,Nova 7540,2025-08-19,Canada,Technology,SMB
C07541,Blue 7541,2025-08-28,Netherlands,Consulting,SMB
C07542,Vertex 7542,2025-12-10,India,Finance,Enterprise
C07543,Cloud 7543,2025-05-16,USA,Marketing,Startup
C07544,Blue 7544,2025-12-17,USA,Marketing,Mid-Market
C07545,Orbit 7545,2025-05-27,Germany,Technology,SMB
C07546,Nexa 7546,2025-09-06,India,Media,Mid-Market
C07547,Apex 7547,2025-08-30,India,Healthcare,Mid-Market
C07548,Pulse 7548,2025-10-26,Canada,Technology,Mid-Market
C07549,Nova 7549,2025-06-21,UK,Healthcare,SMB
C07550,Nexa 7550,2025-10-17,India,Marketing,SMB
C07551,Nova 7551,2025-05-10,USA,Technology,Startup
C07552,Vertex 7552,2025-06-29,India,Finance,Startup
C07553,Orbit 7553,2025-07-02,USA,Marketing,SMB
C07554,Apex 7554,2025-09-15,USA,Education,Enterprise
C07555,Vertex 7555,2025-08-14,India,Finance,SMB
C07556,Pulse 7556,2025-01-29,India,Healthcare,SMB
C07557,Bright 7557,2025-10-23,Singapore,Technology,Startup
C07558,Core 7558,2025-10-04,Singapore,Finance,SMB
C07559,Nova 7559,2025-02-08,India,Education,Startup
C07560,Cloud 7560,2025-12-18,Germany,Finance,Startup
C07561,Cloud 7561,2025-08-30,India,Finance,Startup
C07562,Orbit 7562,2025-02-01,Australia,Finance,Mid-Market
C07563,Apex 7563,2025-06-29,Singapore,Marketing,SMB
C07564,Vertex 7564,2025-11-02,Germany,Marketing,Enterprise
C07565,Orbit 7565,2025-04-13,Germany,Healthcare,SMB
C07566,Blue 7566,2025-12-07,USA,Education,Mid-Market
C07567,Vertex 7567,2025-06-02,USA,Education,Mid-Market
C07568,Cloud 7568,2025-03-24,UK,Technology,Mid-Market
C07569,Apex 7569,2025-05-11,India,Finance,Startup
C07570,Pulse 7570,2025-07-11,Germany,Finance,Startup
C07571,Vertex 7571,2025-09-09,USA,Consulting,Startup
C07572,Cloud 7572,2025-12-05,India,Finance,SMB
C07573,Cloud 7573,2025-03-13,UK,Finance,Startup
C07574,Nexa 7574,2025-12-17,Australia,Marketing,SMB
C07575,Nova 7575,2025-07-12,UK,Marketing,SMB
C07576,Nexa 7576,2025-02-16,UK,Consulting,Enterprise
C07577,Apex 7577,2025-12-05,Australia,Healthcare,Mid-Market
C07578,Bright 7578,2025-05-08,India,Finance,Mid-Market
C07579,Core 7579,2025-08-15,Germany,Marketing,Mid-Market
C07580,Core 7580,2025-09-12,USA,Consulting,Startup
C07581,Core 7581,2025-01-05,India,Media,Startup
C07582,Core 7582,2025-03-22,Netherlands,Marketing,SMB
C07583,Cloud 7583,2025-09-08,USA,Marketing,Enterprise
C07584,Core 7584,2025-04-29,USA,Technology,Startup
C07585,Vertex 7585,2025-01-04,India,Media,SMB
C07586,Bright 7586,2025-01-09,Netherlands,Education,Mid-Market
C07587,Orbit 7587,2025-10-29,Australia,Technology,SMB
C07588,Pulse 7588,2025-02-26,India,Healthcare,Enterprise
C07589,Orbit 7589,2025-02-06,UK,Marketing,Enterprise
C07590,Orbit 7590,2025-07-25,India,Technology,Startup
C07591,Bright 7591,2025-02-13,Canada,Consulting,SMB
C07592,Orbit 7592,2025-08-27,UK,Education,Startup
C07593,Apex 7593,2025-07-18,India,Technology,SMB
C07594,Apex 7594,2025-08-25,UK,Media,Mid-Market
C07595,Orbit 7595,2025-06-29,Singapore,Media,Startup
C07596,Nexa 7596,2025-10-12,USA,Finance,Enterprise
C07597,Bright 7597,2025-08-24,India,Healthcare,Enterprise
C07598,Vertex 7598,2025-06-01,Netherlands,Retail,Mid-Market
C07599,Cloud 7599,2025-01-06,India,Healthcare,SMB
C07600,Apex 7600,2025-04-10,USA,Media,Startup
C07601,Vertex 7601,2025-02-17,UK,Technology,SMB
C07602,Vertex 7602,2025-01-06,India,Consulting,Startup
C07603,Blue 7603,2025-04-10,India,Marketing,Startup
C07604,Cloud 7604,2025-03-17,India,Finance,Startup
C07605,Pulse 7605,2025-01-29,India,Consulting,Mid-Market
C07606,Vertex 7606,2025-04-25,UK,Technology,Startup
C07607,Blue 7607,2025-07-04,Australia,Technology,SMB
C07608,Cloud 7608,2025-03-07,India,Finance,Mid-Market
C07609,Bright 7609,2025-04-10,Canada,Technology,Startup
C07610,Pulse 7610,2025-01-08,USA,Technology,SMB
C07611,Cloud 7611,2025-01-19,India,Finance,Startup
C07612,Orbit 7612,2025-02-27,UK,Technology,Startup
C07613,Pulse 7613,2025-06-15,USA,Technology,Startup
C07614,Nova 7614,2025-09-01,Germany,Technology,Startup
C07615,Nova 7615,2025-10-15,USA,Consulting,SMB
C07616,Pulse 7616,2025-08-18,Germany,Technology,Startup
C07617,Cloud 7617,2025-08-14,Singapore,Consulting,SMB
C07618,Blue 7618,2025-12-08,USA,Technology,Mid-Market
C07619,Blue 7619,2025-04-04,Singapore,Technology,SMB
C07620,Core 7620,2025-10-19,India,Healthcare,SMB
C07621,Blue 7621,2025-12-08,India,Healthcare,Enterprise
C07622,Core 7622,2025-07-27,India,Marketing,Mid-Market
C07623,Bright 7623,2025-11-03,Australia,Education,SMB
C07624,Blue 7624,2025-02-20,Germany,Finance,SMB
C07625,Bright 7625,2025-11-17,Netherlands,Technology,Startup
C07626,Orbit 7626,2025-07-25,Canada,Consulting,SMB
C07627,Nova 7627,2025-03-22,USA,Technology,SMB
C07628,Blue 7628,2025-01-23,Singapore,Consulting,Enterprise
C07629,Orbit 7629,2025-09-20,Netherlands,Marketing,Enterprise
C07630,Blue 7630,2025-06-07,Australia,Finance,Startup
C07631,Bright 7631,2025-04-24,UK,Finance,Enterprise
C07632,Bright 7632,2025-05-23,Australia,Healthcare,Mid-Market
C07633,Orbit 7633,2025-12-28,India,Marketing,Mid-Market
C07634,Core 7634,2025-06-06,Singapore,Media,Enterprise
C07635,Orbit 7635,2025-01-29,Netherlands,Finance,SMB
C07636,Pulse 7636,2025-04-13,Germany,Media,SMB
C07637,Cloud 7637,2025-02-23,India,Technology,Mid-Market
C07638,Pulse 7638,2025-09-08,India,Technology,Startup
C07639,Pulse 7639,2025-10-20,Netherlands,Marketing,Mid-Market
C07640,Core 7640,2025-11-03,Singapore,Media,Mid-Market
C07641,Nova 7641,2025-08-20,Canada,Marketing,Mid-Market
C07642,Bright 7642,2025-10-08,Netherlands,Consulting,Startup
C07643,Nova 7643,2025-06-02,UK,Healthcare,Mid-Market
C07644,Apex 7644,2025-08-18,Singapore,Retail,Startup
C07645,Pulse 7645,2025-02-09,India,Consulting,Mid-Market
C07646,Nexa 7646,2025-07-16,India,Education,SMB
C07647,Pulse 7647,2025-07-23,UK,Marketing,SMB
C07648,Pulse 7648,2025-01-12,USA,Marketing,Mid-Market
C07649,Blue 7649,2025-07-20,USA,Media,SMB
C07650,Core 7650,2025-09-21,Australia,Marketing,SMB
C07651,Orbit 7651,2025-05-15,India,Finance,SMB
C07652,Core 7652,2025-07-18,Canada,Retail,SMB
C07653,Nova 7653,2025-04-15,India,Education,Mid-Market
C07654,Pulse 7654,2025-04-09,Australia,Marketing,Mid-Market
C07655,Orbit 7655,2025-02-17,India,Education,Startup
C07656,Blue 7656,2025-04-30,Canada,Finance,SMB
C07657,Orbit 7657,2025-10-21,UK,Healthcare,SMB
C07658,Vertex 7658,2025-12-08,USA,Technology,Startup
C07659,Pulse 7659,2025-08-21,USA,Retail,Mid-Market
C07660,Blue 7660,2025-08-16,India,Education,SMB
C07661,Nova 7661,2025-08-13,USA,Consulting,Startup
C07662,Nova 7662,2025-06-23,India,Finance,SMB
C07663,Nexa 7663,2025-06-04,India,Media,SMB
C07664,Orbit 7664,2025-08-15,Canada,Finance,Mid-Market
C07665,Orbit 7665,2025-10-14,India,Finance,Startup
C07666,Nova 7666,2025-06-01,India,Media,Startup
C07667,Orbit 7667,2025-07-26,USA,Education,Startup
C07668,Orbit 7668,2025-06-21,USA,Media,SMB
C07669,Core 7669,2025-04-15,UK,Education,Mid-Market
C07670,Bright 7670,2025-04-16,Germany,Finance,SMB
C07671,Bright 7671,2025-01-29,UK,Healthcare,Startup
C07672,Nova 7672,2025-06-10,UK,Retail,SMB
C07673,Orbit 7673,2025-09-18,USA,Marketing,SMB
C07674,Nexa 7674,2025-09-08,USA,Education,Mid-Market
C07675,Cloud 7675,2025-12-26,Canada,Technology,Startup
C07676,Pulse 7676,2025-01-15,USA,Healthcare,Mid-Market
C07677,Blue 7677,2025-10-05,Australia,Retail,SMB
C07678,Vertex 7678,2025-10-18,UK,Media,SMB
C07679,Orbit 7679,2025-06-09,Germany,Finance,SMB
C07680,Nexa 7680,2025-04-14,UK,Technology,Startup
C07681,Nova 7681,2025-05-11,Singapore,Technology,Startup
C07682,Vertex 7682,2025-09-07,USA,Technology,Mid-Market
C07683,Bright 7683,2025-11-11,USA,Retail,SMB
C07684,Vertex 7684,2025-08-23,Singapore,Healthcare,SMB
C07685,Bright 7685,2025-07-07,Germany,Finance,SMB
C07686,Vertex 7686,2025-08-27,USA,Consulting,Startup
C07687,Core 7687,2025-01-26,USA,Consulting,SMB
C07688,Orbit 7688,2025-08-10,USA,Finance,SMB
C07689,Bright 7689,2025-01-16,Australia,Retail,Startup
C07690,Pulse 7690,2025-12-17,USA,Healthcare,Enterprise
C07691,Nova 7691,2025-11-21,India,Finance,Startup
C07692,Orbit 7692,2025-07-05,India,Retail,Mid-Market
C07693,Nexa 7693,2025-05-17,Netherlands,Technology,SMB
C07694,Core 7694,2025-09-25,UK,Media,Mid-Market
C07695,Cloud 7695,2025-08-21,UK,Marketing,Mid-Market
C07696,Orbit 7696,2025-09-15,Singapore,Retail,SMB
C07697,Pulse 7697,2025-07-08,USA,Technology,SMB
C07698,Pulse 7698,2025-03-28,Australia,Healthcare,Enterprise
C07699,Vertex 7699,2025-01-27,Canada,Retail,SMB
C07700,Blue 7700,2025-04-14,USA,Retail,Startup
C07701,Cloud 7701,2025-07-13,Canada,Retail,Mid-Market
C07702,Bright 7702,2025-06-04,Netherlands,Finance,SMB
C07703,Vertex 7703,2025-07-04,India,Marketing,Startup
C07704,Vertex 7704,2025-04-12,India,Healthcare,Mid-Market
C07705,Cloud 7705,2025-12-09,Australia,Finance,Enterprise
C07706,Vertex 7706,2025-05-14,USA,Marketing,Startup
C07707,Pulse 7707,2025-11-05,UK,Consulting,SMB
C07708,Orbit 7708,2025-05-23,India,Marketing,Startup
C07709,Bright 7709,2025-06-11,Australia,Technology,Mid-Market
C07710,Orbit 7710,2025-08-09,Canada,Consulting,Mid-Market
C07711,Nexa 7711,2025-04-07,Netherlands,Media,Enterprise
C07712,Vertex 7712,2025-03-22,USA,Finance,Startup
C07713,Cloud 7713,2025-05-19,Netherlands,Retail,Startup
C07714,Core 7714,2025-10-21,UK,Retail,SMB
C07715,Nova 7715,2025-02-22,Germany,Finance,Startup
C07716,Blue 7716,2025-06-09,Germany,Education,Startup
C07717,Blue 7717,2025-09-03,UK,Media,Startup
C07718,Cloud 7718,2025-09-15,UK,Consulting,Mid-Market
C07719,Bright 7719,2025-06-08,India,Technology,Mid-Market
C07720,Cloud 7720,2025-01-30,USA,Marketing,Mid-Market
C07721,Orbit 7721,2025-01-06,Canada,Consulting,Startup
C07722,Cloud 7722,2025-06-21,India,Marketing,Mid-Market
C07723,Pulse 7723,2025-10-23,Canada,Technology,SMB
C07724,Bright 7724,2025-01-11,USA,Technology,SMB
C07725,Blue 7725,2025-11-20,USA,Consulting,SMB
C07726,Core 7726,2025-09-04,Germany,Marketing,Mid-Market
C07727,Apex 7727,2025-01-03,India,Media,Startup
C07728,Orbit 7728,2025-05-06,Netherlands,Healthcare,Mid-Market
C07729,Nova 7729,2025-03-22,Netherlands,Consulting,SMB
C07730,Nova 7730,2025-12-13,USA,Technology,SMB
C07731,Orbit 7731,2025-07-22,USA,Retail,Mid-Market
C07732,Apex 7732,2025-04-29,India,Retail,Mid-Market
C07733,Bright 7733,2025-04-12,Canada,Finance,SMB
C07734,Nova 7734,2025-07-25,India,Finance,SMB
C07735,Core 7735,2025-01-02,Singapore,Retail,SMB
C07736,Apex 7736,2025-04-04,Netherlands,Consulting,Mid-Market
C07737,Apex 7737,2025-03-02,India,Marketing,Enterprise
C07738,Apex 7738,2025-08-15,Germany,Healthcare,Mid-Market
C07739,Apex 7739,2025-09-02,USA,Retail,Mid-Market
C07740,Nexa 7740,2025-06-20,UK,Consulting,Mid-Market
C07741,Pulse 7741,2025-02-21,India,Healthcare,Mid-Market
C07742,Orbit 7742,2025-05-16,Canada,Marketing,Startup
C07743,Vertex 7743,2025-11-04,India,Technology,SMB
C07744,Core 7744,2025-03-16,Singapore,Consulting,SMB
C07745,Cloud 7745,2025-03-01,USA,Retail,SMB
C07746,Nova 7746,2025-02-10,Germany,Finance,SMB
C07747,Nova 7747,2025-10-26,Singapore,Finance,Enterprise
C07748,Pulse 7748,2025-02-13,Canada,Finance,Mid-Market
C07749,Bright 7749,2025-08-01,UK,Technology,Mid-Market
C07750,Nova 7750,2025-12-31,USA,Media,Mid-Market
C07751,Core 7751,2025-08-23,USA,Consulting,Mid-Market
C07752,Bright 7752,2025-05-31,USA,Healthcare,Mid-Market
C07753,Blue 7753,2025-03-17,Netherlands,Technology,Startup
C07754,Core 7754,2025-01-01,USA,Technology,Mid-Market
C07755,Nova 7755,2025-02-26,USA,Education,Startup
C07756,Nexa 7756,2025-12-14,Canada,Technology,Mid-Market
C07757,Nexa 7757,2025-02-22,USA,Finance,Startup
C07758,Vertex 7758,2025-01-08,Singapore,Media,SMB
C07759,Bright 7759,2025-10-25,USA,Marketing,SMB
C07760,Apex 7760,2025-06-02,India,Consulting,Mid-Market
C07761,Vertex 7761,2025-05-11,Germany,Technology,Mid-Market
C07762,Pulse 7762,2025-09-19,UK,Finance,Startup
C07763,Cloud 7763,2025-07-10,Singapore,Retail,Startup
C07764,Blue 7764,2025-11-30,USA,Consulting,Enterprise
C07765,Core 7765,2025-06-20,India,Consulting,Startup
C07766,Nexa 7766,2025-09-18,USA,Marketing,Mid-Market
C07767,Vertex 7767,2025-11-17,USA,Finance,Mid-Market
C07768,Nova 7768,2025-06-19,UK,Marketing,Mid-Market
C07769,Vertex 7769,2025-04-14,USA,Technology,Startup
C07770,Apex 7770,2025-12-22,UK,Technology,Mid-Market
C07771,Pulse 7771,2025-03-24,Singapore,Marketing,Enterprise
C07772,Vertex 7772,2025-01-15,USA,Technology,SMB
C07773,Pulse 7773,2025-07-31,Germany,Technology,Mid-Market
C07774,Nova 7774,2025-12-27,India,Technology,Startup
C07775,Cloud 7775,2025-02-01,Australia,Finance,Enterprise
C07776,Orbit 7776,2025-11-07,USA,Retail,Startup
C07777,Core 7777,2025-10-31,UK,Media,SMB
C07778,Pulse 7778,2025-12-06,USA,Technology,Startup
C07779,Orbit 7779,2025-06-03,India,Technology,Enterprise
C07780,Nova 7780,2025-04-03,USA,Retail,SMB
C07781,Cloud 7781,2025-07-06,India,Technology,Startup
C07782,Pulse 7782,2025-02-21,Singapore,Consulting,Startup
C07783,Nova 7783,2025-11-04,USA,Technology,Mid-Market
C07784,Pulse 7784,2025-08-31,Netherlands,Education,Startup
C07785,Pulse 7785,2025-06-26,UK,Finance,SMB
C07786,Pulse 7786,2025-07-08,India,Consulting,SMB
C07787,Cloud 7787,2025-09-17,USA,Marketing,Mid-Market
C07788,Cloud 7788,2025-07-10,India,Technology,Mid-Market
C07789,Vertex 7789,2025-11-03,Australia,Healthcare,Mid-Market
C07790,Bright 7790,2025-12-04,India,Marketing,Startup
C07791,Orbit 7791,2025-12-13,Singapore,Media,SMB
C07792,Vertex 7792,2025-08-15,India,Marketing,Startup
C07793,Orbit 7793,2025-09-29,USA,Technology,SMB
C07794,Cloud 7794,2025-04-24,India,Marketing,SMB
C07795,Orbit 7795,2025-01-14,Germany,Technology,SMB
C07796,Bright 7796,2025-05-27,UK,Retail,Enterprise
C07797,Blue 7797,2025-11-15,Singapore,Retail,Enterprise
C07798,Bright 7798,2025-02-18,USA,Technology,SMB
C07799,Core 7799,2025-07-19,India,Marketing,Mid-Market
C07800,Vertex 7800,2025-03-12,Canada,Education,Mid-Market
C07801,Nova 7801,2025-06-06,UK,Finance,Enterprise
C07802,Vertex 7802,2025-02-22,Australia,Education,Startup
C07803,Apex 7803,2025-09-26,USA,Healthcare,SMB
C07804,Blue 7804,2025-10-23,Canada,Marketing,SMB
C07805,Vertex 7805,2025-10-04,India,Marketing,SMB
C07806,Pulse 7806,2025-09-15,Netherlands,Marketing,SMB
C07807,Nexa 7807,2025-03-27,India,Education,Startup
C07808,Bright 7808,2025-07-13,Australia,Healthcare,Startup
C07809,Bright 7809,2025-02-08,India,Consulting,Mid-Market
C07810,Blue 7810,2025-05-17,Canada,Marketing,Startup
C07811,Pulse 7811,2025-07-04,Australia,Education,SMB
C07812,Cloud 7812,2025-09-02,Singapore,Finance,SMB
C07813,Blue 7813,2025-02-05,USA,Marketing,SMB
C07814,Apex 7814,2025-10-24,USA,Healthcare,Mid-Market
C07815,Nova 7815,2025-06-17,Australia,Finance,Enterprise
C07816,Core 7816,2025-11-18,UK,Technology,SMB
C07817,Core 7817,2025-07-12,Germany,Marketing,Startup
C07818,Apex 7818,2025-07-19,India,Technology,Startup
C07819,Pulse 7819,2025-09-10,USA,Healthcare,SMB
C07820,Cloud 7820,2025-10-27,USA,Healthcare,SMB
C07821,Core 7821,2025-02-27,Germany,Education,Enterprise
C07822,Bright 7822,2025-07-06,India,Media,SMB
C07823,Cloud 7823,2025-01-11,USA,Retail,SMB
C07824,Orbit 7824,2025-06-23,Australia,Media,Mid-Market
C07825,Cloud 7825,2025-10-24,UK,Media,Mid-Market
C07826,Nexa 7826,2025-11-12,Singapore,Technology,Mid-Market
C07827,Pulse 7827,2025-04-14,India,Finance,SMB
C07828,Apex 7828,2025-05-22,USA,Finance,Startup
C07829,Pulse 7829,2025-07-21,UK,Technology,SMB
C07830,Apex 7830,2025-05-25,USA,Retail,Startup
C07831,Blue 7831,2025-03-06,Germany,Retail,SMB
C07832,Cloud 7832,2025-04-22,India,Marketing,Mid-Market
C07833,Pulse 7833,2025-05-28,UK,Retail,SMB
C07834,Orbit 7834,2025-07-09,India,Consulting,Startup
C07835,Blue 7835,2025-12-03,Germany,Healthcare,Startup
C07836,Cloud 7836,2025-07-18,Australia,Technology,Mid-Market
C07837,Vertex 7837,2025-05-22,India,Media,Startup
C07838,Core 7838,2025-08-30,USA,Education,SMB
C07839,Blue 7839,2025-10-10,UK,Finance,Mid-Market
C07840,Pulse 7840,2025-06-07,Canada,Technology,Startup
C07841,Apex 7841,2025-06-28,India,Consulting,Mid-Market
C07842,Apex 7842,2025-03-21,USA,Consulting,Startup
C07843,Nexa 7843,2025-11-12,Canada,Marketing,Mid-Market
C07844,Pulse 7844,2025-11-13,UK,Media,Startup
C07845,Cloud 7845,2025-03-05,Canada,Healthcare,Startup
C07846,Nova 7846,2025-05-07,USA,Media,Startup
C07847,Nova 7847,2025-04-10,Singapore,Education,Mid-Market
C07848,Bright 7848,2025-12-03,India,Consulting,SMB
C07849,Nexa 7849,2025-01-24,India,Retail,Mid-Market
C07850,Apex 7850,2025-03-17,UK,Retail,SMB
C07851,Nexa 7851,2025-04-25,USA,Finance,Mid-Market
C07852,Apex 7852,2025-07-24,Germany,Retail,SMB
C07853,Cloud 7853,2025-04-01,India,Marketing,SMB
C07854,Pulse 7854,2025-07-15,India,Technology,SMB
C07855,Pulse 7855,2025-09-30,Canada,Education,Startup
C07856,Blue 7856,2025-10-30,USA,Marketing,Enterprise
C07857,Core 7857,2025-02-06,Canada,Marketing,Enterprise
C07858,Bright 7858,2025-02-20,Germany,Healthcare,Startup
C07859,Pulse 7859,2025-02-04,India,Technology,Enterprise
C07860,Bright 7860,2025-11-29,Canada,Technology,Startup
C07861,Core 7861,2025-08-27,Singapore,Consulting,Mid-Market
C07862,Nexa 7862,2025-07-13,Australia,Technology,Mid-Market
C07863,Core 7863,2025-10-16,India,Education,Startup
C07864,Cloud 7864,2025-08-02,UK,Marketing,Startup
C07865,Nova 7865,2025-03-27,Singapore,Technology,Mid-Market
C07866,Vertex 7866,2025-07-06,UK,Finance,SMB
C07867,Orbit 7867,2025-09-14,USA,Healthcare,SMB
C07868,Blue 7868,2025-01-14,India,Retail,Mid-Market
C07869,Nexa 7869,2025-08-10,Germany,Media,Startup
C07870,Core 7870,2025-07-01,Canada,Healthcare,Startup
C07871,Apex 7871,2025-01-26,Singapore,Technology,Enterprise
C07872,Blue 7872,2025-04-07,Singapore,Marketing,Mid-Market
C07873,Blue 7873,2025-06-13,USA,Healthcare,SMB
C07874,Cloud 7874,2025-05-06,Germany,Marketing,SMB
C07875,Core 7875,2025-04-16,India,Healthcare,Enterprise
C07876,Nova 7876,2025-08-25,India,Education,Startup
C07877,Orbit 7877,2025-05-28,India,Finance,Startup
C07878,Apex 7878,2025-07-01,Singapore,Retail,SMB
C07879,Bright 7879,2025-10-19,India,Healthcare,Mid-Market
C07880,Blue 7880,2025-02-04,UK,Finance,Startup
C07881,Nexa 7881,2025-05-12,USA,Retail,SMB
C07882,Vertex 7882,2025-01-27,USA,Finance,SMB
C07883,Vertex 7883,2025-12-05,UK,Technology,SMB
C07884,Vertex 7884,2025-03-09,India,Technology,Startup
C07885,Bright 7885,2025-10-27,USA,Consulting,SMB
C07886,Nova 7886,2025-03-11,USA,Marketing,SMB
C07887,Cloud 7887,2025-04-29,Australia,Marketing,SMB
C07888,Pulse 7888,2025-08-11,Canada,Technology,Startup
C07889,Core 7889,2025-10-31,Australia,Technology,Enterprise
C07890,Pulse 7890,2025-03-06,USA,Healthcare,Mid-Market
C07891,Apex 7891,2025-03-19,India,Healthcare,Startup
C07892,Nexa 7892,2025-11-18,USA,Healthcare,SMB
C07893,Blue 7893,2025-04-28,Netherlands,Marketing,Startup
C07894,Nova 7894,2025-03-18,India,Consulting,SMB
C07895,Blue 7895,2025-09-29,India,Education,Mid-Market
C07896,Pulse 7896,2025-02-03,Netherlands,Marketing,Startup
C07897,Bright 7897,2025-11-13,Netherlands,Marketing,Enterprise
C07898,Apex 7898,2025-11-16,India,Technology,SMB
C07899,Apex 7899,2025-11-09,Canada,Marketing,Startup
C07900,Vertex 7900,2025-04-18,USA,Technology,Startup
C07901,Cloud 7901,2025-02-11,UK,Consulting,Startup
C07902,Cloud 7902,2025-06-05,UK,Healthcare,Mid-Market
C07903,Nova 7903,2025-05-03,Netherlands,Marketing,SMB
C07904,Orbit 7904,2025-12-17,India,Retail,Mid-Market
C07905,Apex 7905,2025-08-19,Canada,Healthcare,Startup
C07906,Bright 7906,2025-12-11,India,Technology,SMB
C07907,Vertex 7907,2025-10-02,Germany,Retail,SMB
C07908,Blue 7908,2025-09-18,Germany,Finance,SMB
C07909,Nexa 7909,2025-02-10,Canada,Healthcare,Startup
C07910,Apex 7910,2025-01-26,Singapore,Finance,Startup
C07911,Pulse 7911,2025-01-17,Canada,Healthcare,Enterprise
C07912,Bright 7912,2025-08-05,Canada,Marketing,Mid-Market
C07913,Cloud 7913,2025-03-15,USA,Retail,Startup
C07914,Nexa 7914,2025-12-28,Netherlands,Consulting,Mid-Market
C07915,Pulse 7915,2025-02-18,USA,Marketing,SMB
C07916,Nexa 7916,2025-12-12,USA,Consulting,Mid-Market
C07917,Orbit 7917,2025-09-01,UK,Retail,Enterprise
C07918,Nova 7918,2025-02-08,USA,Technology,Startup
C07919,Nexa 7919,2025-01-22,UK,Marketing,Enterprise
C07920,Nexa 7920,2025-05-25,USA,Technology,Startup
C07921,Apex 7921,2025-05-04,India,Finance,Startup
C07922,Cloud 7922,2025-04-26,Singapore,Consulting,SMB
C07923,Blue 7923,2025-07-12,Singapore,Consulting,Mid-Market
C07924,Bright 7924,2025-02-17,UK,Retail,Startup
C07925,Cloud 7925,2025-02-17,Netherlands,Marketing,Startup
C07926,Pulse 7926,2025-09-11,USA,Technology,Startup
C07927,Apex 7927,2025-12-28,USA,Technology,SMB
C07928,Orbit 7928,2025-04-10,Singapore,Finance,SMB
C07929,Nexa 7929,2025-12-07,Germany,Healthcare,Startup
C07930,Bright 7930,2025-05-06,Canada,Marketing,Enterprise
C07931,Vertex 7931,2025-05-03,USA,Education,Mid-Market
C07932,Vertex 7932,2025-02-02,USA,Technology,Enterprise
C07933,Blue 7933,2025-06-04,India,Technology,Startup
C07934,Orbit 7934,2025-07-01,Netherlands,Technology,Startup
C07935,Apex 7935,2025-08-31,India,Consulting,SMB
C07936,Bright 7936,2025-02-27,UK,Finance,SMB
C07937,Pulse 7937,2025-03-10,India,Technology,SMB
C07938,Blue 7938,2025-06-07,Germany,Healthcare,Startup
C07939,Pulse 7939,2025-01-26,USA,Finance,Mid-Market
C07940,Orbit 7940,2025-02-22,Canada,Finance,SMB
C07941,Apex 7941,2025-08-18,UK,Consulting,SMB
C07942,Core 7942,2025-12-15,India,Finance,SMB
C07943,Core 7943,2025-07-29,India,Technology,Startup
C07944,Bright 7944,2025-02-22,India,Technology,Startup
C07945,Blue 7945,2025-12-28,Canada,Technology,Enterprise
C07946,Core 7946,2025-07-10,Australia,Retail,SMB
C07947,Core 7947,2025-09-19,USA,Education,Startup
C07948,Nova 7948,2025-03-13,UK,Healthcare,Startup
C07949,Vertex 7949,2025-07-31,USA,Marketing,Startup
C07950,Cloud 7950,2025-01-28,Singapore,Finance,Enterprise
C07951,Pulse 7951,2025-08-17,Netherlands,Healthcare,Mid-Market
C07952,Nova 7952,2025-03-15,Canada,Finance,SMB
C07953,Nova 7953,2025-11-28,India,Consulting,Enterprise
C07954,Nova 7954,2025-01-20,USA,Consulting,SMB
C07955,Vertex 7955,2025-08-27,Netherlands,Finance,Mid-Market
C07956,Blue 7956,2025-02-20,India,Consulting,SMB
C07957,Pulse 7957,2025-09-08,Germany,Technology,Mid-Market
C07958,Pulse 7958,2025-06-30,Singapore,Technology,Enterprise
C07959,Cloud 7959,2025-12-20,Canada,Technology,SMB
C07960,Nexa 7960,2025-08-26,Germany,Technology,Startup
C07961,Pulse 7961,2025-05-16,UK,Technology,Startup
C07962,Orbit 7962,2025-02-01,Singapore,Retail,Startup
C07963,Core 7963,2025-08-06,USA,Finance,Startup
C07964,Orbit 7964,2025-06-10,Singapore,Finance,SMB
C07965,Bright 7965,2025-01-20,USA,Technology,SMB
C07966,Nexa 7966,2025-08-01,Canada,Technology,Startup
C07967,Blue 7967,2025-03-18,Singapore,Technology,Enterprise
C07968,Core 7968,2025-03-27,UK,Technology,Startup
C07969,Apex 7969,2025-01-04,USA,Finance,Startup
C07970,Orbit 7970,2025-05-16,India,Technology,Startup
C07971,Blue 7971,2025-03-21,Australia,Technology,Enterprise
C07972,Pulse 7972,2025-01-27,Germany,Education,SMB
C07973,Orbit 7973,2025-06-08,USA,Media,Startup
C07974,Cloud 7974,2025-03-22,Singapore,Technology,Startup
C07975,Blue 7975,2025-02-18,Singapore,Education,SMB
C07976,Blue 7976,2025-06-20,Singapore,Education,Enterprise
C07977,Nova 7977,2025-01-24,Germany,Marketing,SMB
C07978,Nova 7978,2025-12-28,Netherlands,Education,SMB
C07979,Vertex 7979,2025-06-21,Singapore,Marketing,SMB
C07980,Bright 7980,2025-12-30,India,Retail,Startup
C07981,Vertex 7981,2025-11-18,Netherlands,Technology,SMB
C07982,Core 7982,2025-12-24,UK,Healthcare,SMB
C07983,Blue 7983,2025-07-18,Singapore,Education,Mid-Market
C07984,Vertex 7984,2025-06-04,Canada,Retail,Startup
C07985,Core 7985,2025-09-20,Germany,Marketing,Startup
C07986,Vertex 7986,2025-01-30,USA,Media,SMB
C07987,Pulse 7987,2025-11-03,India,Education,Mid-Market
C07988,Bright 7988,2025-04-29,USA,Education,SMB
C07989,Nova 7989,2025-01-03,Germany,Consulting,Mid-Market
C07990,Apex 7990,2025-03-28,Australia,Consulting,Mid-Market
C07991,Core 7991,2025-03-30,India,Marketing,Enterprise
C07992,Blue 7992,2025-01-06,India,Consulting,SMB
C07993,Vertex 7993,2025-09-02,Germany,Technology,Enterprise
C07994,Core 7994,2025-02-04,USA,Media,Mid-Market
C07995,Cloud 7995,2025-11-06,India,Consulting,SMB
C07996,Apex 7996,2025-06-15,India,Education,SMB
C07997,Vertex 7997,2025-09-20,Germany,Technology,Startup
C07998,Blue 7998,2025-05-04,UK,Finance,SMB
C07999,Pulse 7999,2025-02-18,Australia,Finance,Mid-Market
C08000,Nexa 8000,2025-03-07,USA,Finance,Enterprise
C08001,Pulse 8001,2025-08-24,India,Education,SMB
C08002,Core 8002,2025-09-19,Australia,Retail,Enterprise
C08003,Vertex 8003,2025-04-08,Netherlands,Education,Startup
C08004,Cloud 8004,2025-05-11,USA,Healthcare,Enterprise
C08005,Nova 8005,2025-12-11,Australia,Media,SMB
C08006,Apex 8006,2025-11-07,Canada,Retail,Mid-Market
C08007,Apex 8007,2025-05-31,Singapore,Education,SMB
C08008,Nova 8008,2025-03-29,USA,Healthcare,Enterprise
C08009,Nexa 8009,2025-04-20,India,Education,Startup
C08010,Nova 8010,2025-07-16,India,Healthcare,SMB
C08011,Pulse 8011,2025-07-26,Canada,Technology,Mid-Market
C08012,Pulse 8012,2025-03-09,Australia,Marketing,Startup
C08013,Core 8013,2025-01-25,USA,Education,SMB
C08014,Vertex 8014,2025-06-30,India,Finance,SMB
C08015,Core 8015,2025-10-19,India,Retail,Mid-Market
C08016,Orbit 8016,2025-02-25,UK,Retail,Enterprise
C08017,Core 8017,2025-05-30,Singapore,Marketing,Startup
C08018,Nexa 8018,2025-02-28,USA,Technology,Mid-Market
C08019,Nexa 8019,2025-03-30,Germany,Technology,SMB
C08020,Nova 8020,2025-08-12,UK,Education,Mid-Market
C08021,Nexa 8021,2025-04-15,Singapore,Consulting,Startup
C08022,Apex 8022,2025-04-07,Australia,Marketing,Startup
C08023,Core 8023,2025-12-30,India,Technology,SMB
C08024,Nexa 8024,2025-03-04,Germany,Technology,Startup
C08025,Nova 8025,2025-03-11,Australia,Technology,Mid-Market
C08026,Core 8026,2025-12-06,Singapore,Education,Startup
C08027,Nova 8027,2025-07-20,UK,Marketing,Enterprise
C08028,Cloud 8028,2025-01-16,India,Technology,Mid-Market
C08029,Cloud 8029,2025-06-05,UK,Marketing,SMB
C08030,Blue 8030,2025-07-26,Germany,Retail,Mid-Market
C08031,Vertex 8031,2025-04-03,USA,Healthcare,Enterprise
C08032,Core 8032,2025-07-20,Netherlands,Technology,Mid-Market
C08033,Cloud 8033,2025-08-25,India,Marketing,SMB
C08034,Nexa 8034,2025-04-02,Singapore,Retail,SMB
C08035,Nova 8035,2025-10-24,USA,Technology,Mid-Market
C08036,Bright 8036,2025-06-15,India,Technology,Mid-Market
C08037,Nexa 8037,2025-12-18,UK,Marketing,SMB
C08038,Pulse 8038,2025-02-02,Germany,Finance,SMB
C08039,Core 8039,2025-04-29,Australia,Retail,Startup
C08040,Core 8040,2025-09-21,UK,Consulting,Mid-Market
C08041,Orbit 8041,2025-11-23,India,Technology,Mid-Market
C08042,Bright 8042,2025-03-22,Singapore,Retail,Startup
C08043,Cloud 8043,2025-12-24,UK,Education,Startup
C08044,Blue 8044,2025-03-12,USA,Marketing,Enterprise
C08045,Nexa 8045,2025-06-01,Singapore,Finance,Startup
C08046,Blue 8046,2025-04-25,India,Education,Mid-Market
C08047,Apex 8047,2025-06-04,India,Retail,SMB
C08048,Apex 8048,2025-11-26,UK,Technology,SMB
C08049,Core 8049,2025-09-25,Germany,Healthcare,Startup
C08050,Pulse 8050,2025-10-18,UK,Media,Startup
C08051,Cloud 8051,2025-04-03,Singapore,Healthcare,SMB
C08052,Orbit 8052,2025-12-12,USA,Technology,SMB
C08053,Cloud 8053,2025-06-08,Netherlands,Technology,Mid-Market
C08054,Pulse 8054,2025-08-26,India,Education,Enterprise
C08055,Nova 8055,2025-09-12,India,Education,Mid-Market
C08056,Core 8056,2025-08-30,India,Technology,SMB
C08057,Blue 8057,2025-08-08,India,Technology,SMB
C08058,Nova 8058,2025-06-25,USA,Marketing,Startup
C08059,Nexa 8059,2025-08-25,Australia,Education,Mid-Market
C08060,Nova 8060,2025-11-27,Australia,Technology,SMB
C08061,Bright 8061,2025-05-23,Canada,Healthcare,Mid-Market
C08062,Bright 8062,2025-07-06,India,Marketing,SMB
C08063,Orbit 8063,2025-03-07,Australia,Technology,Startup
C08064,Blue 8064,2025-05-10,USA,Technology,SMB
C08065,Apex 8065,2025-10-09,Canada,Retail,Mid-Market
C08066,Bright 8066,2025-08-22,Canada,Retail,Mid-Market
C08067,Nova 8067,2025-03-19,India,Finance,SMB
C08068,Core 8068,2025-07-19,UK,Retail,Mid-Market
C08069,Bright 8069,2025-10-24,Singapore,Education,Startup
C08070,Apex 8070,2025-02-15,USA,Media,Enterprise
C08071,Nova 8071,2025-01-23,Canada,Media,SMB
C08072,Cloud 8072,2025-05-24,Netherlands,Marketing,Mid-Market
C08073,Orbit 8073,2025-08-28,USA,Healthcare,SMB
C08074,Blue 8074,2025-04-25,USA,Technology,Enterprise
C08075,Bright 8075,2025-10-27,USA,Marketing,Mid-Market
C08076,Orbit 8076,2025-11-06,Australia,Healthcare,Startup
C08077,Core 8077,2025-07-14,USA,Education,SMB
C08078,Bright 8078,2025-05-19,UK,Technology,Startup
C08079,Cloud 8079,2025-01-16,India,Retail,Mid-Market
C08080,Nova 8080,2025-10-27,Netherlands,Media,Mid-Market
C08081,Blue 8081,2025-11-23,Singapore,Technology,SMB
C08082,Vertex 8082,2025-06-11,Germany,Education,SMB
C08083,Cloud 8083,2025-07-08,Netherlands,Consulting,Mid-Market
C08084,Vertex 8084,2025-10-03,Germany,Marketing,Mid-Market
C08085,Pulse 8085,2025-09-11,Netherlands,Media,SMB
C08086,Bright 8086,2025-02-19,India,Marketing,Mid-Market
C08087,Pulse 8087,2025-09-03,India,Finance,Startup
C08088,Nexa 8088,2025-12-04,Singapore,Healthcare,SMB
C08089,Nova 8089,2025-10-02,USA,Marketing,Enterprise
C08090,Bright 8090,2025-06-25,USA,Finance,Mid-Market
C08091,Nova 8091,2025-07-10,Canada,Consulting,Startup
C08092,Nova 8092,2025-04-05,Germany,Marketing,SMB
C08093,Apex 8093,2025-08-30,USA,Healthcare,SMB
C08094,Cloud 8094,2025-03-30,USA,Healthcare,Startup
C08095,Nova 8095,2025-05-05,USA,Healthcare,Enterprise
C08096,Apex 8096,2025-04-07,India,Healthcare,Startup
C08097,Apex 8097,2025-05-03,India,Marketing,SMB
C08098,Blue 8098,2025-05-14,UK,Finance,Mid-Market
C08099,Nexa 8099,2025-01-31,Canada,Consulting,Startup
C08100,Bright 8100,2025-09-19,USA,Retail,SMB
C08101,Apex 8101,2025-06-10,USA,Marketing,SMB
C08102,Nova 8102,2025-12-13,Germany,Consulting,SMB
C08103,Bright 8103,2025-03-08,India,Media,SMB
C08104,Orbit 8104,2025-09-02,USA,Technology,SMB
C08105,Nova 8105,2025-03-07,India,Technology,Enterprise
C08106,Blue 8106,2025-07-19,Germany,Technology,Mid-Market
C08107,Orbit 8107,2025-06-29,India,Healthcare,Startup
C08108,Pulse 8108,2025-06-13,USA,Finance,SMB
C08109,Cloud 8109,2025-08-27,UK,Marketing,SMB
C08110,Core 8110,2025-10-30,Australia,Healthcare,SMB
C08111,Bright 8111,2025-04-26,Canada,Technology,Startup
C08112,Blue 8112,2025-11-07,Netherlands,Healthcare,SMB
C08113,Orbit 8113,2025-03-09,Germany,Technology,SMB
C08114,Nexa 8114,2025-04-17,USA,Marketing,Enterprise
C08115,Cloud 8115,2025-04-24,India,Finance,Startup
C08116,Blue 8116,2025-12-14,India,Technology,Startup
C08117,Vertex 8117,2025-02-13,USA,Technology,Mid-Market
C08118,Nova 8118,2025-05-25,India,Consulting,Mid-Market
C08119,Apex 8119,2025-06-04,USA,Finance,SMB
C08120,Core 8120,2025-10-20,Canada,Education,Mid-Market
C08121,Blue 8121,2025-06-27,Germany,Consulting,Mid-Market
C08122,Core 8122,2025-12-19,USA,Marketing,Startup
C08123,Orbit 8123,2025-09-28,UK,Technology,SMB
C08124,Blue 8124,2025-09-14,India,Marketing,Mid-Market
C08125,Apex 8125,2025-10-02,UK,Technology,SMB
C08126,Apex 8126,2025-02-28,UK,Consulting,Enterprise
C08127,Vertex 8127,2025-06-13,USA,Consulting,Enterprise
C08128,Pulse 8128,2025-08-02,USA,Healthcare,SMB
C08129,Bright 8129,2025-03-18,Netherlands,Finance,Startup
C08130,Vertex 8130,2025-02-13,UK,Education,Enterprise
C08131,Bright 8131,2025-02-19,UK,Marketing,SMB
C08132,Nexa 8132,2025-10-16,India,Technology,Startup
C08133,Cloud 8133,2025-08-28,India,Consulting,Mid-Market
C08134,Bright 8134,2025-04-13,USA,Finance,Mid-Market
C08135,Bright 8135,2025-09-27,Netherlands,Retail,Startup
C08136,Orbit 8136,2025-09-11,India,Consulting,Startup
C08137,Pulse 8137,2025-10-26,USA,Finance,Mid-Market
C08138,Nexa 8138,2025-11-29,Netherlands,Finance,Enterprise
C08139,Vertex 8139,2025-11-19,UK,Healthcare,SMB
C08140,Bright 8140,2025-03-08,USA,Consulting,Startup
C08141,Nexa 8141,2025-10-08,Germany,Technology,SMB
C08142,Cloud 8142,2025-05-24,UK,Finance,SMB
C08143,Nova 8143,2025-05-28,Netherlands,Education,SMB
C08144,Bright 8144,2025-08-25,India,Technology,SMB
C08145,Nexa 8145,2025-08-08,Australia,Technology,Startup
C08146,Nexa 8146,2025-06-03,USA,Consulting,Mid-Market
C08147,Vertex 8147,2025-12-31,Australia,Marketing,Mid-Market
C08148,Nexa 8148,2025-03-05,Australia,Marketing,Mid-Market
C08149,Vertex 8149,2025-02-05,Australia,Finance,SMB
C08150,Pulse 8150,2025-01-11,Australia,Marketing,SMB
C08151,Orbit 8151,2025-10-25,Canada,Marketing,SMB
C08152,Vertex 8152,2025-05-29,India,Healthcare,SMB
C08153,Bright 8153,2025-06-09,India,Media,Mid-Market
C08154,Core 8154,2025-08-25,USA,Technology,Mid-Market
C08155,Apex 8155,2025-06-08,UK,Healthcare,Mid-Market
C08156,Nexa 8156,2025-07-29,USA,Retail,Startup
C08157,Pulse 8157,2025-01-22,Canada,Technology,SMB
C08158,Nova 8158,2025-02-27,Canada,Media,Startup
C08159,Blue 8159,2025-12-07,Netherlands,Healthcare,SMB
C08160,Bright 8160,2025-06-14,USA,Technology,SMB
C08161,Pulse 8161,2025-03-03,Canada,Technology,Mid-Market
C08162,Apex 8162,2025-05-15,Canada,Finance,Enterprise
C08163,Orbit 8163,2025-05-03,Netherlands,Retail,Startup
C08164,Bright 8164,2025-04-11,Canada,Media,Mid-Market
C08165,Core 8165,2025-04-18,USA,Marketing,Mid-Market
C08166,Vertex 8166,2025-09-24,India,Technology,SMB
C08167,Core 8167,2025-02-08,Netherlands,Healthcare,SMB
C08168,Cloud 8168,2025-04-24,Canada,Healthcare,SMB
C08169,Core 8169,2025-06-20,Australia,Technology,Startup
C08170,Nova 8170,2025-07-17,Australia,Technology,Startup
C08171,Nova 8171,2025-11-18,Canada,Healthcare,Mid-Market
C08172,Nova 8172,2025-12-03,Canada,Healthcare,Startup
C08173,Orbit 8173,2025-04-19,Singapore,Education,SMB
C08174,Cloud 8174,2025-07-16,Singapore,Healthcare,Mid-Market
C08175,Orbit 8175,2025-01-09,USA,Technology,Mid-Market
C08176,Core 8176,2025-08-14,India,Technology,Startup
C08177,Nova 8177,2025-02-25,India,Education,Mid-Market
C08178,Orbit 8178,2025-01-27,USA,Education,Startup
C08179,Pulse 8179,2025-09-03,Australia,Technology,Mid-Market
C08180,Apex 8180,2025-03-07,Australia,Retail,Startup
C08181,Blue 8181,2025-06-24,USA,Education,Startup
C08182,Nexa 8182,2025-02-06,USA,Technology,Enterprise
C08183,Nova 8183,2025-09-30,UK,Finance,Startup
C08184,Orbit 8184,2025-10-07,Australia,Media,Startup
C08185,Bright 8185,2025-07-29,Germany,Healthcare,Startup
C08186,Vertex 8186,2025-11-02,India,Technology,SMB
C08187,Blue 8187,2025-06-09,USA,Marketing,Mid-Market
C08188,Cloud 8188,2025-03-10,UK,Technology,Startup
C08189,Nova 8189,2025-02-25,UK,Consulting,Startup
C08190,Cloud 8190,2025-03-22,Australia,Consulting,Mid-Market
C08191,Core 8191,2025-03-15,Singapore,Consulting,Startup
C08192,Orbit 8192,2025-04-28,India,Marketing,Startup
C08193,Core 8193,2025-03-20,India,Education,Startup
C08194,Apex 8194,2025-08-04,USA,Finance,Mid-Market
C08195,Vertex 8195,2025-02-24,USA,Retail,SMB
C08196,Bright 8196,2025-08-15,USA,Technology,SMB
C08197,Vertex 8197,2025-05-02,India,Finance,SMB
C08198,Orbit 8198,2025-09-08,India,Media,SMB
C08199,Cloud 8199,2025-07-07,Australia,Media,Mid-Market
C08200,Blue 8200,2025-11-27,India,Marketing,Enterprise
C08201,Bright 8201,2025-06-10,Australia,Marketing,SMB
C08202,Bright 8202,2025-04-18,USA,Technology,Mid-Market
C08203,Blue 8203,2025-08-04,USA,Education,Startup
C08204,Orbit 8204,2025-08-29,India,Technology,SMB
C08205,Vertex 8205,2025-06-10,India,Finance,SMB
C08206,Apex 8206,2025-07-24,USA,Healthcare,Startup
C08207,Cloud 8207,2025-06-21,Australia,Retail,Startup
C08208,Pulse 8208,2025-04-22,Singapore,Media,Startup
C08209,Orbit 8209,2025-04-25,India,Media,Startup
C08210,Pulse 8210,2025-11-28,India,Consulting,Mid-Market
C08211,Blue 8211,2025-09-04,India,Finance,Startup
C08212,Pulse 8212,2025-02-04,Canada,Technology,SMB
C08213,Bright 8213,2025-12-18,India,Healthcare,Startup
C08214,Cloud 8214,2025-09-17,India,Finance,SMB
C08215,Orbit 8215,2025-01-19,Singapore,Education,Startup
C08216,Apex 8216,2025-09-23,Singapore,Healthcare,Startup
C08217,Bright 8217,2025-08-04,Germany,Retail,SMB
C08218,Core 8218,2025-12-01,India,Healthcare,Startup
C08219,Blue 8219,2025-06-28,USA,Healthcare,SMB
C08220,Bright 8220,2025-07-09,India,Consulting,SMB
C08221,Nexa 8221,2025-04-25,Germany,Marketing,Enterprise
C08222,Blue 8222,2025-04-28,Canada,Finance,SMB
C08223,Nova 8223,2025-08-14,India,Education,SMB
C08224,Bright 8224,2025-10-30,Singapore,Marketing,SMB
C08225,Pulse 8225,2025-11-22,USA,Technology,SMB
C08226,Apex 8226,2025-10-09,Australia,Healthcare,SMB
C08227,Pulse 8227,2025-08-11,India,Retail,SMB
C08228,Apex 8228,2025-07-02,USA,Technology,SMB
C08229,Nova 8229,2025-05-04,India,Healthcare,Mid-Market
C08230,Apex 8230,2025-10-08,Canada,Finance,SMB
C08231,Apex 8231,2025-04-27,India,Marketing,Startup
C08232,Core 8232,2025-04-08,USA,Media,SMB
C08233,Vertex 8233,2025-11-13,Canada,Finance,Mid-Market
C08234,Vertex 8234,2025-08-04,Canada,Retail,Mid-Market
C08235,Vertex 8235,2025-05-10,Germany,Retail,Startup
C08236,Orbit 8236,2025-11-12,Germany,Finance,SMB
C08237,Blue 8237,2025-12-18,Germany,Consulting,Enterprise
C08238,Nexa 8238,2025-04-27,Germany,Media,Startup
C08239,Core 8239,2025-07-10,USA,Media,SMB
C08240,Core 8240,2025-06-26,India,Marketing,SMB
C08241,Nexa 8241,2025-09-14,USA,Technology,Mid-Market
C08242,Nexa 8242,2025-12-14,India,Technology,SMB
C08243,Cloud 8243,2025-07-20,USA,Finance,Mid-Market
C08244,Blue 8244,2025-10-19,USA,Marketing,Startup
C08245,Pulse 8245,2025-08-06,India,Healthcare,Startup
C08246,Core 8246,2025-11-20,Canada,Education,Startup
C08247,Blue 8247,2025-05-28,Canada,Consulting,Startup
C08248,Bright 8248,2025-05-21,UK,Technology,Mid-Market
C08249,Vertex 8249,2025-06-04,Singapore,Retail,Startup
C08250,Core 8250,2025-12-30,USA,Technology,Startup
C08251,Apex 8251,2025-08-12,USA,Finance,Mid-Market
C08252,Blue 8252,2025-02-25,India,Consulting,SMB
C08253,Nexa 8253,2025-01-15,UK,Technology,SMB
C08254,Cloud 8254,2025-07-09,India,Technology,Startup
C08255,Bright 8255,2025-10-22,Australia,Media,Enterprise
C08256,Nexa 8256,2025-06-24,USA,Retail,SMB
C08257,Bright 8257,2025-07-24,UK,Consulting,Startup
C08258,Cloud 8258,2025-10-19,UK,Technology,SMB
C08259,Cloud 8259,2025-07-08,USA,Finance,SMB
C08260,Nexa 8260,2025-11-28,Canada,Technology,SMB
C08261,Nova 8261,2025-08-21,Germany,Technology,SMB
C08262,Nova 8262,2025-09-24,Canada,Media,SMB
C08263,Nova 8263,2025-10-13,Germany,Technology,SMB
C08264,Pulse 8264,2025-08-17,USA,Consulting,Startup
C08265,Nova 8265,2025-01-19,USA,Technology,Mid-Market
C08266,Apex 8266,2025-06-06,Canada,Marketing,Startup
C08267,Vertex 8267,2025-02-21,USA,Technology,Mid-Market
C08268,Orbit 8268,2025-07-06,USA,Technology,Startup
C08269,Nova 8269,2025-02-22,India,Technology,SMB
C08270,Nova 8270,2025-07-05,Germany,Retail,SMB
C08271,Apex 8271,2025-05-06,India,Education,SMB
C08272,Nexa 8272,2025-01-08,Netherlands,Education,Mid-Market
C08273,Vertex 8273,2025-02-15,India,Finance,SMB
C08274,Apex 8274,2025-07-03,USA,Consulting,Mid-Market
C08275,Core 8275,2025-01-29,India,Education,Enterprise
C08276,Nexa 8276,2025-11-09,USA,Healthcare,Enterprise
C08277,Pulse 8277,2025-10-04,USA,Education,SMB
C08278,Bright 8278,2025-09-16,Canada,Retail,Startup
C08279,Blue 8279,2025-03-04,India,Media,Mid-Market
C08280,Vertex 8280,2025-10-18,USA,Media,Startup
C08281,Nexa 8281,2025-08-20,India,Marketing,Mid-Market
C08282,Apex 8282,2025-05-23,USA,Technology,Startup
C08283,Nova 8283,2025-01-01,Netherlands,Technology,Mid-Market
C08284,Blue 8284,2025-07-13,USA,Technology,Startup
C08285,Pulse 8285,2025-10-18,Canada,Finance,Mid-Market
C08286,Cloud 8286,2025-01-13,USA,Finance,SMB
C08287,Nova 8287,2025-01-20,USA,Education,Startup
C08288,Nexa 8288,2025-05-20,Australia,Marketing,SMB
C08289,Orbit 8289,2025-07-06,India,Education,SMB
C08290,Nova 8290,2025-06-23,Australia,Media,Mid-Market
C08291,Blue 8291,2025-06-05,UK,Technology,SMB
C08292,Pulse 8292,2025-04-04,USA,Technology,SMB
C08293,Apex 8293,2025-01-22,Singapore,Education,SMB
C08294,Cloud 8294,2025-01-12,USA,Marketing,Mid-Market
C08295,Cloud 8295,2025-02-06,Netherlands,Marketing,Startup
C08296,Apex 8296,2025-09-09,Singapore,Retail,Enterprise
C08297,Nova 8297,2025-10-14,USA,Technology,SMB
C08298,Bright 8298,2025-06-08,USA,Marketing,Mid-Market
C08299,Cloud 8299,2025-01-29,Australia,Media,Mid-Market
C08300,Vertex 8300,2025-06-01,India,Healthcare,Startup
C08301,Vertex 8301,2025-12-26,Canada,Marketing,Startup
C08302,Bright 8302,2025-04-02,India,Technology,Startup
C08303,Bright 8303,2025-06-29,India,Finance,Startup
C08304,Bright 8304,2025-07-16,UK,Technology,Startup
C08305,Nexa 8305,2025-05-01,Canada,Marketing,Mid-Market
C08306,Orbit 8306,2025-06-09,Canada,Marketing,SMB
C08307,Vertex 8307,2025-06-22,Germany,Media,SMB
C08308,Blue 8308,2025-06-23,USA,Education,SMB
C08309,Pulse 8309,2025-09-19,USA,Technology,Startup
C08310,Apex 8310,2025-08-01,USA,Retail,SMB
C08311,Nova 8311,2025-01-20,USA,Finance,Startup
C08312,Blue 8312,2025-01-03,USA,Consulting,Mid-Market
C08313,Pulse 8313,2025-05-30,UK,Finance,Mid-Market
C08314,Apex 8314,2025-11-28,India,Consulting,Startup
C08315,Vertex 8315,2025-01-14,India,Retail,Mid-Market
C08316,Vertex 8316,2025-01-26,Germany,Technology,SMB
C08317,Cloud 8317,2025-09-05,India,Marketing,Startup
C08318,Cloud 8318,2025-06-14,Netherlands,Marketing,Startup
C08319,Cloud 8319,2025-03-26,USA,Finance,Startup
C08320,Apex 8320,2025-03-17,India,Finance,Mid-Market
C08321,Nova 8321,2025-08-31,Singapore,Education,Mid-Market
C08322,Bright 8322,2025-07-11,UK,Finance,SMB
C08323,Core 8323,2025-08-21,Australia,Technology,Startup
C08324,Core 8324,2025-04-13,USA,Consulting,SMB
C08325,Nova 8325,2025-07-12,USA,Education,SMB
C08326,Nexa 8326,2025-11-10,Germany,Finance,Startup
C08327,Blue 8327,2025-04-26,USA,Media,SMB
C08328,Orbit 8328,2025-05-25,UK,Retail,Startup
C08329,Bright 8329,2025-03-01,USA,Media,Startup
C08330,Apex 8330,2025-08-22,USA,Marketing,SMB
C08331,Cloud 8331,2025-01-12,India,Technology,Startup
C08332,Bright 8332,2025-04-01,Canada,Technology,Mid-Market
C08333,Blue 8333,2025-09-18,USA,Media,Mid-Market
C08334,Nexa 8334,2025-01-08,Netherlands,Retail,SMB
C08335,Apex 8335,2025-12-28,USA,Consulting,Enterprise
C08336,Vertex 8336,2025-05-28,USA,Marketing,SMB
C08337,Blue 8337,2025-05-26,USA,Healthcare,Mid-Market
C08338,Vertex 8338,2025-07-15,Germany,Education,SMB
C08339,Pulse 8339,2025-08-22,Australia,Technology,Mid-Market
C08340,Bright 8340,2025-06-17,UK,Marketing,SMB
C08341,Cloud 8341,2025-11-19,USA,Education,SMB
C08342,Vertex 8342,2025-12-18,Canada,Consulting,SMB
C08343,Bright 8343,2025-03-15,India,Healthcare,SMB
C08344,Nexa 8344,2025-09-15,UK,Consulting,SMB
C08345,Apex 8345,2025-04-20,Canada,Technology,Enterprise
C08346,Nova 8346,2025-12-30,USA,Technology,SMB
C08347,Cloud 8347,2025-04-03,Germany,Technology,SMB
C08348,Vertex 8348,2025-04-18,Canada,Finance,SMB
C08349,Apex 8349,2025-09-18,India,Finance,Mid-Market
C08350,Blue 8350,2025-10-16,USA,Healthcare,Mid-Market
C08351,Blue 8351,2025-02-16,USA,Healthcare,SMB
C08352,Blue 8352,2025-07-22,Canada,Healthcare,Startup
C08353,Vertex 8353,2025-05-07,UK,Marketing,Mid-Market
C08354,Apex 8354,2025-08-12,USA,Consulting,Enterprise
C08355,Nova 8355,2025-07-23,USA,Technology,Mid-Market
C08356,Apex 8356,2025-12-26,India,Finance,Mid-Market
C08357,Orbit 8357,2025-12-07,India,Technology,Startup
C08358,Pulse 8358,2025-08-27,USA,Technology,Enterprise
C08359,Bright 8359,2025-09-05,India,Marketing,Startup
C08360,Nova 8360,2025-11-25,India,Retail,Startup
C08361,Apex 8361,2025-03-08,Germany,Finance,SMB
C08362,Apex 8362,2025-09-22,Germany,Healthcare,SMB
C08363,Nexa 8363,2025-10-09,India,Technology,Mid-Market
C08364,Nova 8364,2025-02-16,UK,Technology,SMB
C08365,Nexa 8365,2025-11-18,India,Retail,Startup
C08366,Apex 8366,2025-09-13,USA,Marketing,SMB
C08367,Pulse 8367,2025-05-07,Netherlands,Education,Mid-Market
C08368,Blue 8368,2025-06-26,UK,Retail,Mid-Market
C08369,Cloud 8369,2025-06-28,India,Marketing,Startup
C08370,Pulse 8370,2025-12-02,USA,Technology,SMB
C08371,Vertex 8371,2025-12-20,Germany,Consulting,Startup
C08372,Blue 8372,2025-10-22,India,Consulting,Mid-Market
C08373,Apex 8373,2025-08-27,Netherlands,Healthcare,SMB
C08374,Pulse 8374,2025-02-08,USA,Marketing,SMB
C08375,Pulse 8375,2025-11-30,India,Marketing,Startup
C08376,Nexa 8376,2025-02-18,UK,Finance,Mid-Market
C08377,Bright 8377,2025-03-02,Germany,Education,Mid-Market
C08378,Pulse 8378,2025-01-26,USA,Finance,SMB
C08379,Apex 8379,2025-12-12,Singapore,Finance,Startup
C08380,Nexa 8380,2025-06-30,Singapore,Healthcare,SMB
C08381,Nexa 8381,2025-03-28,India,Marketing,Mid-Market
C08382,Apex 8382,2025-01-30,India,Retail,SMB
C08383,Vertex 8383,2025-05-31,USA,Marketing,Mid-Market
C08384,Cloud 8384,2025-09-22,Germany,Consulting,Startup
C08385,Blue 8385,2025-12-30,Germany,Finance,SMB
C08386,Orbit 8386,2025-07-21,USA,Marketing,Startup
C08387,Nexa 8387,2025-08-10,Netherlands,Technology,SMB
C08388,Cloud 8388,2025-11-02,USA,Healthcare,Startup
C08389,Pulse 8389,2025-11-26,Australia,Education,SMB
C08390,Apex 8390,2025-04-13,Australia,Technology,SMB
C08391,Cloud 8391,2025-12-29,India,Retail,Mid-Market
C08392,Vertex 8392,2025-07-09,India,Healthcare,SMB
C08393,Bright 8393,2025-12-06,India,Education,Startup
C08394,Orbit 8394,2025-02-12,Singapore,Healthcare,Startup
C08395,Cloud 8395,2025-02-05,USA,Consulting,Startup
C08396,Cloud 8396,2025-11-19,Australia,Marketing,Mid-Market
C08397,Cloud 8397,2025-09-03,USA,Technology,SMB
C08398,Cloud 8398,2025-03-05,USA,Retail,SMB
C08399,Pulse 8399,2025-11-23,Singapore,Education,Mid-Market
C08400,Apex 8400,2025-02-07,USA,Healthcare,Startup
C08401,Apex 8401,2025-09-07,Canada,Education,SMB
C08402,Vertex 8402,2025-03-16,USA,Finance,Startup
C08403,Orbit 8403,2025-01-26,India,Consulting,Startup
C08404,Blue 8404,2025-10-22,India,Healthcare,SMB
C08405,Pulse 8405,2025-11-06,India,Consulting,Mid-Market
C08406,Apex 8406,2025-02-08,Canada,Finance,Mid-Market
C08407,Bright 8407,2025-02-03,USA,Consulting,SMB
C08408,Bright 8408,2025-08-13,USA,Retail,SMB
C08409,Nova 8409,2025-01-11,India,Media,Mid-Market
C08410,Nova 8410,2025-09-30,Germany,Consulting,Mid-Market
C08411,Pulse 8411,2025-12-01,Australia,Education,Mid-Market
C08412,Core 8412,2025-10-02,Germany,Marketing,SMB
C08413,Blue 8413,2025-03-26,Netherlands,Technology,SMB
C08414,Nexa 8414,2025-03-11,India,Marketing,Mid-Market
C08415,Blue 8415,2025-09-06,India,Marketing,Startup
C08416,Apex 8416,2025-01-23,UK,Technology,SMB
C08417,Cloud 8417,2025-07-16,USA,Education,Startup
C08418,Cloud 8418,2025-06-13,Germany,Technology,SMB
C08419,Cloud 8419,2025-09-29,Australia,Marketing,SMB
C08420,Pulse 8420,2025-03-15,India,Healthcare,Startup
C08421,Nova 8421,2025-10-06,Singapore,Retail,SMB
C08422,Blue 8422,2025-09-13,India,Technology,Startup
C08423,Pulse 8423,2025-03-29,Germany,Technology,Mid-Market
C08424,Bright 8424,2025-05-11,USA,Marketing,Enterprise
C08425,Pulse 8425,2025-01-25,Germany,Healthcare,SMB
C08426,Vertex 8426,2025-06-14,India,Technology,Startup
C08427,Apex 8427,2025-04-06,Singapore,Marketing,Mid-Market
C08428,Vertex 8428,2025-02-11,Singapore,Retail,Mid-Market
C08429,Vertex 8429,2025-07-24,UK,Consulting,Mid-Market
C08430,Nova 8430,2025-07-27,UK,Technology,SMB
C08431,Pulse 8431,2025-02-01,Germany,Technology,Startup
C08432,Pulse 8432,2025-03-09,UK,Marketing,Enterprise
C08433,Core 8433,2025-01-31,UK,Education,SMB
C08434,Blue 8434,2025-09-05,UK,Media,SMB
C08435,Blue 8435,2025-05-04,Australia,Technology,Mid-Market
C08436,Blue 8436,2025-01-26,Germany,Marketing,Mid-Market
C08437,Nova 8437,2025-03-11,India,Media,Startup
C08438,Pulse 8438,2025-12-23,Singapore,Technology,Enterprise
C08439,Pulse 8439,2025-04-04,India,Media,SMB
C08440,Vertex 8440,2025-09-07,India,Healthcare,Startup
C08441,Vertex 8441,2025-06-20,Netherlands,Consulting,Startup
C08442,Blue 8442,2025-03-08,India,Healthcare,SMB
C08443,Core 8443,2025-04-23,India,Retail,SMB
C08444,Bright 8444,2025-01-06,UK,Retail,Startup
C08445,Nova 8445,2025-09-30,Australia,Technology,SMB
C08446,Bright 8446,2025-05-03,India,Consulting,SMB
C08447,Nova 8447,2025-07-02,UK,Technology,SMB
C08448,Nexa 8448,2025-02-25,India,Finance,Enterprise
C08449,Bright 8449,2025-10-28,USA,Marketing,Startup
C08450,Nova 8450,2025-03-21,USA,Marketing,Mid-Market
C08451,Blue 8451,2025-07-26,India,Finance,SMB
C08452,Core 8452,2025-11-15,Singapore,Finance,Startup
C08453,Blue 8453,2025-09-18,Germany,Technology,Startup
C08454,Blue 8454,2025-08-09,Australia,Technology,Enterprise
C08455,Nova 8455,2025-11-21,Singapore,Technology,Startup
C08456,Pulse 8456,2025-03-06,Singapore,Finance,Startup
C08457,Pulse 8457,2025-12-18,Canada,Consulting,SMB
C08458,Pulse 8458,2025-07-23,USA,Finance,SMB
C08459,Cloud 8459,2025-05-30,Australia,Retail,SMB
C08460,Bright 8460,2025-04-04,UK,Finance,Startup
C08461,Blue 8461,2025-09-29,USA,Marketing,SMB
C08462,Nova 8462,2025-12-23,USA,Technology,Mid-Market
C08463,Nexa 8463,2025-09-09,USA,Technology,Mid-Market
C08464,Pulse 8464,2025-01-12,USA,Education,Enterprise
C08465,Pulse 8465,2025-06-21,Canada,Finance,SMB
C08466,Orbit 8466,2025-09-25,UK,Finance,Startup
C08467,Pulse 8467,2025-05-26,USA,Healthcare,Startup
C08468,Blue 8468,2025-10-10,India,Consulting,Mid-Market
C08469,Pulse 8469,2025-09-16,Australia,Healthcare,Mid-Market
C08470,Vertex 8470,2025-01-25,USA,Technology,SMB
C08471,Cloud 8471,2025-07-23,USA,Finance,SMB
C08472,Bright 8472,2025-03-04,Canada,Marketing,SMB
C08473,Bright 8473,2025-06-27,Australia,Media,SMB
C08474,Bright 8474,2025-05-21,UK,Technology,SMB
C08475,Cloud 8475,2025-10-22,Germany,Finance,SMB
C08476,Nexa 8476,2025-11-13,India,Marketing,Startup
C08477,Vertex 8477,2025-06-18,Singapore,Media,Startup
C08478,Pulse 8478,2025-07-16,UK,Technology,Startup
C08479,Nexa 8479,2025-08-17,Canada,Consulting,Enterprise
C08480,Blue 8480,2025-08-28,India,Consulting,Enterprise
C08481,Nova 8481,2025-08-20,Germany,Finance,Mid-Market
C08482,Cloud 8482,2025-10-13,USA,Consulting,Mid-Market
C08483,Core 8483,2025-12-25,USA,Marketing,Startup
C08484,Apex 8484,2025-10-30,Germany,Technology,Startup
C08485,Orbit 8485,2025-02-19,Australia,Finance,Startup
C08486,Nova 8486,2025-06-23,USA,Finance,Startup
C08487,Pulse 8487,2025-06-18,Singapore,Finance,Mid-Market
C08488,Cloud 8488,2025-07-05,India,Consulting,Startup
C08489,Blue 8489,2025-07-12,UK,Education,Enterprise
C08490,Bright 8490,2025-09-20,India,Consulting,SMB
C08491,Vertex 8491,2025-06-03,USA,Marketing,Startup
C08492,Orbit 8492,2025-04-07,Singapore,Finance,Mid-Market
C08493,Apex 8493,2025-06-17,India,Technology,Mid-Market
C08494,Apex 8494,2025-11-08,Singapore,Consulting,SMB
C08495,Blue 8495,2025-04-24,USA,Technology,Startup
C08496,Bright 8496,2025-01-08,Germany,Finance,SMB
C08497,Bright 8497,2025-12-23,India,Education,SMB
C08498,Nexa 8498,2025-03-13,Germany,Consulting,Mid-Market
C08499,Vertex 8499,2025-08-09,Singapore,Technology,Startup
C08500,Core 8500,2025-10-20,UK,Marketing,Mid-Market
C08501,Cloud 8501,2025-04-11,USA,Technology,Startup
C08502,Cloud 8502,2025-05-05,Australia,Consulting,Enterprise
C08503,Nova 8503,2025-04-13,Canada,Consulting,Startup
C08504,Bright 8504,2025-02-24,India,Consulting,Mid-Market
C08505,Orbit 8505,2025-02-25,Germany,Technology,Startup
C08506,Pulse 8506,2025-03-10,Germany,Marketing,Mid-Market
C08507,Core 8507,2025-06-17,Canada,Finance,Mid-Market
C08508,Pulse 8508,2025-07-13,USA,Marketing,SMB
C08509,Bright 8509,2025-01-06,USA,Media,Startup
C08510,Core 8510,2025-11-05,Netherlands,Technology,Enterprise
C08511,Vertex 8511,2025-09-04,UK,Marketing,Enterprise
C08512,Cloud 8512,2025-01-26,UK,Technology,Mid-Market
C08513,Bright 8513,2025-11-04,Netherlands,Marketing,SMB
C08514,Orbit 8514,2025-01-12,India,Marketing,Startup
C08515,Cloud 8515,2025-07-24,USA,Healthcare,SMB
C08516,Blue 8516,2025-06-19,Canada,Education,Mid-Market
C08517,Cloud 8517,2025-07-03,Canada,Media,Startup
C08518,Bright 8518,2025-12-16,Netherlands,Consulting,Startup
C08519,Nexa 8519,2025-12-05,Germany,Media,Enterprise
C08520,Apex 8520,2025-04-12,USA,Technology,Mid-Market
C08521,Apex 8521,2025-07-31,USA,Media,Mid-Market
C08522,Blue 8522,2025-12-17,India,Finance,Enterprise
C08523,Apex 8523,2025-09-24,Singapore,Technology,SMB
C08524,Vertex 8524,2025-11-21,India,Healthcare,SMB
C08525,Pulse 8525,2025-06-08,UK,Finance,Enterprise
C08526,Pulse 8526,2025-04-14,USA,Consulting,Enterprise
C08527,Cloud 8527,2025-07-06,India,Technology,Startup
C08528,Core 8528,2025-10-26,USA,Marketing,SMB
C08529,Bright 8529,2025-12-06,Germany,Finance,SMB
C08530,Vertex 8530,2025-09-08,India,Technology,Startup
C08531,Vertex 8531,2025-09-15,Netherlands,Retail,Startup
C08532,Pulse 8532,2025-07-06,Singapore,Marketing,Startup
C08533,Cloud 8533,2025-04-27,India,Finance,Mid-Market
C08534,Apex 8534,2025-06-04,Australia,Consulting,Startup
C08535,Pulse 8535,2025-07-01,USA,Retail,Mid-Market
C08536,Core 8536,2025-10-25,India,Healthcare,SMB
C08537,Apex 8537,2025-07-22,USA,Technology,SMB
C08538,Blue 8538,2025-10-17,Australia,Media,Mid-Market
C08539,Bright 8539,2025-01-10,Germany,Finance,SMB
C08540,Core 8540,2025-10-04,India,Technology,Mid-Market
C08541,Cloud 8541,2025-07-05,Canada,Technology,Mid-Market
C08542,Nova 8542,2025-12-31,Canada,Technology,Mid-Market
C08543,Pulse 8543,2025-06-22,Canada,Media,Mid-Market
C08544,Pulse 8544,2025-06-24,UK,Media,Mid-Market
C08545,Blue 8545,2025-02-16,Australia,Marketing,SMB
C08546,Blue 8546,2025-10-22,Germany,Education,SMB
C08547,Vertex 8547,2025-09-14,India,Retail,SMB
C08548,Nexa 8548,2025-11-11,Australia,Marketing,Enterprise
C08549,Pulse 8549,2025-02-03,USA,Education,SMB
C08550,Nexa 8550,2025-03-19,Canada,Media,Startup
C08551,Nova 8551,2025-11-17,Germany,Technology,SMB
C08552,Nova 8552,2025-01-16,USA,Technology,SMB
C08553,Nexa 8553,2025-07-05,India,Consulting,SMB
C08554,Core 8554,2025-05-28,Germany,Education,SMB
C08555,Vertex 8555,2025-12-09,Australia,Technology,Enterprise
C08556,Nova 8556,2025-11-09,Australia,Finance,Startup
C08557,Apex 8557,2025-11-24,Germany,Education,Enterprise
C08558,Bright 8558,2025-04-16,India,Marketing,Mid-Market
C08559,Blue 8559,2025-08-03,USA,Retail,Startup
C08560,Blue 8560,2025-09-13,Canada,Retail,Startup
C08561,Orbit 8561,2025-12-20,USA,Marketing,Enterprise
C08562,Blue 8562,2025-01-03,Canada,Education,Mid-Market
C08563,Cloud 8563,2025-12-23,USA,Education,Startup
C08564,Blue 8564,2025-05-10,India,Technology,SMB
C08565,Apex 8565,2025-02-16,Germany,Healthcare,Startup
C08566,Apex 8566,2025-08-13,Germany,Healthcare,SMB
C08567,Nova 8567,2025-10-13,Germany,Retail,Startup
C08568,Vertex 8568,2025-02-17,USA,Retail,SMB
C08569,Vertex 8569,2025-01-15,Australia,Technology,SMB
C08570,Apex 8570,2025-11-24,UK,Retail,SMB
C08571,Vertex 8571,2025-12-07,Canada,Marketing,Startup
C08572,Vertex 8572,2025-02-27,Germany,Technology,Mid-Market
C08573,Nexa 8573,2025-11-26,USA,Healthcare,Mid-Market
C08574,Core 8574,2025-11-29,Germany,Retail,SMB
C08575,Nova 8575,2025-12-31,UK,Finance,Enterprise
C08576,Orbit 8576,2025-03-20,UK,Education,Mid-Market
C08577,Blue 8577,2025-07-31,Germany,Marketing,Startup
C08578,Apex 8578,2025-12-29,India,Marketing,Startup
C08579,Vertex 8579,2025-11-26,Singapore,Marketing,SMB
C08580,Nova 8580,2025-08-09,USA,Marketing,Mid-Market
C08581,Blue 8581,2025-03-13,India,Retail,Enterprise
C08582,Apex 8582,2025-01-31,Canada,Healthcare,Startup
C08583,Vertex 8583,2025-04-05,India,Technology,Startup
C08584,Core 8584,2025-01-24,Netherlands,Healthcare,Mid-Market
C08585,Core 8585,2025-03-13,USA,Consulting,Mid-Market
C08586,Pulse 8586,2025-01-28,USA,Healthcare,SMB
C08587,Nova 8587,2025-10-06,India,Consulting,SMB
C08588,Nova 8588,2025-08-04,India,Technology,Mid-Market
C08589,Cloud 8589,2025-07-09,India,Marketing,SMB
C08590,Vertex 8590,2025-10-23,India,Retail,Mid-Market
C08591,Orbit 8591,2025-05-30,USA,Marketing,Enterprise
C08592,Bright 8592,2025-05-28,USA,Education,Startup
C08593,Pulse 8593,2025-03-17,USA,Education,Startup
C08594,Vertex 8594,2025-06-12,India,Consulting,Enterprise
C08595,Pulse 8595,2025-03-05,India,Finance,SMB
C08596,Blue 8596,2025-08-04,India,Education,Startup
C08597,Vertex 8597,2025-12-31,India,Healthcare,SMB
C08598,Nexa 8598,2025-07-14,USA,Healthcare,SMB
C08599,Orbit 8599,2025-04-20,India,Healthcare,Startup
C08600,Nova 8600,2025-09-09,USA,Healthcare,Mid-Market
C08601,Cloud 8601,2025-10-27,Singapore,Technology,Startup
C08602,Pulse 8602,2025-06-22,USA,Consulting,Startup
C08603,Core 8603,2025-04-02,India,Marketing,Startup
C08604,Bright 8604,2025-09-18,Germany,Technology,SMB
C08605,Vertex 8605,2025-03-10,UK,Finance,Mid-Market
C08606,Cloud 8606,2025-12-31,India,Marketing,SMB
C08607,Core 8607,2025-04-27,Canada,Marketing,Mid-Market
C08608,Orbit 8608,2025-05-08,Canada,Consulting,Startup
C08609,Apex 8609,2025-09-23,Netherlands,Marketing,SMB
C08610,Nova 8610,2025-01-05,Singapore,Retail,SMB
C08611,Pulse 8611,2025-03-16,UK,Technology,Mid-Market
C08612,Apex 8612,2025-02-15,Germany,Marketing,SMB
C08613,Orbit 8613,2025-05-23,USA,Healthcare,Mid-Market
C08614,Core 8614,2025-07-22,Singapore,Finance,SMB
C08615,Orbit 8615,2025-03-07,UK,Media,Enterprise
C08616,Blue 8616,2025-05-06,USA,Retail,Mid-Market
C08617,Orbit 8617,2025-10-09,India,Technology,Enterprise
C08618,Bright 8618,2025-12-10,UK,Technology,Startup
C08619,Blue 8619,2025-01-06,UK,Retail,Startup
C08620,Nexa 8620,2025-08-18,Australia,Technology,SMB
C08621,Pulse 8621,2025-01-10,India,Retail,SMB
C08622,Cloud 8622,2025-07-09,Australia,Finance,Mid-Market
C08623,Nexa 8623,2025-11-18,India,Healthcare,Startup
C08624,Orbit 8624,2025-10-19,UK,Technology,SMB
C08625,Vertex 8625,2025-03-26,USA,Marketing,Startup
C08626,Cloud 8626,2025-04-05,USA,Technology,SMB
C08627,Blue 8627,2025-10-13,USA,Healthcare,Startup
C08628,Orbit 8628,2025-10-27,India,Retail,Enterprise
C08629,Pulse 8629,2025-04-13,India,Finance,Startup
C08630,Vertex 8630,2025-01-02,Australia,Education,SMB
C08631,Cloud 8631,2025-06-12,India,Technology,Startup
C08632,Blue 8632,2025-08-15,Canada,Marketing,Startup
C08633,Apex 8633,2025-06-11,Canada,Finance,SMB
C08634,Core 8634,2025-12-08,India,Education,Startup
C08635,Core 8635,2025-10-24,Singapore,Consulting,SMB
C08636,Bright 8636,2025-10-15,Canada,Retail,Startup
C08637,Blue 8637,2025-01-08,Australia,Retail,Mid-Market
C08638,Pulse 8638,2025-11-08,Australia,Finance,Mid-Market
C08639,Vertex 8639,2025-10-03,UK,Technology,Mid-Market
C08640,Nova 8640,2025-05-25,Netherlands,Technology,Startup
C08641,Vertex 8641,2025-08-04,India,Consulting,SMB
C08642,Pulse 8642,2025-10-28,India,Technology,Startup
C08643,Vertex 8643,2025-11-27,Canada,Consulting,SMB
C08644,Cloud 8644,2025-07-21,USA,Media,Mid-Market
C08645,Apex 8645,2025-01-16,Germany,Technology,Startup
C08646,Vertex 8646,2025-08-14,USA,Finance,Startup
C08647,Bright 8647,2025-09-06,USA,Marketing,Mid-Market
C08648,Nexa 8648,2025-01-22,Singapore,Healthcare,SMB
C08649,Blue 8649,2025-10-26,India,Healthcare,Startup
C08650,Apex 8650,2025-03-15,India,Technology,Enterprise
C08651,Pulse 8651,2025-11-22,Germany,Retail,Startup
C08652,Orbit 8652,2025-07-21,Canada,Education,Mid-Market
C08653,Apex 8653,2025-04-28,Australia,Technology,Startup
C08654,Orbit 8654,2025-01-22,India,Technology,Enterprise
C08655,Blue 8655,2025-01-07,Singapore,Consulting,Mid-Market
C08656,Nova 8656,2025-09-28,Germany,Technology,Startup
C08657,Orbit 8657,2025-05-18,Australia,Retail,Enterprise
C08658,Nova 8658,2025-11-03,India,Marketing,Startup
C08659,Core 8659,2025-03-26,USA,Media,Mid-Market
C08660,Nexa 8660,2025-12-02,UK,Consulting,Mid-Market
C08661,Nova 8661,2025-12-10,UK,Retail,Startup
C08662,Nexa 8662,2025-02-07,India,Consulting,SMB
C08663,Apex 8663,2025-08-25,UK,Marketing,Startup
C08664,Nova 8664,2025-12-09,Germany,Technology,SMB
C08665,Blue 8665,2025-04-28,USA,Consulting,SMB
C08666,Bright 8666,2025-01-25,UK,Marketing,SMB
C08667,Nova 8667,2025-11-16,USA,Healthcare,Mid-Market
C08668,Nexa 8668,2025-06-23,Singapore,Marketing,Enterprise
C08669,Bright 8669,2025-01-10,UK,Technology,SMB
C08670,Nexa 8670,2025-11-03,UK,Healthcare,Mid-Market
C08671,Vertex 8671,2025-09-05,Netherlands,Technology,Startup
C08672,Core 8672,2025-01-26,Germany,Healthcare,Enterprise
C08673,Apex 8673,2025-04-05,USA,Healthcare,Mid-Market
C08674,Apex 8674,2025-01-07,Germany,Retail,Enterprise
C08675,Core 8675,2025-12-15,Netherlands,Marketing,Mid-Market
C08676,Orbit 8676,2025-01-10,India,Retail,SMB
C08677,Nova 8677,2025-10-18,Germany,Media,Startup
C08678,Orbit 8678,2025-07-06,India,Technology,SMB
C08679,Nexa 8679,2025-08-01,Australia,Marketing,Startup
C08680,Bright 8680,2025-10-24,Germany,Finance,SMB
C08681,Vertex 8681,2025-11-23,Singapore,Retail,SMB
C08682,Nova 8682,2025-02-16,Germany,Marketing,Mid-Market
C08683,Core 8683,2025-01-07,India,Technology,SMB
C08684,Nova 8684,2025-02-15,UK,Technology,Startup
C08685,Orbit 8685,2025-09-07,Singapore,Education,Mid-Market
C08686,Core 8686,2025-07-27,India,Technology,SMB
C08687,Bright 8687,2025-01-31,India,Healthcare,Startup
C08688,Cloud 8688,2025-03-27,Canada,Retail,SMB
C08689,Pulse 8689,2025-07-16,UK,Technology,Startup
C08690,Nexa 8690,2025-09-24,India,Education,SMB
C08691,Nova 8691,2025-05-06,USA,Education,Startup
C08692,Orbit 8692,2025-12-13,USA,Finance,Startup
C08693,Nova 8693,2025-12-29,Germany,Technology,SMB
C08694,Bright 8694,2025-10-07,USA,Technology,SMB
C08695,Bright 8695,2025-06-15,UK,Media,Mid-Market
C08696,Core 8696,2025-11-17,Australia,Education,Startup
C08697,Blue 8697,2025-09-23,USA,Healthcare,SMB
C08698,Nexa 8698,2025-07-09,Germany,Retail,Startup
C08699,Pulse 8699,2025-06-11,USA,Technology,Startup
C08700,Nova 8700,2025-10-31,USA,Technology,SMB
C08701,Nova 8701,2025-07-23,UK,Technology,SMB
C08702,Pulse 8702,2025-03-08,Germany,Consulting,Mid-Market
C08703,Apex 8703,2025-12-31,Netherlands,Healthcare,Mid-Market
C08704,Orbit 8704,2025-01-25,USA,Education,Enterprise
C08705,Nexa 8705,2025-09-11,India,Technology,Enterprise
C08706,Bright 8706,2025-08-28,USA,Consulting,Startup
C08707,Nexa 8707,2025-08-02,UK,Consulting,Startup
C08708,Pulse 8708,2025-01-19,India,Healthcare,SMB
C08709,Cloud 8709,2025-06-29,Singapore,Technology,SMB
C08710,Nexa 8710,2025-11-22,Australia,Education,SMB
C08711,Vertex 8711,2025-03-29,UK,Finance,SMB
C08712,Bright 8712,2025-09-10,USA,Technology,Enterprise
C08713,Pulse 8713,2025-11-10,India,Marketing,SMB
C08714,Blue 8714,2025-12-14,UK,Marketing,Enterprise
C08715,Nova 8715,2025-07-08,UK,Consulting,Enterprise
C08716,Nexa 8716,2025-04-25,Singapore,Finance,SMB
C08717,Orbit 8717,2025-09-13,UK,Technology,Startup
C08718,Nexa 8718,2025-06-27,India,Education,SMB
C08719,Pulse 8719,2025-08-17,India,Education,SMB
C08720,Nova 8720,2025-09-28,India,Healthcare,Mid-Market
C08721,Pulse 8721,2025-09-17,Singapore,Healthcare,Enterprise
C08722,Cloud 8722,2025-03-30,Australia,Technology,Startup
C08723,Vertex 8723,2025-10-03,Australia,Healthcare,Startup
C08724,Apex 8724,2025-07-17,Australia,Media,Mid-Market
C08725,Nova 8725,2025-12-06,India,Technology,SMB
C08726,Nexa 8726,2025-08-29,Canada,Marketing,Mid-Market
C08727,Orbit 8727,2025-11-22,Canada,Technology,SMB
C08728,Orbit 8728,2025-12-24,India,Finance,Startup
C08729,Nova 8729,2025-12-29,UK,Consulting,Startup
C08730,Pulse 8730,2025-09-29,Germany,Marketing,Startup
C08731,Nova 8731,2025-08-07,Singapore,Technology,SMB
C08732,Cloud 8732,2025-02-13,India,Healthcare,Startup
C08733,Bright 8733,2025-05-21,Singapore,Technology,SMB
C08734,Pulse 8734,2025-06-23,Singapore,Healthcare,Mid-Market
C08735,Apex 8735,2025-10-12,Singapore,Consulting,Startup
C08736,Core 8736,2025-08-03,India,Finance,Mid-Market
C08737,Blue 8737,2025-06-10,India,Healthcare,Startup
C08738,Pulse 8738,2025-02-23,Germany,Marketing,SMB
C08739,Nova 8739,2025-09-19,USA,Retail,Startup
C08740,Pulse 8740,2025-06-07,India,Technology,Mid-Market
C08741,Cloud 8741,2025-01-14,Canada,Marketing,Startup
C08742,Core 8742,2025-04-14,India,Technology,SMB
C08743,Blue 8743,2025-11-18,USA,Technology,Enterprise
C08744,Nova 8744,2025-02-13,Netherlands,Technology,Startup
C08745,Nova 8745,2025-05-29,USA,Consulting,Mid-Market
C08746,Nexa 8746,2025-07-06,Singapore,Technology,Mid-Market
C08747,Vertex 8747,2025-01-31,USA,Media,SMB
C08748,Blue 8748,2025-03-02,USA,Healthcare,Startup
C08749,Orbit 8749,2025-12-10,India,Retail,Mid-Market
C08750,Orbit 8750,2025-08-04,USA,Technology,Enterprise
C08751,Core 8751,2025-03-18,USA,Finance,Startup
C08752,Cloud 8752,2025-03-03,Australia,Consulting,Mid-Market
C08753,Orbit 8753,2025-06-05,Singapore,Healthcare,Mid-Market
C08754,Blue 8754,2025-09-22,India,Marketing,SMB
C08755,Nova 8755,2025-09-24,India,Consulting,Mid-Market
C08756,Vertex 8756,2025-03-13,Germany,Education,Startup
C08757,Vertex 8757,2025-09-22,UK,Retail,SMB
C08758,Bright 8758,2025-11-24,USA,Technology,Enterprise
C08759,Vertex 8759,2025-03-24,USA,Marketing,Mid-Market
C08760,Vertex 8760,2025-01-10,India,Marketing,Startup
C08761,Core 8761,2025-12-16,UK,Marketing,SMB
C08762,Apex 8762,2025-07-10,India,Marketing,Startup
C08763,Bright 8763,2025-10-11,Canada,Consulting,Startup
C08764,Apex 8764,2025-04-27,USA,Retail,Startup
C08765,Blue 8765,2025-04-20,USA,Technology,Startup
C08766,Apex 8766,2025-03-24,UK,Technology,SMB
C08767,Apex 8767,2025-03-21,India,Technology,SMB
C08768,Blue 8768,2025-06-22,Singapore,Technology,Mid-Market
C08769,Nova 8769,2025-02-08,Germany,Education,Mid-Market
C08770,Apex 8770,2025-11-04,Singapore,Healthcare,SMB
C08771,Pulse 8771,2025-07-06,USA,Finance,Startup
C08772,Orbit 8772,2025-12-01,USA,Retail,Enterprise
C08773,Core 8773,2025-07-03,India,Retail,Startup
C08774,Core 8774,2025-04-21,UK,Marketing,SMB
C08775,Bright 8775,2025-07-07,UK,Healthcare,Startup
C08776,Core 8776,2025-02-26,USA,Finance,Enterprise
C08777,Cloud 8777,2025-10-28,India,Healthcare,SMB
C08778,Cloud 8778,2025-09-20,USA,Healthcare,Enterprise
C08779,Blue 8779,2025-02-23,India,Technology,Enterprise
C08780,Nova 8780,2025-08-01,USA,Consulting,Enterprise
C08781,Bright 8781,2025-07-16,UK,Healthcare,Mid-Market
C08782,Nexa 8782,2025-03-15,Netherlands,Technology,Mid-Market
C08783,Apex 8783,2025-02-14,India,Education,Enterprise
C08784,Core 8784,2025-10-05,India,Healthcare,Startup
C08785,Cloud 8785,2025-04-07,USA,Finance,Mid-Market
C08786,Orbit 8786,2025-07-09,India,Technology,Startup
C08787,Vertex 8787,2025-04-01,Germany,Technology,SMB
C08788,Cloud 8788,2025-08-27,India,Marketing,SMB
C08789,Vertex 8789,2025-01-18,Netherlands,Healthcare,Enterprise
C08790,Pulse 8790,2025-05-12,Australia,Technology,SMB
C08791,Cloud 8791,2025-07-19,UK,Consulting,SMB
C08792,Nexa 8792,2025-06-10,Singapore,Consulting,SMB
C08793,Bright 8793,2025-08-12,Germany,Marketing,Mid-Market
C08794,Orbit 8794,2025-03-07,Netherlands,Retail,Startup
C08795,Core 8795,2025-06-11,USA,Marketing,SMB
C08796,Core 8796,2025-10-04,Netherlands,Technology,SMB
C08797,Nova 8797,2025-05-02,India,Marketing,Enterprise
C08798,Pulse 8798,2025-02-27,USA,Finance,Enterprise
C08799,Blue 8799,2025-11-06,Singapore,Healthcare,Startup
C08800,Nexa 8800,2025-10-12,USA,Media,Startup
C08801,Vertex 8801,2025-09-06,India,Finance,Mid-Market
C08802,Nexa 8802,2025-10-19,India,Technology,SMB
C08803,Nexa 8803,2025-10-12,India,Technology,Mid-Market
C08804,Nexa 8804,2025-09-30,USA,Retail,Mid-Market
C08805,Apex 8805,2025-07-05,USA,Technology,Startup
C08806,Orbit 8806,2025-01-08,UK,Retail,Mid-Market
C08807,Nexa 8807,2025-08-06,Australia,Technology,Startup
C08808,Apex 8808,2025-04-10,India,Consulting,Enterprise
C08809,Pulse 8809,2025-10-10,Australia,Finance,SMB
C08810,Pulse 8810,2025-06-20,UK,Finance,Mid-Market
C08811,Bright 8811,2025-11-27,Canada,Technology,Startup
C08812,Nexa 8812,2025-08-06,Canada,Technology,SMB
C08813,Pulse 8813,2025-07-20,Singapore,Technology,Startup
C08814,Apex 8814,2025-12-02,India,Technology,Mid-Market
C08815,Pulse 8815,2025-06-23,UK,Marketing,Enterprise
C08816,Vertex 8816,2025-05-18,Singapore,Marketing,Mid-Market
C08817,Bright 8817,2025-05-16,Canada,Finance,Mid-Market
C08818,Pulse 8818,2025-11-16,India,Education,Startup
C08819,Core 8819,2025-10-04,Germany,Consulting,Enterprise
C08820,Nexa 8820,2025-03-01,Australia,Media,SMB
C08821,Nexa 8821,2025-06-29,USA,Healthcare,SMB
C08822,Bright 8822,2025-05-16,Germany,Healthcare,Startup
C08823,Pulse 8823,2025-08-25,Australia,Media,Mid-Market
C08824,Bright 8824,2025-01-20,UK,Media,SMB
C08825,Nova 8825,2025-09-18,India,Retail,SMB
C08826,Cloud 8826,2025-09-29,UK,Marketing,Startup
C08827,Nexa 8827,2025-03-24,UK,Marketing,SMB
C08828,Blue 8828,2025-02-24,USA,Retail,Startup
C08829,Apex 8829,2025-08-18,Germany,Healthcare,Enterprise
C08830,Core 8830,2025-04-04,USA,Technology,Mid-Market
C08831,Pulse 8831,2025-12-10,Singapore,Media,Enterprise
C08832,Orbit 8832,2025-10-10,Australia,Retail,SMB
C08833,Core 8833,2025-12-15,Australia,Technology,Mid-Market
C08834,Apex 8834,2025-07-15,UK,Technology,SMB
C08835,Apex 8835,2025-12-09,India,Retail,Enterprise
C08836,Pulse 8836,2025-01-06,Canada,Finance,SMB
C08837,Nexa 8837,2025-04-16,India,Education,SMB
C08838,Orbit 8838,2025-01-01,UK,Technology,SMB
C08839,Apex 8839,2025-09-05,India,Technology,SMB
C08840,Blue 8840,2025-07-06,UK,Consulting,Mid-Market
C08841,Nova 8841,2025-04-15,Germany,Media,Startup
C08842,Nova 8842,2025-04-22,USA,Marketing,SMB
C08843,Apex 8843,2025-08-23,USA,Technology,SMB
C08844,Nova 8844,2025-03-07,India,Technology,Startup
C08845,Bright 8845,2025-07-07,USA,Technology,Enterprise
C08846,Orbit 8846,2025-08-12,USA,Media,Mid-Market
C08847,Apex 8847,2025-03-29,Australia,Healthcare,Enterprise
C08848,Cloud 8848,2025-03-25,Singapore,Media,SMB
C08849,Cloud 8849,2025-05-10,Netherlands,Retail,Mid-Market
C08850,Nexa 8850,2025-08-05,India,Healthcare,SMB
C08851,Blue 8851,2025-04-03,USA,Technology,SMB
C08852,Pulse 8852,2025-05-19,USA,Media,Startup
C08853,Orbit 8853,2025-07-18,Germany,Technology,Startup
C08854,Vertex 8854,2025-03-10,Canada,Retail,Startup
C08855,Cloud 8855,2025-07-27,Canada,Healthcare,Mid-Market
C08856,Apex 8856,2025-02-20,UK,Finance,Mid-Market
C08857,Cloud 8857,2025-02-22,UK,Healthcare,SMB
C08858,Nexa 8858,2025-03-28,Netherlands,Finance,Startup
C08859,Bright 8859,2025-04-15,USA,Education,Mid-Market
C08860,Core 8860,2025-01-11,Australia,Marketing,Startup
C08861,Cloud 8861,2025-12-17,Canada,Finance,Mid-Market
C08862,Apex 8862,2025-04-23,India,Marketing,SMB
C08863,Pulse 8863,2025-10-21,Singapore,Healthcare,Mid-Market
C08864,Cloud 8864,2025-11-26,Australia,Retail,Startup
C08865,Pulse 8865,2025-10-20,Canada,Retail,SMB
C08866,Orbit 8866,2025-10-31,India,Marketing,SMB
C08867,Nexa 8867,2025-02-06,India,Media,SMB
C08868,Apex 8868,2025-05-16,Germany,Healthcare,Startup
C08869,Blue 8869,2025-09-30,India,Technology,SMB
C08870,Pulse 8870,2025-07-30,India,Technology,Startup
C08871,Vertex 8871,2025-01-03,USA,Retail,Enterprise
C08872,Orbit 8872,2025-07-27,India,Healthcare,SMB
C08873,Blue 8873,2025-10-21,Canada,Retail,SMB
C08874,Cloud 8874,2025-10-30,UK,Healthcare,SMB
C08875,Orbit 8875,2025-05-21,India,Technology,Mid-Market
C08876,Pulse 8876,2025-03-28,UK,Marketing,Startup
C08877,Cloud 8877,2025-04-23,India,Marketing,Mid-Market
C08878,Orbit 8878,2025-04-19,India,Healthcare,Enterprise
C08879,Orbit 8879,2025-05-07,UK,Retail,SMB
C08880,Vertex 8880,2025-04-21,UK,Education,Startup
C08881,Vertex 8881,2025-06-16,USA,Finance,Startup
C08882,Orbit 8882,2025-01-15,Germany,Consulting,Enterprise
C08883,Vertex 8883,2025-04-11,USA,Finance,Startup
C08884,Blue 8884,2025-04-25,UK,Retail,Startup
C08885,Orbit 8885,2025-02-25,USA,Finance,Enterprise
C08886,Pulse 8886,2025-11-17,Canada,Education,Mid-Market
C08887,Bright 8887,2025-09-04,UK,Healthcare,SMB
C08888,Cloud 8888,2025-11-29,India,Technology,Startup
C08889,Apex 8889,2025-07-24,Germany,Education,SMB
C08890,Pulse 8890,2025-02-10,Canada,Healthcare,Mid-Market
C08891,Bright 8891,2025-11-27,India,Education,Startup
C08892,Cloud 8892,2025-06-17,Germany,Marketing,Startup
C08893,Vertex 8893,2025-09-07,Australia,Technology,Enterprise
C08894,Orbit 8894,2025-05-20,India,Technology,Mid-Market
C08895,Nexa 8895,2025-06-30,Singapore,Education,SMB
C08896,Orbit 8896,2025-06-28,USA,Healthcare,Enterprise
C08897,Cloud 8897,2025-04-14,Canada,Healthcare,SMB
C08898,Cloud 8898,2025-07-22,Singapore,Technology,Enterprise
C08899,Bright 8899,2025-09-25,Netherlands,Finance,Startup
C08900,Bright 8900,2025-01-08,UK,Education,SMB
C08901,Cloud 8901,2025-02-17,Canada,Retail,Mid-Market
C08902,Blue 8902,2025-11-04,USA,Marketing,SMB
C08903,Bright 8903,2025-07-27,USA,Marketing,SMB
C08904,Cloud 8904,2025-12-22,Australia,Healthcare,Mid-Market
C08905,Nexa 8905,2025-08-09,USA,Education,SMB
C08906,Core 8906,2025-08-27,Australia,Consulting,Startup
C08907,Apex 8907,2025-11-25,India,Technology,SMB
C08908,Nexa 8908,2025-08-30,India,Consulting,Mid-Market
C08909,Nova 8909,2025-05-01,India,Finance,SMB
C08910,Orbit 8910,2025-07-12,UK,Technology,SMB
C08911,Nova 8911,2025-03-27,India,Technology,Startup
C08912,Vertex 8912,2025-05-03,USA,Technology,Startup
C08913,Orbit 8913,2025-09-06,Netherlands,Finance,Mid-Market
C08914,Cloud 8914,2025-02-24,Australia,Technology,Mid-Market
C08915,Nova 8915,2025-09-03,Canada,Technology,SMB
C08916,Vertex 8916,2025-08-02,India,Technology,SMB
C08917,Pulse 8917,2025-04-23,USA,Technology,Startup
C08918,Orbit 8918,2025-01-17,Germany,Finance,SMB
C08919,Bright 8919,2025-09-15,India,Consulting,SMB
C08920,Blue 8920,2025-10-28,USA,Marketing,SMB
C08921,Bright 8921,2025-09-24,Singapore,Technology,Startup
C08922,Core 8922,2025-06-03,India,Healthcare,Startup
C08923,Bright 8923,2025-08-27,Singapore,Healthcare,Enterprise
C08924,Nova 8924,2025-06-01,India,Technology,SMB
C08925,Vertex 8925,2025-05-11,India,Healthcare,Mid-Market
C08926,Cloud 8926,2025-04-30,India,Finance,Mid-Market
C08927,Vertex 8927,2025-03-18,Singapore,Marketing,Mid-Market
C08928,Vertex 8928,2025-12-20,Germany,Education,Startup
C08929,Bright 8929,2025-09-01,Canada,Healthcare,Startup
C08930,Blue 8930,2025-03-05,USA,Technology,SMB
C08931,Cloud 8931,2025-11-12,Singapore,Technology,SMB
C08932,Cloud 8932,2025-02-25,UK,Retail,Startup
C08933,Blue 8933,2025-08-05,UK,Education,SMB
C08934,Cloud 8934,2025-03-02,Canada,Education,Startup
C08935,Core 8935,2025-05-12,Canada,Retail,Startup
C08936,Nexa 8936,2025-08-29,Germany,Marketing,Enterprise
C08937,Blue 8937,2025-12-31,India,Technology,SMB
C08938,Orbit 8938,2025-12-29,Australia,Consulting,SMB
C08939,Orbit 8939,2025-11-23,USA,Technology,Startup
C08940,Cloud 8940,2025-03-27,Netherlands,Education,Enterprise
C08941,Orbit 8941,2025-02-04,USA,Healthcare,Enterprise
C08942,Nexa 8942,2025-11-27,India,Technology,Startup
C08943,Blue 8943,2025-12-03,USA,Technology,SMB
C08944,Nova 8944,2025-04-12,UK,Healthcare,SMB
C08945,Vertex 8945,2025-01-07,USA,Marketing,Startup
C08946,Nova 8946,2025-08-25,Australia,Technology,SMB
C08947,Pulse 8947,2025-01-28,Germany,Technology,Startup
C08948,Nova 8948,2025-01-15,India,Healthcare,Startup
C08949,Blue 8949,2025-12-09,UK,Consulting,SMB
C08950,Bright 8950,2025-06-30,Canada,Consulting,SMB
C08951,Cloud 8951,2025-02-10,Singapore,Education,SMB
C08952,Blue 8952,2025-08-27,USA,Healthcare,Startup
C08953,Pulse 8953,2025-05-15,Singapore,Healthcare,SMB
C08954,Orbit 8954,2025-07-15,India,Technology,Enterprise
C08955,Core 8955,2025-11-25,Germany,Technology,SMB
C08956,Pulse 8956,2025-03-28,Canada,Technology,SMB
C08957,Nexa 8957,2025-08-24,USA,Retail,SMB
C08958,Bright 8958,2025-10-30,India,Marketing,Mid-Market
C08959,Blue 8959,2025-06-04,Germany,Technology,Mid-Market
C08960,Pulse 8960,2025-12-21,USA,Marketing,Startup
C08961,Blue 8961,2025-06-13,India,Finance,Startup
C08962,Blue 8962,2025-06-17,India,Healthcare,SMB
C08963,Orbit 8963,2025-11-19,Canada,Education,Mid-Market
C08964,Bright 8964,2025-08-21,India,Consulting,Startup
C08965,Blue 8965,2025-11-14,UK,Education,SMB
C08966,Blue 8966,2025-10-16,Netherlands,Retail,SMB
C08967,Vertex 8967,2025-09-18,Canada,Technology,SMB
C08968,Nexa 8968,2025-03-30,UK,Education,Mid-Market
C08969,Nexa 8969,2025-05-26,UK,Retail,SMB
C08970,Pulse 8970,2025-11-12,India,Finance,SMB
C08971,Blue 8971,2025-08-13,USA,Consulting,Mid-Market
C08972,Cloud 8972,2025-04-13,India,Media,Enterprise
C08973,Blue 8973,2025-04-30,India,Education,SMB
C08974,Nexa 8974,2025-10-11,India,Technology,SMB
C08975,Nova 8975,2025-03-07,Germany,Finance,Mid-Market
C08976,Orbit 8976,2025-02-10,India,Education,Mid-Market
C08977,Vertex 8977,2025-10-07,India,Retail,SMB
C08978,Blue 8978,2025-04-16,Australia,Technology,SMB
C08979,Pulse 8979,2025-10-07,India,Finance,Startup
C08980,Blue 8980,2025-07-14,Canada,Technology,Mid-Market
C08981,Nexa 8981,2025-12-31,USA,Healthcare,SMB
C08982,Bright 8982,2025-07-11,UK,Consulting,Startup
C08983,Apex 8983,2025-11-13,India,Marketing,SMB
C08984,Blue 8984,2025-11-07,India,Marketing,Enterprise
C08985,Vertex 8985,2025-03-19,Australia,Marketing,Startup
C08986,Core 8986,2025-12-30,USA,Marketing,SMB
C08987,Apex 8987,2025-09-30,India,Education,Enterprise
C08988,Orbit 8988,2025-02-09,USA,Technology,Enterprise
C08989,Nexa 8989,2025-01-03,UK,Technology,SMB
C08990,Nova 8990,2025-04-10,India,Consulting,Startup
C08991,Vertex 8991,2025-01-06,UK,Healthcare,SMB
C08992,Vertex 8992,2025-05-11,UK,Finance,SMB
C08993,Pulse 8993,2025-12-30,Germany,Healthcare,SMB
C08994,Nova 8994,2025-06-24,Australia,Education,SMB
C08995,Nexa 8995,2025-01-09,USA,Technology,Mid-Market
C08996,Vertex 8996,2025-06-30,Singapore,Marketing,SMB
C08997,Pulse 8997,2025-03-21,USA,Technology,Mid-Market
C08998,Blue 8998,2025-11-09,USA,Retail,Mid-Market
C08999,Apex 8999,2025-02-03,Germany,Marketing,SMB
C09000,Cloud 9000,2025-10-09,Germany,Consulting,Startup
C09001,Apex 9001,2025-06-12,India,Consulting,Mid-Market
C09002,Nexa 9002,2025-01-07,Netherlands,Consulting,Mid-Market
C09003,Pulse 9003,2025-09-03,Netherlands,Finance,SMB
C09004,Nexa 9004,2025-06-16,USA,Technology,Startup
C09005,Orbit 9005,2025-10-09,UK,Retail,SMB
C09006,Nexa 9006,2025-08-14,Canada,Retail,Startup
C09007,Cloud 9007,2025-10-15,Singapore,Retail,Mid-Market
C09008,Cloud 9008,2025-06-18,UK,Media,Startup
C09009,Blue 9009,2025-01-03,India,Marketing,SMB
C09010,Orbit 9010,2025-02-17,Germany,Marketing,SMB
C09011,Core 9011,2025-06-17,India,Consulting,SMB
C09012,Nexa 9012,2025-05-26,Germany,Technology,Mid-Market
C09013,Apex 9013,2025-10-17,UK,Consulting,Startup
C09014,Orbit 9014,2025-05-31,Germany,Consulting,Startup
C09015,Nexa 9015,2025-11-10,India,Marketing,Startup
C09016,Vertex 9016,2025-03-10,UK,Healthcare,Startup
C09017,Apex 9017,2025-05-21,Germany,Education,SMB
C09018,Pulse 9018,2025-10-04,USA,Retail,Startup
C09019,Nova 9019,2025-02-15,India,Technology,SMB
C09020,Nova 9020,2025-04-28,India,Finance,Mid-Market
C09021,Vertex 9021,2025-10-02,Australia,Education,Mid-Market
C09022,Orbit 9022,2025-08-03,USA,Retail,Startup
C09023,Cloud 9023,2025-10-11,Germany,Education,Mid-Market
C09024,Apex 9024,2025-07-08,UK,Marketing,Enterprise
C09025,Vertex 9025,2025-11-10,Australia,Technology,SMB
C09026,Cloud 9026,2025-11-17,UK,Healthcare,Mid-Market
C09027,Nova 9027,2025-12-22,India,Retail,SMB
C09028,Core 9028,2025-02-14,India,Finance,Startup
C09029,Apex 9029,2025-08-04,India,Healthcare,Enterprise
C09030,Vertex 9030,2025-02-11,Australia,Finance,Enterprise
C09031,Orbit 9031,2025-03-25,Germany,Finance,SMB
C09032,Blue 9032,2025-04-20,Canada,Healthcare,Startup
C09033,Core 9033,2025-08-24,Canada,Consulting,Startup
C09034,Core 9034,2025-06-07,Australia,Healthcare,SMB
C09035,Apex 9035,2025-11-12,Netherlands,Marketing,Enterprise
C09036,Bright 9036,2025-04-19,Germany,Healthcare,Startup
C09037,Bright 9037,2025-08-14,USA,Retail,SMB
C09038,Bright 9038,2025-10-06,India,Technology,Mid-Market
C09039,Blue 9039,2025-12-24,UK,Technology,SMB
C09040,Vertex 9040,2025-03-31,Canada,Healthcare,SMB
C09041,Core 9041,2025-09-25,UK,Media,SMB
C09042,Blue 9042,2025-01-31,USA,Education,Startup
C09043,Core 9043,2025-07-18,Canada,Marketing,SMB
C09044,Nexa 9044,2025-06-01,USA,Healthcare,Startup
C09045,Core 9045,2025-12-16,USA,Finance,Mid-Market
C09046,Nova 9046,2025-10-10,Australia,Media,SMB
C09047,Core 9047,2025-12-05,UK,Healthcare,Mid-Market
C09048,Orbit 9048,2025-11-07,USA,Consulting,SMB
C09049,Blue 9049,2025-05-30,USA,Consulting,Enterprise
C09050,Nova 9050,2025-09-25,UK,Education,Mid-Market
C09051,Blue 9051,2025-01-12,USA,Technology,Mid-Market
C09052,Orbit 9052,2025-07-23,India,Finance,SMB
C09053,Vertex 9053,2025-01-18,Germany,Technology,SMB
C09054,Orbit 9054,2025-09-22,Germany,Media,Mid-Market
C09055,Nova 9055,2025-12-19,India,Retail,Mid-Market
C09056,Nova 9056,2025-09-06,UK,Healthcare,Mid-Market
C09057,Orbit 9057,2025-11-03,UK,Retail,Startup
C09058,Core 9058,2025-03-27,USA,Technology,Startup
C09059,Vertex 9059,2025-12-29,USA,Technology,Startup
C09060,Cloud 9060,2025-07-21,USA,Technology,Startup
C09061,Bright 9061,2025-09-04,USA,Retail,Mid-Market
C09062,Orbit 9062,2025-10-09,Australia,Technology,SMB
C09063,Nova 9063,2025-08-22,USA,Technology,SMB
C09064,Nexa 9064,2025-04-26,Netherlands,Technology,Startup
C09065,Apex 9065,2025-08-12,USA,Healthcare,Mid-Market
C09066,Blue 9066,2025-08-27,Germany,Marketing,Startup
C09067,Bright 9067,2025-11-09,UK,Technology,Startup
C09068,Apex 9068,2025-06-25,Canada,Consulting,Mid-Market
C09069,Nova 9069,2025-07-03,Singapore,Media,Mid-Market
C09070,Blue 9070,2025-07-03,UK,Finance,Startup
C09071,Core 9071,2025-02-11,UK,Media,Startup
C09072,Bright 9072,2025-02-02,Netherlands,Consulting,SMB
C09073,Apex 9073,2025-01-08,Singapore,Retail,SMB
C09074,Core 9074,2025-09-01,Netherlands,Technology,Startup
C09075,Cloud 9075,2025-06-02,India,Retail,SMB
C09076,Cloud 9076,2025-11-12,India,Marketing,SMB
C09077,Cloud 9077,2025-09-14,USA,Technology,SMB
C09078,Pulse 9078,2025-02-21,Canada,Consulting,Mid-Market
C09079,Cloud 9079,2025-02-06,India,Finance,Mid-Market
C09080,Nova 9080,2025-05-14,USA,Consulting,Startup
C09081,Vertex 9081,2025-12-03,UK,Education,Startup
C09082,Blue 9082,2025-01-18,India,Marketing,Startup
C09083,Core 9083,2025-03-10,Canada,Technology,Startup
C09084,Blue 9084,2025-01-11,India,Retail,SMB
C09085,Cloud 9085,2025-05-31,Australia,Technology,Startup
C09086,Apex 9086,2025-12-28,USA,Consulting,Mid-Market
C09087,Apex 9087,2025-09-07,UK,Education,Mid-Market
C09088,Orbit 9088,2025-06-30,UK,Technology,Mid-Market
C09089,Nova 9089,2025-02-22,USA,Marketing,SMB
C09090,Orbit 9090,2025-05-10,USA,Media,Mid-Market
C09091,Nova 9091,2025-07-11,Australia,Retail,SMB
C09092,Cloud 9092,2025-04-11,UK,Technology,Mid-Market
C09093,Cloud 9093,2025-09-15,India,Technology,Startup
C09094,Nexa 9094,2025-12-24,Canada,Technology,Mid-Market
C09095,Core 9095,2025-03-17,India,Consulting,SMB
C09096,Nexa 9096,2025-04-03,UK,Technology,Startup
C09097,Apex 9097,2025-02-16,USA,Technology,SMB
C09098,Orbit 9098,2025-09-22,UK,Healthcare,Startup
C09099,Orbit 9099,2025-06-18,India,Media,Enterprise
C09100,Vertex 9100,2025-04-14,USA,Finance,SMB
C09101,Blue 9101,2025-03-22,India,Consulting,Mid-Market
C09102,Blue 9102,2025-01-26,USA,Technology,Enterprise
C09103,Cloud 9103,2025-06-23,Germany,Education,SMB
C09104,Vertex 9104,2025-09-07,Germany,Marketing,Mid-Market
C09105,Vertex 9105,2025-03-27,India,Retail,Enterprise
C09106,Nexa 9106,2025-01-01,India,Consulting,Startup
C09107,Nova 9107,2025-06-22,Germany,Technology,Startup
C09108,Vertex 9108,2025-09-04,UK,Healthcare,SMB
C09109,Nexa 9109,2025-05-06,Australia,Technology,SMB
C09110,Vertex 9110,2025-04-02,India,Finance,Mid-Market
C09111,Nova 9111,2025-02-26,India,Media,SMB
C09112,Nova 9112,2025-09-30,USA,Healthcare,Mid-Market
C09113,Pulse 9113,2025-11-11,Germany,Retail,SMB
C09114,Bright 9114,2025-10-08,UK,Technology,SMB
C09115,Cloud 9115,2025-07-09,India,Retail,Mid-Market
C09116,Nexa 9116,2025-09-22,India,Retail,Mid-Market
C09117,Vertex 9117,2025-05-25,Germany,Education,SMB
C09118,Orbit 9118,2025-01-09,USA,Technology,SMB
C09119,Apex 9119,2025-05-15,Germany,Retail,Mid-Market
C09120,Nexa 9120,2025-09-14,USA,Retail,SMB
C09121,Nexa 9121,2025-08-25,USA,Technology,Startup
C09122,Nexa 9122,2025-12-28,India,Media,Mid-Market
C09123,Cloud 9123,2025-12-31,Netherlands,Retail,Startup
C09124,Vertex 9124,2025-03-30,India,Technology,Startup
C09125,Orbit 9125,2025-01-04,India,Healthcare,Mid-Market
C09126,Nova 9126,2025-04-11,Australia,Finance,SMB
C09127,Apex 9127,2025-11-16,India,Marketing,SMB
C09128,Nexa 9128,2025-10-24,USA,Retail,SMB
C09129,Core 9129,2025-02-06,USA,Retail,Startup
C09130,Nexa 9130,2025-02-28,Germany,Technology,Startup
C09131,Blue 9131,2025-07-25,USA,Marketing,Enterprise
C09132,Orbit 9132,2025-08-30,Australia,Marketing,Startup
C09133,Apex 9133,2025-12-25,Canada,Healthcare,Startup
C09134,Cloud 9134,2025-10-03,UK,Consulting,Mid-Market
C09135,Nexa 9135,2025-03-19,USA,Education,Mid-Market
C09136,Core 9136,2025-01-14,Australia,Finance,Mid-Market
C09137,Bright 9137,2025-08-20,Australia,Finance,Startup
C09138,Nova 9138,2025-07-22,Australia,Retail,Startup
C09139,Nova 9139,2025-12-03,India,Finance,Enterprise
C09140,Nexa 9140,2025-07-30,Germany,Healthcare,Mid-Market
C09141,Nexa 9141,2025-07-02,Canada,Media,Mid-Market
C09142,Vertex 9142,2025-04-21,Netherlands,Retail,SMB
C09143,Nova 9143,2025-02-01,USA,Education,Mid-Market
C09144,Nexa 9144,2025-11-16,Canada,Finance,Enterprise
C09145,Bright 9145,2025-10-29,Germany,Education,SMB
C09146,Apex 9146,2025-03-01,Singapore,Education,SMB
C09147,Cloud 9147,2025-09-14,Germany,Healthcare,Startup
C09148,Pulse 9148,2025-05-13,Australia,Technology,Mid-Market
C09149,Pulse 9149,2025-06-09,USA,Finance,Startup
C09150,Nova 9150,2025-11-06,India,Marketing,Startup
C09151,Nova 9151,2025-11-04,USA,Media,SMB
C09152,Orbit 9152,2025-03-11,Australia,Consulting,Mid-Market
C09153,Nexa 9153,2025-04-23,India,Technology,SMB
C09154,Vertex 9154,2025-10-27,Germany,Finance,Enterprise
C09155,Vertex 9155,2025-12-01,Netherlands,Marketing,Startup
C09156,Nexa 9156,2025-01-29,Singapore,Healthcare,SMB
C09157,Apex 9157,2025-11-01,Germany,Technology,SMB
C09158,Vertex 9158,2025-06-28,Australia,Media,SMB
C09159,Nexa 9159,2025-08-04,India,Retail,SMB
C09160,Nova 9160,2025-01-28,UK,Retail,SMB
C09161,Cloud 9161,2025-09-06,UK,Healthcare,Mid-Market
C09162,Pulse 9162,2025-09-05,Canada,Retail,Mid-Market
C09163,Cloud 9163,2025-08-30,USA,Education,Enterprise
C09164,Nova 9164,2025-10-16,India,Marketing,Enterprise
C09165,Blue 9165,2025-12-12,Germany,Technology,SMB
C09166,Cloud 9166,2025-11-07,UK,Technology,Mid-Market
C09167,Orbit 9167,2025-09-29,Australia,Technology,SMB
C09168,Core 9168,2025-12-25,UK,Retail,SMB
C09169,Blue 9169,2025-09-04,Australia,Education,Startup
C09170,Core 9170,2025-09-03,UK,Media,SMB
C09171,Bright 9171,2025-07-17,Canada,Marketing,Enterprise
C09172,Core 9172,2025-10-08,Canada,Technology,Mid-Market
C09173,Nova 9173,2025-01-27,USA,Healthcare,Startup
C09174,Bright 9174,2025-07-04,USA,Technology,SMB
C09175,Vertex 9175,2025-06-05,Singapore,Retail,SMB
C09176,Orbit 9176,2025-11-30,India,Finance,Mid-Market
C09177,Core 9177,2025-01-27,Germany,Technology,Startup
C09178,Pulse 9178,2025-08-23,India,Marketing,SMB
C09179,Blue 9179,2025-03-09,Canada,Consulting,Mid-Market
C09180,Vertex 9180,2025-11-19,India,Marketing,SMB
C09181,Pulse 9181,2025-11-07,UK,Technology,Startup
C09182,Pulse 9182,2025-03-27,UK,Consulting,Mid-Market
C09183,Apex 9183,2025-11-15,India,Technology,Mid-Market
C09184,Nova 9184,2025-07-01,UK,Marketing,SMB
C09185,Vertex 9185,2025-12-21,Singapore,Marketing,Startup
C09186,Blue 9186,2025-09-24,Germany,Technology,Mid-Market
C09187,Cloud 9187,2025-01-13,Netherlands,Healthcare,SMB
C09188,Nexa 9188,2025-03-15,Canada,Technology,SMB
C09189,Blue 9189,2025-05-28,Germany,Finance,SMB
C09190,Apex 9190,2025-03-19,UK,Marketing,SMB
C09191,Cloud 9191,2025-02-18,Singapore,Finance,Mid-Market
C09192,Apex 9192,2025-12-23,UK,Technology,Enterprise
C09193,Cloud 9193,2025-11-14,USA,Education,Mid-Market
C09194,Vertex 9194,2025-06-08,Australia,Consulting,Startup
C09195,Core 9195,2025-03-20,Netherlands,Retail,SMB
C09196,Bright 9196,2025-03-08,USA,Retail,Startup
C09197,Nexa 9197,2025-12-01,India,Marketing,Mid-Market
C09198,Pulse 9198,2025-05-01,Germany,Healthcare,SMB
C09199,Orbit 9199,2025-01-05,Canada,Marketing,Enterprise
C09200,Orbit 9200,2025-05-26,USA,Consulting,SMB
C09201,Vertex 9201,2025-06-15,Canada,Healthcare,Startup
C09202,Orbit 9202,2025-08-16,UK,Media,SMB
C09203,Pulse 9203,2025-05-04,USA,Education,SMB
C09204,Vertex 9204,2025-12-03,Germany,Finance,Startup
C09205,Cloud 9205,2025-08-23,USA,Consulting,SMB
C09206,Nexa 9206,2025-12-27,Canada,Technology,Startup
C09207,Blue 9207,2025-05-14,India,Media,Startup
C09208,Bright 9208,2025-08-26,Australia,Finance,SMB
C09209,Core 9209,2025-05-14,USA,Education,Mid-Market
C09210,Vertex 9210,2025-09-13,Netherlands,Education,Mid-Market
C09211,Orbit 9211,2025-09-30,Canada,Technology,Startup
C09212,Blue 9212,2025-04-28,USA,Consulting,SMB
C09213,Apex 9213,2025-12-09,Netherlands,Finance,Mid-Market
C09214,Orbit 9214,2025-11-09,UK,Healthcare,Enterprise
C09215,Vertex 9215,2025-11-23,UK,Technology,Mid-Market
C09216,Orbit 9216,2025-03-21,Singapore,Consulting,SMB
C09217,Orbit 9217,2025-09-20,Singapore,Retail,Mid-Market
C09218,Blue 9218,2025-02-08,Germany,Technology,Mid-Market
C09219,Cloud 9219,2025-02-08,Netherlands,Consulting,Startup
C09220,Bright 9220,2025-12-22,USA,Retail,Startup
C09221,Nexa 9221,2025-02-25,India,Technology,Enterprise
C09222,Blue 9222,2025-11-12,India,Media,Enterprise
C09223,Cloud 9223,2025-06-07,USA,Technology,SMB
C09224,Nexa 9224,2025-04-21,Germany,Retail,Mid-Market
C09225,Core 9225,2025-01-27,USA,Marketing,SMB
C09226,Nexa 9226,2025-09-04,UK,Media,Mid-Market
C09227,Apex 9227,2025-09-21,India,Finance,SMB
C09228,Cloud 9228,2025-06-20,USA,Finance,SMB
C09229,Cloud 9229,2025-10-23,Canada,Retail,SMB
C09230,Nova 9230,2025-04-28,India,Consulting,SMB
C09231,Vertex 9231,2025-07-21,Canada,Marketing,Enterprise
C09232,Apex 9232,2025-04-15,Canada,Education,Mid-Market
C09233,Vertex 9233,2025-08-01,UK,Education,Startup
C09234,Nova 9234,2025-02-19,Singapore,Technology,Startup
C09235,Nexa 9235,2025-06-23,Netherlands,Technology,Startup
C09236,Nova 9236,2025-07-20,India,Technology,Startup
C09237,Vertex 9237,2025-07-23,Germany,Technology,SMB
C09238,Orbit 9238,2025-06-13,India,Retail,SMB
C09239,Blue 9239,2025-08-23,USA,Healthcare,Startup
C09240,Pulse 9240,2025-07-06,Germany,Marketing,Enterprise
C09241,Nova 9241,2025-04-14,Canada,Technology,Mid-Market
C09242,Vertex 9242,2025-03-20,Australia,Retail,Startup
C09243,Pulse 9243,2025-08-25,Canada,Technology,Mid-Market
C09244,Pulse 9244,2025-12-09,Canada,Technology,SMB
C09245,Bright 9245,2025-10-02,UK,Consulting,SMB
C09246,Blue 9246,2025-08-22,India,Technology,SMB
C09247,Core 9247,2025-12-03,India,Consulting,Startup
C09248,Pulse 9248,2025-11-25,UK,Finance,SMB
C09249,Pulse 9249,2025-07-04,Canada,Consulting,Enterprise
C09250,Pulse 9250,2025-02-09,India,Technology,Mid-Market
C09251,Vertex 9251,2025-08-20,USA,Finance,SMB
C09252,Pulse 9252,2025-08-16,USA,Marketing,Mid-Market
C09253,Blue 9253,2025-04-12,UK,Education,Mid-Market
C09254,Cloud 9254,2025-11-07,USA,Retail,Mid-Market
C09255,Nova 9255,2025-11-14,India,Finance,Startup
C09256,Bright 9256,2025-05-01,India,Education,Startup
C09257,Cloud 9257,2025-06-24,USA,Technology,Mid-Market
C09258,Blue 9258,2025-03-13,UK,Consulting,Enterprise
C09259,Apex 9259,2025-03-07,Singapore,Media,SMB
C09260,Nexa 9260,2025-04-07,India,Technology,Enterprise
C09261,Blue 9261,2025-05-14,UK,Technology,Mid-Market
C09262,Pulse 9262,2025-04-10,UK,Consulting,Startup
C09263,Pulse 9263,2025-02-25,Germany,Retail,Enterprise
C09264,Blue 9264,2025-06-13,USA,Education,Mid-Market
C09265,Nexa 9265,2025-08-16,India,Healthcare,SMB
C09266,Cloud 9266,2025-04-29,Singapore,Consulting,Mid-Market
C09267,Pulse 9267,2025-07-14,Netherlands,Finance,SMB
C09268,Bright 9268,2025-04-10,USA,Media,SMB
C09269,Bright 9269,2025-09-14,UK,Retail,SMB
C09270,Nexa 9270,2025-08-25,India,Retail,SMB
C09271,Bright 9271,2025-12-17,India,Retail,SMB
C09272,Nova 9272,2025-01-20,India,Media,Startup
C09273,Blue 9273,2025-11-08,Canada,Technology,Startup
C09274,Orbit 9274,2025-05-05,India,Retail,Startup
C09275,Nexa 9275,2025-01-25,India,Finance,SMB
C09276,Core 9276,2025-09-09,India,Finance,SMB
C09277,Nexa 9277,2025-03-04,India,Healthcare,SMB
C09278,Nexa 9278,2025-03-06,USA,Technology,SMB
C09279,Pulse 9279,2025-12-24,UK,Healthcare,Startup
C09280,Cloud 9280,2025-03-22,UK,Marketing,Mid-Market
C09281,Core 9281,2025-07-19,USA,Technology,Mid-Market
C09282,Pulse 9282,2025-03-15,USA,Finance,Mid-Market
C09283,Vertex 9283,2025-02-15,Canada,Finance,Startup
C09284,Vertex 9284,2025-01-01,USA,Education,SMB
C09285,Core 9285,2025-01-06,India,Marketing,SMB
C09286,Core 9286,2025-06-22,Australia,Consulting,Mid-Market
C09287,Blue 9287,2025-06-08,Germany,Consulting,Startup
C09288,Vertex 9288,2025-01-15,USA,Education,Mid-Market
C09289,Core 9289,2025-05-08,USA,Finance,Enterprise
C09290,Core 9290,2025-04-10,India,Marketing,Mid-Market
C09291,Pulse 9291,2025-07-28,India,Healthcare,Mid-Market
C09292,Apex 9292,2025-12-30,Australia,Technology,Startup
C09293,Orbit 9293,2025-09-10,UK,Retail,SMB
C09294,Apex 9294,2025-12-02,India,Technology,Startup
C09295,Nova 9295,2025-03-12,India,Media,SMB
C09296,Orbit 9296,2025-03-20,USA,Technology,Mid-Market
C09297,Cloud 9297,2025-10-02,USA,Consulting,Mid-Market
C09298,Cloud 9298,2025-04-24,UK,Finance,Enterprise
C09299,Nova 9299,2025-11-06,USA,Retail,Enterprise
C09300,Apex 9300,2025-06-19,Singapore,Consulting,Startup
C09301,Nova 9301,2025-03-15,Canada,Technology,Enterprise
C09302,Core 9302,2025-11-05,Singapore,Technology,Mid-Market
C09303,Core 9303,2025-07-20,Australia,Marketing,Mid-Market
C09304,Core 9304,2025-10-20,Singapore,Technology,Startup
C09305,Bright 9305,2025-06-15,Netherlands,Technology,Startup
C09306,Vertex 9306,2025-02-16,USA,Media,SMB
C09307,Orbit 9307,2025-09-06,India,Education,Startup
C09308,Nexa 9308,2025-02-15,India,Technology,Startup
C09309,Nova 9309,2025-08-31,Germany,Marketing,Startup
C09310,Core 9310,2025-06-02,Germany,Technology,SMB
C09311,Apex 9311,2025-10-16,India,Consulting,SMB
C09312,Core 9312,2025-11-14,Australia,Technology,Startup
C09313,Nova 9313,2025-05-29,Canada,Healthcare,Mid-Market
C09314,Apex 9314,2025-11-18,Germany,Technology,Startup
C09315,Apex 9315,2025-02-10,USA,Media,SMB
C09316,Nova 9316,2025-02-09,India,Technology,SMB
C09317,Pulse 9317,2025-12-29,UK,Consulting,SMB
C09318,Blue 9318,2025-07-29,India,Healthcare,SMB
C09319,Orbit 9319,2025-06-14,Germany,Consulting,Mid-Market
C09320,Bright 9320,2025-02-26,USA,Technology,SMB
C09321,Nexa 9321,2025-04-16,USA,Retail,Startup
C09322,Bright 9322,2025-09-08,USA,Media,SMB
C09323,Bright 9323,2025-10-27,UK,Technology,Startup
C09324,Pulse 9324,2025-12-01,USA,Finance,Enterprise
C09325,Orbit 9325,2025-05-29,Netherlands,Media,SMB
C09326,Cloud 9326,2025-06-15,India,Healthcare,Startup
C09327,Apex 9327,2025-03-01,Singapore,Retail,Mid-Market
C09328,Core 9328,2025-01-31,India,Retail,Mid-Market
C09329,Orbit 9329,2025-06-09,India,Finance,SMB
C09330,Nova 9330,2025-07-31,Netherlands,Technology,Enterprise
C09331,Core 9331,2025-02-08,Canada,Finance,SMB
C09332,Pulse 9332,2025-05-30,Germany,Marketing,Startup
C09333,Cloud 9333,2025-08-23,Canada,Marketing,Mid-Market
C09334,Blue 9334,2025-10-23,USA,Consulting,Enterprise
C09335,Blue 9335,2025-12-09,Canada,Marketing,Startup
C09336,Blue 9336,2025-05-05,India,Consulting,Startup
C09337,Bright 9337,2025-05-23,Australia,Technology,SMB
C09338,Blue 9338,2025-11-16,Singapore,Healthcare,Mid-Market
C09339,Core 9339,2025-09-11,Australia,Technology,Startup
C09340,Core 9340,2025-04-10,Canada,Technology,Enterprise
C09341,Orbit 9341,2025-09-08,Germany,Finance,Startup
C09342,Cloud 9342,2025-02-27,UK,Retail,Mid-Market
C09343,Cloud 9343,2025-06-13,USA,Healthcare,Mid-Market
C09344,Blue 9344,2025-04-22,Australia,Finance,Startup
C09345,Orbit 9345,2025-12-29,Germany,Education,SMB
C09346,Blue 9346,2025-01-13,USA,Education,Startup
C09347,Orbit 9347,2025-11-09,Canada,Marketing,SMB
C09348,Orbit 9348,2025-04-13,India,Finance,SMB
C09349,Nova 9349,2025-01-14,Australia,Finance,Mid-Market
C09350,Apex 9350,2025-08-29,Australia,Technology,SMB
C09351,Orbit 9351,2025-09-05,India,Finance,SMB
C09352,Vertex 9352,2025-02-21,India,Technology,Startup
C09353,Vertex 9353,2025-01-14,Canada,Education,Startup
C09354,Orbit 9354,2025-02-10,India,Retail,SMB
C09355,Cloud 9355,2025-05-30,Netherlands,Finance,Enterprise
C09356,Pulse 9356,2025-02-18,India,Finance,Mid-Market
C09357,Apex 9357,2025-09-14,India,Retail,SMB
C09358,Apex 9358,2025-01-29,India,Marketing,Enterprise
C09359,Vertex 9359,2025-10-15,Canada,Consulting,Startup
C09360,Apex 9360,2025-11-16,UK,Retail,Enterprise
C09361,Orbit 9361,2025-09-19,Australia,Education,Startup
C09362,Orbit 9362,2025-12-11,Netherlands,Consulting,Startup
C09363,Cloud 9363,2025-12-09,Germany,Healthcare,Mid-Market
C09364,Nova 9364,2025-01-17,India,Media,SMB
C09365,Blue 9365,2025-05-05,India,Education,Mid-Market
C09366,Blue 9366,2025-10-05,Australia,Technology,Mid-Market
C09367,Blue 9367,2025-05-04,USA,Marketing,Startup
C09368,Cloud 9368,2025-09-27,Singapore,Technology,Startup
C09369,Nexa 9369,2025-10-10,Singapore,Marketing,SMB
C09370,Vertex 9370,2025-12-30,Germany,Technology,SMB
C09371,Blue 9371,2025-05-01,Germany,Education,SMB
C09372,Nova 9372,2025-05-07,Netherlands,Healthcare,Startup
C09373,Apex 9373,2025-01-09,Canada,Marketing,Startup
C09374,Core 9374,2025-04-15,Germany,Education,SMB
C09375,Pulse 9375,2025-04-13,USA,Finance,Startup
C09376,Core 9376,2025-06-15,UK,Finance,SMB
C09377,Apex 9377,2025-06-03,USA,Marketing,Startup
C09378,Nova 9378,2025-11-09,Netherlands,Marketing,Mid-Market
C09379,Nova 9379,2025-10-10,Germany,Retail,SMB
C09380,Vertex 9380,2025-09-23,Canada,Finance,Startup
C09381,Nova 9381,2025-01-02,India,Marketing,Mid-Market
C09382,Apex 9382,2025-06-22,Australia,Retail,SMB
C09383,Nova 9383,2025-09-24,USA,Consulting,SMB
C09384,Vertex 9384,2025-03-31,Canada,Finance,Startup
C09385,Apex 9385,2025-06-05,India,Healthcare,SMB
C09386,Pulse 9386,2025-09-23,Singapore,Retail,Mid-Market
C09387,Nexa 9387,2025-10-18,Germany,Healthcare,Startup
C09388,Nova 9388,2025-11-08,USA,Finance,SMB
C09389,Blue 9389,2025-06-06,USA,Marketing,Startup
C09390,Orbit 9390,2025-05-26,USA,Technology,SMB
C09391,Bright 9391,2025-05-20,USA,Marketing,SMB
C09392,Bright 9392,2025-09-02,India,Media,Startup
C09393,Core 9393,2025-06-03,USA,Media,Startup
C09394,Apex 9394,2025-05-27,USA,Marketing,SMB
C09395,Cloud 9395,2025-03-03,USA,Retail,SMB
C09396,Apex 9396,2025-06-24,Canada,Consulting,Enterprise
C09397,Nova 9397,2025-03-28,USA,Media,Mid-Market
C09398,Vertex 9398,2025-07-11,India,Retail,Mid-Market
C09399,Bright 9399,2025-11-21,Australia,Retail,Enterprise
C09400,Cloud 9400,2025-10-11,USA,Technology,Startup
C09401,Bright 9401,2025-06-24,Germany,Technology,Mid-Market
C09402,Nova 9402,2025-12-23,Singapore,Technology,Enterprise
C09403,Nexa 9403,2025-12-24,Canada,Education,SMB
C09404,Vertex 9404,2025-06-12,UK,Media,SMB
C09405,Cloud 9405,2025-10-06,UK,Media,SMB
C09406,Blue 9406,2025-05-05,Australia,Retail,Startup
C09407,Nova 9407,2025-11-17,Australia,Retail,Startup
C09408,Cloud 9408,2025-05-17,India,Marketing,Startup
C09409,Orbit 9409,2025-04-05,Germany,Healthcare,SMB
C09410,Bright 9410,2025-02-18,Australia,Education,SMB
C09411,Bright 9411,2025-11-04,Australia,Technology,Startup
C09412,Vertex 9412,2025-04-19,India,Consulting,Startup
C09413,Apex 9413,2025-10-24,USA,Education,Startup
C09414,Pulse 9414,2025-02-01,UK,Technology,Enterprise
C09415,Orbit 9415,2025-07-02,USA,Education,Mid-Market
C09416,Blue 9416,2025-06-06,Germany,Marketing,Startup
C09417,Nexa 9417,2025-06-10,USA,Consulting,Mid-Market
C09418,Pulse 9418,2025-03-03,USA,Retail,Mid-Market
C09419,Apex 9419,2025-01-27,USA,Finance,Mid-Market
C09420,Nexa 9420,2025-05-07,Australia,Consulting,Mid-Market
C09421,Orbit 9421,2025-06-21,Australia,Technology,SMB
C09422,Core 9422,2025-10-17,Australia,Healthcare,Startup
C09423,Orbit 9423,2025-06-18,Singapore,Marketing,Mid-Market
C09424,Apex 9424,2025-03-31,Netherlands,Consulting,Mid-Market
C09425,Nova 9425,2025-04-06,UK,Retail,Startup
C09426,Core 9426,2025-08-12,India,Technology,SMB
C09427,Apex 9427,2025-06-09,Australia,Consulting,SMB
C09428,Pulse 9428,2025-11-25,Germany,Retail,SMB
C09429,Nexa 9429,2025-06-10,USA,Media,SMB
C09430,Nova 9430,2025-07-26,Netherlands,Finance,Startup
C09431,Nexa 9431,2025-01-24,USA,Technology,SMB
C09432,Apex 9432,2025-03-12,Singapore,Marketing,Startup
C09433,Cloud 9433,2025-11-07,UK,Retail,Startup
C09434,Cloud 9434,2025-05-06,India,Finance,SMB
C09435,Nexa 9435,2025-06-03,Australia,Marketing,SMB
C09436,Nova 9436,2025-08-04,Canada,Media,SMB
C09437,Nexa 9437,2025-01-22,Germany,Healthcare,Startup
C09438,Core 9438,2025-07-04,Germany,Education,SMB
C09439,Nova 9439,2025-05-07,India,Media,Startup
C09440,Nova 9440,2025-02-24,India,Finance,Startup
C09441,Nova 9441,2025-06-02,India,Finance,Mid-Market
C09442,Pulse 9442,2025-06-13,India,Finance,SMB
C09443,Core 9443,2025-03-10,USA,Marketing,SMB
C09444,Blue 9444,2025-07-18,UK,Technology,SMB
C09445,Nova 9445,2025-09-30,India,Technology,SMB
C09446,Apex 9446,2025-04-08,UK,Finance,Startup
C09447,Nova 9447,2025-12-19,USA,Marketing,SMB
C09448,Bright 9448,2025-08-12,USA,Retail,Mid-Market
C09449,Bright 9449,2025-10-10,Netherlands,Marketing,SMB
C09450,Nexa 9450,2025-01-26,Netherlands,Consulting,Mid-Market
C09451,Blue 9451,2025-10-08,Australia,Media,Enterprise
C09452,Core 9452,2025-05-03,India,Consulting,Startup
C09453,Nova 9453,2025-09-17,Canada,Education,Enterprise
C09454,Cloud 9454,2025-10-21,India,Technology,Mid-Market
C09455,Cloud 9455,2025-04-02,UK,Healthcare,SMB
C09456,Cloud 9456,2025-04-05,Singapore,Finance,SMB
C09457,Bright 9457,2025-01-22,USA,Marketing,SMB
C09458,Nexa 9458,2025-08-09,Singapore,Media,Startup
C09459,Pulse 9459,2025-10-10,Canada,Finance,Startup
C09460,Blue 9460,2025-05-30,USA,Technology,SMB
C09461,Pulse 9461,2025-02-28,India,Consulting,Startup
C09462,Cloud 9462,2025-04-26,Australia,Media,Startup
C09463,Vertex 9463,2025-05-28,USA,Consulting,Startup
C09464,Bright 9464,2025-12-01,India,Technology,Enterprise
C09465,Pulse 9465,2025-02-15,India,Marketing,Startup
C09466,Blue 9466,2025-05-06,Netherlands,Healthcare,Enterprise
C09467,Bright 9467,2025-08-21,USA,Education,SMB
C09468,Vertex 9468,2025-03-28,Netherlands,Education,Startup
C09469,Nova 9469,2025-11-19,Germany,Consulting,Startup
C09470,Nova 9470,2025-11-28,USA,Finance,Startup
C09471,Nexa 9471,2025-05-19,USA,Media,SMB
C09472,Orbit 9472,2025-09-30,Canada,Technology,Startup
C09473,Nexa 9473,2025-10-03,USA,Technology,Mid-Market
C09474,Nova 9474,2025-09-06,India,Consulting,SMB
C09475,Apex 9475,2025-03-10,India,Healthcare,SMB
C09476,Vertex 9476,2025-01-19,Australia,Marketing,SMB
C09477,Bright 9477,2025-05-07,Germany,Finance,SMB
C09478,Nexa 9478,2025-02-17,UK,Technology,Enterprise
C09479,Cloud 9479,2025-04-17,USA,Technology,SMB
C09480,Nexa 9480,2025-08-21,USA,Consulting,SMB
C09481,Cloud 9481,2025-08-03,Canada,Technology,Enterprise
C09482,Orbit 9482,2025-03-18,India,Media,Enterprise
C09483,Apex 9483,2025-01-07,Netherlands,Consulting,Mid-Market
C09484,Bright 9484,2025-03-24,Australia,Retail,Mid-Market
C09485,Vertex 9485,2025-06-16,USA,Retail,SMB
C09486,Orbit 9486,2025-10-12,Singapore,Consulting,SMB
C09487,Blue 9487,2025-05-14,Germany,Healthcare,SMB
C09488,Nexa 9488,2025-04-15,Germany,Retail,SMB
C09489,Pulse 9489,2025-07-21,India,Healthcare,Mid-Market
C09490,Core 9490,2025-01-27,Singapore,Technology,SMB
C09491,Nova 9491,2025-03-24,USA,Marketing,SMB
C09492,Pulse 9492,2025-01-14,Australia,Technology,Mid-Market
C09493,Cloud 9493,2025-07-11,USA,Education,Startup
C09494,Nexa 9494,2025-06-11,USA,Media,SMB
C09495,Blue 9495,2025-08-01,Netherlands,Education,Mid-Market
C09496,Core 9496,2025-08-14,UK,Technology,Startup
C09497,Apex 9497,2025-05-25,India,Technology,Startup
C09498,Core 9498,2025-11-14,Australia,Finance,Startup
C09499,Nexa 9499,2025-12-02,India,Technology,Startup
C09500,Vertex 9500,2025-02-10,Singapore,Marketing,SMB
C09501,Cloud 9501,2025-12-02,Singapore,Consulting,Mid-Market
C09502,Blue 9502,2025-03-13,India,Education,SMB
C09503,Blue 9503,2025-04-01,UK,Marketing,SMB
C09504,Core 9504,2025-07-13,Netherlands,Healthcare,Startup
C09505,Bright 9505,2025-01-11,Singapore,Technology,Mid-Market
C09506,Bright 9506,2025-05-13,UK,Education,SMB
C09507,Core 9507,2025-03-13,Germany,Healthcare,Mid-Market
C09508,Nova 9508,2025-06-26,Germany,Finance,Startup
C09509,Core 9509,2025-10-25,India,Education,Mid-Market
C09510,Nexa 9510,2025-12-04,Germany,Healthcare,SMB
C09511,Nexa 9511,2025-03-19,USA,Technology,Enterprise
C09512,Apex 9512,2025-07-18,USA,Marketing,SMB
C09513,Blue 9513,2025-06-23,USA,Finance,Mid-Market
C09514,Pulse 9514,2025-06-01,Australia,Consulting,SMB
C09515,Nova 9515,2025-08-19,India,Technology,Startup
C09516,Orbit 9516,2025-12-28,USA,Retail,Mid-Market
C09517,Core 9517,2025-05-28,India,Healthcare,Startup
C09518,Nova 9518,2025-01-24,India,Technology,Mid-Market
C09519,Pulse 9519,2025-12-01,Netherlands,Technology,SMB
C09520,Cloud 9520,2025-12-07,USA,Media,Mid-Market
C09521,Orbit 9521,2025-04-28,India,Marketing,SMB
C09522,Core 9522,2025-07-03,Netherlands,Consulting,SMB
C09523,Apex 9523,2025-11-11,India,Retail,Mid-Market
C09524,Nova 9524,2025-07-03,UK,Finance,Mid-Market
C09525,Nova 9525,2025-06-25,Australia,Marketing,Mid-Market
C09526,Pulse 9526,2025-12-03,Canada,Education,SMB
C09527,Blue 9527,2025-10-30,India,Retail,SMB
C09528,Cloud 9528,2025-07-05,Canada,Healthcare,Mid-Market
C09529,Blue 9529,2025-02-28,Germany,Media,SMB
C09530,Apex 9530,2025-06-10,Germany,Marketing,Startup
C09531,Nova 9531,2025-09-04,USA,Retail,Mid-Market
C09532,Orbit 9532,2025-04-10,Australia,Technology,SMB
C09533,Blue 9533,2025-07-16,UK,Healthcare,Enterprise
C09534,Cloud 9534,2025-08-29,Canada,Technology,Enterprise
C09535,Blue 9535,2025-02-01,Singapore,Retail,Mid-Market
C09536,Nexa 9536,2025-07-27,Australia,Technology,SMB
C09537,Bright 9537,2025-09-27,Canada,Consulting,Mid-Market
C09538,Nexa 9538,2025-03-20,USA,Technology,SMB
C09539,Apex 9539,2025-07-20,India,Technology,Startup
C09540,Nova 9540,2025-09-16,UK,Finance,Mid-Market
C09541,Core 9541,2025-01-17,India,Consulting,Mid-Market
C09542,Bright 9542,2025-08-24,Canada,Finance,Startup
C09543,Orbit 9543,2025-04-05,Canada,Consulting,Mid-Market
C09544,Pulse 9544,2025-05-26,UK,Consulting,Mid-Market
C09545,Nova 9545,2025-08-25,India,Media,SMB
C09546,Pulse 9546,2025-01-02,Singapore,Education,Startup
C09547,Bright 9547,2025-01-07,UK,Education,Mid-Market
C09548,Orbit 9548,2025-06-13,UK,Marketing,Startup
C09549,Apex 9549,2025-12-13,UK,Technology,Startup
C09550,Pulse 9550,2025-01-03,India,Marketing,SMB
C09551,Vertex 9551,2025-10-15,Canada,Retail,Mid-Market
C09552,Vertex 9552,2025-01-28,India,Technology,Mid-Market
C09553,Apex 9553,2025-06-28,UK,Technology,Mid-Market
C09554,Vertex 9554,2025-06-07,India,Marketing,Mid-Market
C09555,Cloud 9555,2025-06-20,India,Retail,Mid-Market
C09556,Nexa 9556,2025-01-30,India,Finance,SMB
C09557,Core 9557,2025-10-03,India,Retail,Startup
C09558,Nexa 9558,2025-04-11,Singapore,Finance,SMB
C09559,Bright 9559,2025-10-09,Australia,Healthcare,SMB
C09560,Core 9560,2025-08-28,India,Media,Startup
C09561,Apex 9561,2025-07-21,India,Healthcare,SMB
C09562,Vertex 9562,2025-04-23,Canada,Marketing,Startup
C09563,Pulse 9563,2025-08-27,India,Media,Startup
C09564,Orbit 9564,2025-12-31,USA,Finance,SMB
C09565,Bright 9565,2025-12-03,India,Technology,Startup
C09566,Nexa 9566,2025-12-01,UK,Media,Startup
C09567,Pulse 9567,2025-03-22,Netherlands,Marketing,Mid-Market
C09568,Cloud 9568,2025-08-02,India,Media,Mid-Market
C09569,Vertex 9569,2025-05-26,Netherlands,Retail,Mid-Market
C09570,Orbit 9570,2025-12-19,Australia,Marketing,Startup
C09571,Nova 9571,2025-12-13,Netherlands,Healthcare,SMB
C09572,Nexa 9572,2025-11-13,Canada,Marketing,Mid-Market
C09573,Apex 9573,2025-03-01,Australia,Technology,Startup
C09574,Cloud 9574,2025-04-27,UK,Healthcare,Startup
C09575,Orbit 9575,2025-09-17,Australia,Consulting,SMB
C09576,Bright 9576,2025-10-01,India,Media,SMB
C09577,Bright 9577,2025-05-08,Canada,Media,Startup
C09578,Cloud 9578,2025-02-19,Germany,Media,Startup
C09579,Nexa 9579,2025-02-19,India,Technology,SMB
C09580,Blue 9580,2025-09-07,USA,Marketing,SMB
C09581,Nexa 9581,2025-06-15,India,Technology,SMB
C09582,Cloud 9582,2025-06-29,USA,Marketing,Enterprise
C09583,Core 9583,2025-10-25,India,Media,Startup
C09584,Vertex 9584,2025-01-07,USA,Retail,Mid-Market
C09585,Cloud 9585,2025-10-03,USA,Retail,SMB
C09586,Nova 9586,2025-04-11,UK,Finance,Mid-Market
C09587,Core 9587,2025-12-06,India,Marketing,Mid-Market
C09588,Nova 9588,2025-12-15,USA,Finance,SMB
C09589,Orbit 9589,2025-07-03,USA,Marketing,SMB
C09590,Vertex 9590,2025-04-26,USA,Finance,Mid-Market
C09591,Cloud 9591,2025-03-27,India,Consulting,Mid-Market
C09592,Nexa 9592,2025-03-08,Netherlands,Healthcare,Startup
C09593,Core 9593,2025-12-31,USA,Education,SMB
C09594,Nova 9594,2025-03-10,USA,Retail,Mid-Market
C09595,Vertex 9595,2025-06-12,UK,Finance,SMB
C09596,Cloud 9596,2025-06-24,Australia,Education,Startup
C09597,Blue 9597,2025-09-05,USA,Retail,Enterprise
C09598,Nova 9598,2025-11-04,USA,Media,Enterprise
C09599,Vertex 9599,2025-07-23,UK,Technology,SMB
C09600,Apex 9600,2025-10-04,UK,Education,SMB
C09601,Bright 9601,2025-07-26,USA,Healthcare,Startup
C09602,Nova 9602,2025-06-09,Netherlands,Finance,SMB
C09603,Orbit 9603,2025-02-27,Netherlands,Technology,Enterprise
C09604,Nexa 9604,2025-03-18,UK,Marketing,Startup
C09605,Vertex 9605,2025-06-07,India,Finance,SMB
C09606,Nexa 9606,2025-01-17,UK,Education,Mid-Market
C09607,Nova 9607,2025-04-26,Netherlands,Finance,SMB
C09608,Pulse 9608,2025-06-18,Singapore,Technology,Enterprise
C09609,Cloud 9609,2025-06-22,India,Consulting,SMB
C09610,Cloud 9610,2025-10-25,India,Technology,Startup
C09611,Vertex 9611,2025-12-20,India,Finance,Enterprise
C09612,Core 9612,2025-09-24,Australia,Technology,Startup
C09613,Orbit 9613,2025-01-30,UK,Finance,Mid-Market
C09614,Nexa 9614,2025-05-30,USA,Marketing,Startup
C09615,Cloud 9615,2025-09-24,USA,Consulting,Mid-Market
C09616,Nova 9616,2025-08-06,USA,Education,Startup
C09617,Nova 9617,2025-06-17,Singapore,Technology,Mid-Market
C09618,Apex 9618,2025-06-09,USA,Technology,Enterprise
C09619,Bright 9619,2025-05-29,USA,Retail,Startup
C09620,Pulse 9620,2025-07-31,Canada,Finance,SMB
C09621,Pulse 9621,2025-03-07,Germany,Technology,Mid-Market
C09622,Bright 9622,2025-07-08,Canada,Technology,Enterprise
C09623,Apex 9623,2025-03-17,Australia,Consulting,SMB
C09624,Bright 9624,2025-09-06,India,Consulting,Enterprise
C09625,Nexa 9625,2025-11-12,India,Finance,Mid-Market
C09626,Nexa 9626,2025-07-05,India,Technology,Mid-Market
C09627,Nexa 9627,2025-05-22,Canada,Consulting,SMB
C09628,Nova 9628,2025-12-10,Singapore,Technology,SMB
C09629,Bright 9629,2025-08-29,USA,Healthcare,Mid-Market
C09630,Blue 9630,2025-06-06,Canada,Retail,Mid-Market
C09631,Bright 9631,2025-01-11,Canada,Finance,Startup
C09632,Vertex 9632,2025-01-06,Netherlands,Healthcare,SMB
C09633,Vertex 9633,2025-03-22,USA,Education,Mid-Market
C09634,Nova 9634,2025-03-28,India,Education,SMB
C09635,Pulse 9635,2025-09-21,Canada,Healthcare,SMB
C09636,Nova 9636,2025-07-02,Australia,Healthcare,SMB
C09637,Orbit 9637,2025-12-31,Canada,Healthcare,Startup
C09638,Bright 9638,2025-07-17,Australia,Marketing,Startup
C09639,Nova 9639,2025-11-26,USA,Finance,SMB
C09640,Core 9640,2025-07-21,Germany,Finance,SMB
C09641,Pulse 9641,2025-05-11,USA,Finance,Mid-Market
C09642,Core 9642,2025-09-18,USA,Healthcare,Startup
C09643,Blue 9643,2025-06-14,USA,Healthcare,SMB
C09644,Blue 9644,2025-04-11,India,Marketing,Mid-Market
C09645,Pulse 9645,2025-06-22,India,Education,Startup
C09646,Orbit 9646,2025-08-31,Germany,Media,Enterprise
C09647,Nexa 9647,2025-05-18,Singapore,Marketing,SMB
C09648,Apex 9648,2025-09-14,USA,Consulting,Enterprise
C09649,Vertex 9649,2025-12-24,USA,Technology,Mid-Market
C09650,Bright 9650,2025-05-31,India,Consulting,Enterprise
C09651,Apex 9651,2025-04-18,USA,Marketing,Mid-Market
C09652,Nova 9652,2025-05-27,USA,Retail,Startup
C09653,Core 9653,2025-11-02,UK,Media,Mid-Market
C09654,Blue 9654,2025-03-07,Singapore,Technology,Startup
C09655,Apex 9655,2025-12-22,UK,Retail,SMB
C09656,Apex 9656,2025-06-01,Germany,Education,SMB
C09657,Core 9657,2025-11-04,Canada,Consulting,Mid-Market
C09658,Apex 9658,2025-10-15,India,Healthcare,Mid-Market
C09659,Nexa 9659,2025-10-14,USA,Finance,Mid-Market
C09660,Orbit 9660,2025-11-28,India,Consulting,Startup
C09661,Cloud 9661,2025-03-09,USA,Technology,Enterprise
C09662,Pulse 9662,2025-08-05,Singapore,Marketing,Mid-Market
C09663,Vertex 9663,2025-02-06,UK,Technology,SMB
C09664,Cloud 9664,2025-04-20,USA,Finance,Startup
C09665,Nexa 9665,2025-01-15,India,Consulting,SMB
C09666,Pulse 9666,2025-09-07,USA,Consulting,Startup
C09667,Blue 9667,2025-08-10,Singapore,Retail,SMB
C09668,Pulse 9668,2025-09-28,USA,Consulting,Startup
C09669,Nova 9669,2025-03-06,Canada,Education,SMB
C09670,Core 9670,2025-05-02,India,Media,Mid-Market
C09671,Apex 9671,2025-09-04,India,Marketing,SMB
C09672,Nova 9672,2025-10-29,USA,Education,Mid-Market
C09673,Orbit 9673,2025-11-20,Singapore,Retail,Startup
C09674,Vertex 9674,2025-01-27,India,Consulting,SMB
C09675,Apex 9675,2025-05-27,Canada,Consulting,Enterprise
C09676,Apex 9676,2025-01-04,India,Marketing,SMB
C09677,Nova 9677,2025-10-26,Germany,Marketing,SMB
C09678,Core 9678,2025-02-14,UK,Education,Enterprise
C09679,Orbit 9679,2025-10-28,Germany,Education,SMB
C09680,Blue 9680,2025-02-26,USA,Marketing,Mid-Market
C09681,Apex 9681,2025-01-06,India,Technology,Enterprise
C09682,Orbit 9682,2025-11-17,Singapore,Finance,Startup
C09683,Core 9683,2025-06-10,UK,Marketing,Mid-Market
C09684,Cloud 9684,2025-06-05,India,Technology,SMB
C09685,Blue 9685,2025-08-25,USA,Healthcare,Enterprise
C09686,Vertex 9686,2025-04-11,India,Technology,SMB
C09687,Blue 9687,2025-09-10,USA,Technology,Mid-Market
C09688,Nexa 9688,2025-06-06,USA,Retail,SMB
C09689,Orbit 9689,2025-04-10,India,Marketing,SMB
C09690,Cloud 9690,2025-05-25,USA,Consulting,Mid-Market
C09691,Orbit 9691,2025-01-03,Germany,Technology,Enterprise
C09692,Orbit 9692,2025-04-21,Singapore,Finance,Startup
C09693,Blue 9693,2025-08-04,Canada,Technology,Startup
C09694,Core 9694,2025-02-20,UK,Technology,Enterprise
C09695,Apex 9695,2025-02-13,Canada,Technology,SMB
C09696,Bright 9696,2025-08-28,USA,Marketing,Startup
C09697,Bright 9697,2025-06-06,Germany,Technology,SMB
C09698,Bright 9698,2025-02-19,India,Consulting,Enterprise
C09699,Nova 9699,2025-09-30,India,Marketing,Enterprise
C09700,Nova 9700,2025-10-11,Germany,Finance,SMB
C09701,Pulse 9701,2025-01-13,India,Retail,Mid-Market
C09702,Cloud 9702,2025-03-15,Germany,Marketing,SMB
C09703,Apex 9703,2025-05-16,Germany,Finance,SMB
C09704,Nexa 9704,2025-09-24,India,Marketing,Mid-Market
C09705,Nexa 9705,2025-01-28,USA,Education,Startup
C09706,Bright 9706,2025-10-22,Germany,Marketing,SMB
C09707,Pulse 9707,2025-04-27,Canada,Media,Startup
C09708,Vertex 9708,2025-02-15,Australia,Finance,Startup
C09709,Apex 9709,2025-11-12,USA,Healthcare,SMB
C09710,Vertex 9710,2025-02-01,Australia,Retail,Enterprise
C09711,Orbit 9711,2025-02-17,USA,Education,SMB
C09712,Nova 9712,2025-12-13,India,Media,Mid-Market
C09713,Blue 9713,2025-07-09,Germany,Consulting,Startup
C09714,Nexa 9714,2025-06-19,USA,Marketing,Mid-Market
C09715,Cloud 9715,2025-09-08,India,Education,SMB
C09716,Nexa 9716,2025-08-19,USA,Healthcare,Enterprise
C09717,Bright 9717,2025-08-12,Australia,Technology,SMB
C09718,Orbit 9718,2025-01-09,Singapore,Healthcare,SMB
C09719,Vertex 9719,2025-07-21,Netherlands,Finance,Startup
C09720,Orbit 9720,2025-04-12,USA,Education,Startup
C09721,Vertex 9721,2025-10-22,USA,Education,SMB
C09722,Vertex 9722,2025-07-04,Australia,Media,Mid-Market
C09723,Orbit 9723,2025-02-15,USA,Technology,Startup
C09724,Orbit 9724,2025-11-20,USA,Healthcare,Mid-Market
C09725,Cloud 9725,2025-04-14,India,Healthcare,Mid-Market
C09726,Nova 9726,2025-04-10,UK,Marketing,SMB
C09727,Apex 9727,2025-12-08,Germany,Technology,Mid-Market
C09728,Blue 9728,2025-10-10,USA,Marketing,SMB
C09729,Pulse 9729,2025-11-10,India,Education,Enterprise
C09730,Nova 9730,2025-08-30,Canada,Finance,Mid-Market
C09731,Blue 9731,2025-11-29,Germany,Education,Mid-Market
C09732,Apex 9732,2025-02-12,India,Finance,SMB
C09733,Orbit 9733,2025-08-07,USA,Finance,Mid-Market
C09734,Nova 9734,2025-04-18,Netherlands,Retail,Enterprise
C09735,Bright 9735,2025-05-26,Germany,Technology,Startup
C09736,Pulse 9736,2025-03-28,UK,Finance,SMB
C09737,Bright 9737,2025-03-16,Germany,Media,Mid-Market
C09738,Vertex 9738,2025-06-11,Netherlands,Technology,SMB
C09739,Nova 9739,2025-12-02,USA,Healthcare,SMB
C09740,Blue 9740,2025-08-20,USA,Healthcare,Mid-Market
C09741,Core 9741,2025-05-08,USA,Education,Mid-Market
C09742,Nova 9742,2025-06-08,Australia,Marketing,Startup
C09743,Blue 9743,2025-07-13,India,Education,SMB
C09744,Core 9744,2025-03-31,India,Media,SMB
C09745,Bright 9745,2025-07-10,India,Healthcare,Startup
C09746,Nexa 9746,2025-09-11,Germany,Marketing,Startup
C09747,Cloud 9747,2025-03-30,Germany,Media,Mid-Market
C09748,Cloud 9748,2025-08-02,USA,Technology,Mid-Market
C09749,Pulse 9749,2025-09-16,USA,Media,Enterprise
C09750,Cloud 9750,2025-07-09,Canada,Media,Enterprise
C09751,Bright 9751,2025-04-17,India,Media,Enterprise
C09752,Bright 9752,2025-07-22,Canada,Technology,Startup
C09753,Vertex 9753,2025-10-17,India,Marketing,SMB
C09754,Core 9754,2025-03-22,Singapore,Retail,Startup
C09755,Nexa 9755,2025-07-29,USA,Finance,Mid-Market
C09756,Core 9756,2025-09-06,Germany,Marketing,Enterprise
C09757,Orbit 9757,2025-04-28,India,Finance,Startup
C09758,Vertex 9758,2025-05-22,USA,Technology,SMB
C09759,Cloud 9759,2025-11-21,Canada,Retail,SMB
C09760,Bright 9760,2025-05-13,UK,Media,Startup
C09761,Blue 9761,2025-08-07,Canada,Technology,Mid-Market
C09762,Cloud 9762,2025-02-24,UK,Technology,SMB
C09763,Nexa 9763,2025-12-04,UK,Marketing,SMB
C09764,Vertex 9764,2025-08-06,Australia,Technology,Enterprise
C09765,Blue 9765,2025-10-05,USA,Education,Startup
C09766,Nexa 9766,2025-08-08,Singapore,Consulting,SMB
C09767,Apex 9767,2025-05-10,USA,Healthcare,Mid-Market
C09768,Bright 9768,2025-05-05,USA,Consulting,SMB
C09769,Bright 9769,2025-09-13,Canada,Technology,SMB
C09770,Cloud 9770,2025-11-10,India,Finance,SMB
C09771,Orbit 9771,2025-02-16,India,Consulting,Startup
C09772,Core 9772,2025-11-05,India,Technology,Startup
C09773,Cloud 9773,2025-10-30,UK,Finance,Mid-Market
C09774,Pulse 9774,2025-02-09,Germany,Education,Startup
C09775,Orbit 9775,2025-02-09,India,Finance,Enterprise
C09776,Pulse 9776,2025-09-11,India,Marketing,Startup
C09777,Pulse 9777,2025-11-04,USA,Retail,Mid-Market
C09778,Nova 9778,2025-05-24,USA,Finance,Enterprise
C09779,Nova 9779,2025-08-22,India,Healthcare,Startup
C09780,Blue 9780,2025-12-31,India,Technology,SMB
C09781,Vertex 9781,2025-04-28,Australia,Education,Mid-Market
C09782,Orbit 9782,2025-03-24,Canada,Finance,SMB
C09783,Pulse 9783,2025-12-28,USA,Retail,Mid-Market
C09784,Orbit 9784,2025-04-13,USA,Technology,Startup
C09785,Nova 9785,2025-06-22,India,Consulting,Enterprise
C09786,Nova 9786,2025-06-11,USA,Consulting,SMB
C09787,Nexa 9787,2025-07-10,USA,Consulting,SMB
C09788,Core 9788,2025-04-09,Singapore,Consulting,SMB
C09789,Bright 9789,2025-09-05,Canada,Technology,SMB
C09790,Orbit 9790,2025-09-10,USA,Healthcare,SMB
C09791,Blue 9791,2025-03-15,India,Healthcare,Startup
C09792,Core 9792,2025-06-25,Germany,Finance,Mid-Market
C09793,Orbit 9793,2025-01-21,Singapore,Marketing,SMB
C09794,Nexa 9794,2025-03-22,India,Education,SMB
C09795,Blue 9795,2025-12-27,Australia,Healthcare,Enterprise
C09796,Pulse 9796,2025-07-04,India,Media,Enterprise
C09797,Apex 9797,2025-08-16,Canada,Education,Mid-Market
C09798,Nexa 9798,2025-11-21,India,Healthcare,Startup
C09799,Bright 9799,2025-09-18,Germany,Healthcare,Enterprise
C09800,Blue 9800,2025-10-17,India,Marketing,Startup
C09801,Nova 9801,2025-09-17,UK,Healthcare,SMB
C09802,Cloud 9802,2025-07-02,Germany,Technology,Enterprise
C09803,Bright 9803,2025-08-19,Germany,Marketing,Startup
C09804,Cloud 9804,2025-04-16,Germany,Education,Startup
C09805,Orbit 9805,2025-11-22,India,Finance,SMB
C09806,Pulse 9806,2025-03-07,Canada,Finance,SMB
C09807,Core 9807,2025-11-19,India,Technology,SMB
C09808,Orbit 9808,2025-11-17,Germany,Finance,Mid-Market
C09809,Nexa 9809,2025-02-21,India,Finance,Mid-Market
C09810,Orbit 9810,2025-09-17,USA,Consulting,Enterprise
C09811,Nova 9811,2025-12-28,USA,Education,Startup
C09812,Pulse 9812,2025-07-28,Netherlands,Finance,Mid-Market
C09813,Nova 9813,2025-05-05,Germany,Media,Mid-Market
C09814,Orbit 9814,2025-11-17,India,Education,Startup
C09815,Blue 9815,2025-07-07,Canada,Technology,SMB
C09816,Pulse 9816,2025-02-14,India,Consulting,Startup
C09817,Orbit 9817,2025-04-01,USA,Consulting,Startup
C09818,Bright 9818,2025-09-07,USA,Marketing,Startup
C09819,Core 9819,2025-06-16,Canada,Technology,Mid-Market
C09820,Core 9820,2025-03-21,Netherlands,Consulting,SMB
C09821,Bright 9821,2025-10-19,Singapore,Technology,Startup
C09822,Vertex 9822,2025-02-14,India,Healthcare,SMB
C09823,Orbit 9823,2025-03-21,India,Consulting,Startup
C09824,Nexa 9824,2025-06-19,Australia,Consulting,Startup
C09825,Blue 9825,2025-01-15,USA,Education,Enterprise
C09826,Core 9826,2025-05-22,UK,Technology,SMB
C09827,Cloud 9827,2025-11-29,Netherlands,Finance,Mid-Market
C09828,Cloud 9828,2025-12-10,India,Retail,SMB
C09829,Blue 9829,2025-11-15,USA,Consulting,Startup
C09830,Bright 9830,2025-04-29,Australia,Consulting,Mid-Market
C09831,Apex 9831,2025-01-24,Germany,Technology,Startup
C09832,Bright 9832,2025-10-25,Singapore,Media,SMB
C09833,Bright 9833,2025-05-17,Germany,Technology,Mid-Market
C09834,Orbit 9834,2025-10-01,USA,Finance,SMB
C09835,Cloud 9835,2025-02-13,Australia,Retail,Enterprise
C09836,Apex 9836,2025-09-01,Canada,Healthcare,Enterprise
C09837,Bright 9837,2025-08-03,Singapore,Education,Startup
C09838,Vertex 9838,2025-12-02,USA,Marketing,Startup
C09839,Pulse 9839,2025-02-07,UK,Retail,SMB
C09840,Core 9840,2025-05-29,USA,Technology,Startup
C09841,Apex 9841,2025-12-28,USA,Technology,SMB
C09842,Cloud 9842,2025-05-23,Netherlands,Education,SMB
C09843,Nexa 9843,2025-08-29,Netherlands,Retail,Mid-Market
C09844,Orbit 9844,2025-02-28,UK,Retail,Enterprise
C09845,Orbit 9845,2025-09-23,Netherlands,Healthcare,Startup
C09846,Orbit 9846,2025-04-11,USA,Consulting,Startup
C09847,Pulse 9847,2025-07-28,Australia,Healthcare,Enterprise
C09848,Nova 9848,2025-11-18,Germany,Finance,Startup
C09849,Nova 9849,2025-08-30,Canada,Technology,Startup
C09850,Nova 9850,2025-06-23,Canada,Finance,Startup
C09851,Vertex 9851,2025-03-11,Germany,Technology,SMB
C09852,Blue 9852,2025-05-05,Australia,Finance,Startup
C09853,Pulse 9853,2025-11-06,USA,Finance,SMB
C09854,Nexa 9854,2025-03-20,Australia,Retail,Startup
C09855,Nexa 9855,2025-08-28,India,Technology,Mid-Market
C09856,Nova 9856,2025-06-27,India,Consulting,Startup
C09857,Cloud 9857,2025-04-28,Canada,Retail,Mid-Market
C09858,Pulse 9858,2025-09-19,Canada,Healthcare,SMB
C09859,Apex 9859,2025-05-13,Singapore,Consulting,SMB
C09860,Orbit 9860,2025-04-15,USA,Finance,Enterprise
C09861,Pulse 9861,2025-07-13,India,Technology,SMB
C09862,Nova 9862,2025-10-04,UK,Education,Startup
C09863,Pulse 9863,2025-11-12,Singapore,Marketing,SMB
C09864,Nexa 9864,2025-08-18,Netherlands,Healthcare,Startup
C09865,Apex 9865,2025-08-30,Australia,Retail,Startup
C09866,Apex 9866,2025-10-15,UK,Consulting,Enterprise
C09867,Nova 9867,2025-04-09,Australia,Healthcare,Mid-Market
C09868,Cloud 9868,2025-04-02,India,Technology,SMB
C09869,Cloud 9869,2025-06-26,Singapore,Retail,SMB
C09870,Core 9870,2025-08-19,UK,Media,SMB
C09871,Vertex 9871,2025-08-24,USA,Education,Startup
C09872,Cloud 9872,2025-02-26,UK,Consulting,Startup
C09873,Vertex 9873,2025-10-12,Canada,Marketing,SMB
C09874,Cloud 9874,2025-05-13,USA,Technology,SMB
C09875,Nova 9875,2025-11-17,India,Retail,Startup
C09876,Cloud 9876,2025-09-22,Canada,Education,SMB
C09877,Pulse 9877,2025-12-25,Netherlands,Marketing,SMB
C09878,Pulse 9878,2025-08-19,Germany,Education,SMB
C09879,Bright 9879,2025-07-12,India,Marketing,Enterprise
C09880,Pulse 9880,2025-03-10,Germany,Technology,Mid-Market
C09881,Nexa 9881,2025-05-26,India,Education,SMB
C09882,Blue 9882,2025-11-10,USA,Technology,Startup
C09883,Core 9883,2025-05-20,India,Technology,SMB
C09884,Cloud 9884,2025-01-20,UK,Technology,Mid-Market
C09885,Orbit 9885,2025-03-31,USA,Finance,SMB
C09886,Pulse 9886,2025-08-06,India,Retail,SMB
C09887,Bright 9887,2025-08-18,USA,Technology,Startup
C09888,Orbit 9888,2025-12-26,Germany,Finance,SMB
C09889,Apex 9889,2025-12-07,USA,Consulting,Mid-Market
C09890,Bright 9890,2025-07-13,India,Retail,Startup
C09891,Vertex 9891,2025-07-22,UK,Consulting,SMB
C09892,Nova 9892,2025-10-20,Canada,Media,Mid-Market
C09893,Pulse 9893,2025-01-18,Australia,Education,Startup
C09894,Core 9894,2025-08-06,USA,Consulting,Enterprise
C09895,Nexa 9895,2025-06-23,Canada,Healthcare,Mid-Market
C09896,Cloud 9896,2025-10-13,Australia,Finance,Mid-Market
C09897,Nova 9897,2025-10-20,Germany,Healthcare,Mid-Market
C09898,Nexa 9898,2025-08-28,UK,Consulting,Mid-Market
C09899,Vertex 9899,2025-08-28,India,Education,Startup
C09900,Orbit 9900,2025-09-10,USA,Consulting,Mid-Market
C09901,Blue 9901,2025-07-31,USA,Education,SMB
C09902,Nova 9902,2025-03-25,USA,Consulting,Mid-Market
C09903,Orbit 9903,2025-04-14,Netherlands,Technology,SMB
C09904,Blue 9904,2025-09-28,India,Finance,Mid-Market
C09905,Bright 9905,2025-08-14,UK,Marketing,Startup
C09906,Core 9906,2025-03-28,Netherlands,Technology,Startup
C09907,Core 9907,2025-11-17,Germany,Retail,Mid-Market
C09908,Apex 9908,2025-12-24,India,Technology,SMB
C09909,Bright 9909,2025-08-17,Netherlands,Technology,SMB
C09910,Nexa 9910,2025-03-25,USA,Education,Mid-Market
C09911,Nexa 9911,2025-12-09,India,Technology,Startup
C09912,Apex 9912,2025-03-28,USA,Marketing,SMB
C09913,Vertex 9913,2025-06-07,USA,Finance,SMB
C09914,Pulse 9914,2025-11-10,Australia,Technology,Enterprise
C09915,Cloud 9915,2025-07-10,India,Consulting,Startup
C09916,Vertex 9916,2025-03-30,Australia,Healthcare,SMB
C09917,Nova 9917,2025-01-30,India,Marketing,Enterprise
C09918,Apex 9918,2025-05-12,Singapore,Technology,Mid-Market
C09919,Vertex 9919,2025-09-03,India,Marketing,Mid-Market
C09920,Bright 9920,2025-09-18,Singapore,Healthcare,SMB
C09921,Cloud 9921,2025-03-23,India,Technology,Mid-Market
C09922,Apex 9922,2025-02-27,Singapore,Consulting,Enterprise
C09923,Pulse 9923,2025-09-14,Australia,Marketing,Enterprise
C09924,Apex 9924,2025-02-28,UK,Retail,SMB
C09925,Orbit 9925,2025-01-24,India,Consulting,Mid-Market
C09926,Vertex 9926,2025-06-27,Germany,Marketing,Mid-Market
C09927,Vertex 9927,2025-07-28,Germany,Technology,Mid-Market
C09928,Blue 9928,2025-03-30,UK,Consulting,Mid-Market
C09929,Nexa 9929,2025-03-19,Germany,Marketing,Startup
C09930,Nova 9930,2025-03-28,Netherlands,Retail,Mid-Market
C09931,Orbit 9931,2025-05-06,Netherlands,Marketing,SMB
C09932,Nova 9932,2025-01-04,UK,Technology,Startup
C09933,Nova 9933,2025-01-05,India,Consulting,Startup
C09934,Bright 9934,2025-05-16,India,Consulting,Startup
C09935,Nexa 9935,2025-01-08,Canada,Technology,SMB
C09936,Nexa 9936,2025-04-27,Netherlands,Education,Startup
C09937,Pulse 9937,2025-08-01,USA,Marketing,Mid-Market
C09938,Vertex 9938,2025-01-12,India,Marketing,Enterprise
C09939,Vertex 9939,2025-08-14,USA,Retail,Startup
C09940,Orbit 9940,2025-08-15,USA,Finance,Startup
C09941,Core 9941,2025-07-29,Netherlands,Technology,Startup
C09942,Pulse 9942,2025-08-17,Germany,Technology,Mid-Market
C09943,Nexa 9943,2025-10-23,India,Retail,Startup
C09944,Nova 9944,2025-01-26,USA,Technology,Startup
C09945,Core 9945,2025-03-03,India,Education,Startup
C09946,Blue 9946,2025-04-26,Germany,Consulting,Startup
C09947,Orbit 9947,2025-09-09,Germany,Consulting,Mid-Market
C09948,Bright 9948,2025-11-15,India,Technology,Mid-Market
C09949,Nexa 9949,2025-12-02,USA,Technology,SMB
C09950,Nexa 9950,2025-08-01,Singapore,Media,SMB
C09951,Blue 9951,2025-05-30,Australia,Marketing,SMB
C09952,Vertex 9952,2025-05-31,UK,Technology,Enterprise
C09953,Orbit 9953,2025-01-22,UK,Technology,Mid-Market
C09954,Pulse 9954,2025-06-19,Netherlands,Consulting,Mid-Market
C09955,Bright 9955,2025-07-07,Canada,Retail,Enterprise
C09956,Core 9956,2025-03-18,Netherlands,Marketing,SMB
C09957,Nova 9957,2025-10-08,India,Healthcare,Startup
C09958,Vertex 9958,2025-10-24,India,Education,Mid-Market
C09959,Pulse 9959,2025-04-21,India,Technology,Startup
C09960,Vertex 9960,2025-11-30,Australia,Retail,SMB
C09961,Apex 9961,2025-02-09,Germany,Finance,Mid-Market
C09962,Cloud 9962,2025-11-29,India,Technology,SMB
C09963,Nexa 9963,2025-10-08,Netherlands,Finance,SMB
C09964,Nova 9964,2025-03-23,Netherlands,Technology,SMB
C09965,Bright 9965,2025-08-26,India,Healthcare,Startup
C09966,Blue 9966,2025-04-24,Germany,Consulting,Startup
C09967,Bright 9967,2025-10-19,Germany,Marketing,SMB
C09968,Orbit 9968,2025-02-28,India,Education,Startup
C09969,Blue 9969,2025-03-31,Germany,Technology,Enterprise
C09970,Nexa 9970,2025-04-23,India,Healthcare,SMB
C09971,Pulse 9971,2025-03-14,Singapore,Marketing,Mid-Market
C09972,Blue 9972,2025-05-02,Australia,Marketing,Enterprise
C09973,Nexa 9973,2025-08-08,Singapore,Technology,SMB
C09974,Core 9974,2025-08-20,Canada,Consulting,SMB
C09975,Orbit 9975,2025-07-22,India,Technology,Mid-Market
C09976,Core 9976,2025-03-11,USA,Technology,Startup
C09977,Nexa 9977,2025-03-15,Canada,Finance,SMB
C09978,Bright 9978,2025-12-02,USA,Education,Startup
C09979,Orbit 9979,2025-04-02,Canada,Technology,Mid-Market
C09980,Bright 9980,2025-02-07,USA,Technology,Mid-Market
C09981,Bright 9981,2025-06-15,India,Healthcare,SMB
C09982,Cloud 9982,2025-01-03,UK,Finance,SMB
C09983,Apex 9983,2025-05-06,Germany,Technology,SMB
C09984,Bright 9984,2025-11-09,UK,Education,SMB
C09985,Nexa 9985,2025-04-08,Germany,Education,SMB
C09986,Bright 9986,2025-09-14,USA,Technology,Enterprise
C09987,Apex 9987,2025-06-28,Canada,Technology,Startup
C09988,Vertex 9988,2025-05-10,Germany,Finance,Startup
C09989,Bright 9989,2025-08-30,UK,Media,Startup
C09990,Bright 9990,2025-08-06,USA,Consulting,Mid-Market
C09991,Blue 9991,2025-04-27,UK,Finance,Enterprise
C09992,Apex 9992,2025-03-23,India,Media,SMB
C09993,Nova 9993,2025-12-01,Germany,Healthcare,SMB
C09994,Bright 9994,2025-03-03,India,Healthcare,Enterprise
C09995,Pulse 9995,2025-12-17,Australia,Media,Startup
C09996,Vertex 9996,2025-06-21,Australia,Consulting,Mid-Market
C09997,Vertex 9997,2025-12-30,UK,Marketing,Enterprise
C09998,Bright 9998,2025-05-09,Australia,Marketing,Mid-Market
C09999,Bright 9999,2025-07-26,Germany,Media,SMB
C10000,Apex 10000,2025-08-13,India,Technology,SMB
