subscription_id,customer_id,plan,start_date,end_date,seats,monthly_price
S000001,C00001,Starter,2025-02-02,,16,9.0
S000002,C00002,Free,2025-10-10,2026-03-15,5,0.0
S000003,C00003,Free,2025-08-27,,3,0.0
S000004,C00004,Free,2025-06-10,,3,0.0
S000005,C00005,Enterprise,2025-06-08,,101,299.0
S000006,C00006,Professional,2025-11-10,,53,19.0
S000007,C00007,Starter,2025-02-01,,19,9.0
S000008,C00008,Professional,2025-09-12,,19,19.0
S000009,C00009,Professional,2025-03-15,,27,19.0
S000010,C00010,Free,2025-02-04,,3,0.0
S000011,C00011,Starter,2025-07-12,,12,9.0
S000012,C00012,Professional,2025-12-23,,40,19.0
S000013,C00013,Professional,2025-09-26,,20,19.0
S000014,C00014,Free,2025-10-05,,3,0.0
S000015,C00015,Professional,2025-09-19,,45,19.0
S000016,C00016,Professional,2025-10-14,,23,19.0
S000017,C00017,Starter,2025-07-07,,13,9.0
S000018,C00018,Free,2025-02-16,,5,0.0
S000019,C00019,Professional,2025-11-03,,16,19.0
S000020,C00020,Starter,2025-06-14,,4,9.0
S000021,C00021,Free,2025-07-02,,3,0.0
S000022,C00022,Professional,2025-05-16,,65,19.0
S000023,C00023,Starter,2025-03-08,,4,9.0
S000024,C00024,Free,2025-12-05,,5,0.0
S000025,C00025,Starter,2025-10-13,,11,9.0
S000026,C00026,Free,2025-08-24,,1,0.0
S000027,C00027,Enterprise,2025-05-27,,279,299.0
S000028,C00028,Starter,2025-10-28,,10,9.0
S000029,C00029,Starter,2025-07-19,2026-04-23,10,9.0
S000030,C00030,Professional,2025-06-11,,51,19.0
S000031,C00031,Free,2025-06-14,,2,0.0
S000032,C00032,Starter,2025-03-24,2025-07-08,20,9.0
S000033,C00033,Professional,2025-02-03,,30,19.0
S000034,C00034,Professional,2025-07-22,2026-01-03,71,19.0
S000035,C00035,Professional,2025-11-21,,68,19.0
S000036,C00036,Free,2025-01-24,,3,0.0
S000037,C00037,Starter,2025-11-10,,6,9.0
S000038,C00038,Starter,2025-10-30,,20,9.0
S000039,C00039,Starter,2025-04-12,,13,9.0
S000040,C00040,Enterprise,2025-08-19,,232,299.0
S000041,C00041,Free,2025-03-02,,1,0.0
S000042,C00042,Starter,2025-10-04,2026-05-16,9,9.0
S000043,C00043,Starter,2025-09-13,,14,9.0
S000044,C00044,Free,2025-05-10,2026-06-30,3,0.0
S000045,C00045,Starter,2025-01-25,,4,9.0
S000046,C00046,Free,2025-12-21,,4,0.0
S000047,C00047,Professional,2025-06-12,,32,19.0
S000048,C00048,Starter,2025-11-22,2026-03-26,6,9.0
S000049,C00049,Starter,2025-09-05,,15,9.0
S000050,C00050,Professional,2025-10-12,2026-05-17,62,19.0
S000051,C00051,Starter,2025-10-05,,17,9.0
S000052,C00052,Starter,2025-03-13,,3,9.0
S000053,C00053,Starter,2025-05-13,,9,9.0
S000054,C00054,Professional,2025-06-20,,28,19.0
S000055,C00055,Starter,2025-07-01,,13,9.0
S000056,C00056,Starter,2025-01-16,,20,9.0
S000057,C00057,Professional,2025-07-19,,18,19.0
S000058,C00058,Starter,2025-02-26,,14,9.0
S000059,C00059,Professional,2025-09-29,,41,19.0
S000060,C00060,Free,2025-09-07,,3,0.0
S000061,C00061,Starter,2025-12-03,,19,9.0
S000062,C00062,Enterprise,2025-09-29,,393,299.0
S000063,C00063,Professional,2025-05-14,,16,19.0
S000064,C00064,Starter,2025-12-20,,10,9.0
S000065,C00065,Professional,2025-05-30,,62,19.0
S000066,C00066,Starter,2025-04-29,,4,9.0
S000067,C00067,Starter,2025-11-27,,12,9.0
S000068,C00068,Free,2025-05-16,2026-05-09,3,0.0
S000069,C00069,Free,2025-01-28,2025-10-31,1,0.0
S000070,C00070,Free,2025-06-21,2026-04-17,5,0.0
S000071,C00071,Professional,2025-10-18,,36,19.0
S000072,C00072,Starter,2025-03-11,2025-12-24,7,9.0
S000073,C00073,Enterprise,2025-06-18,,135,299.0
S000074,C00074,Free,2025-02-17,2025-09-18,1,0.0
S000075,C00075,Starter,2025-09-08,2026-06-30,6,9.0
S000076,C00076,Professional,2025-06-23,,62,19.0
S000077,C00077,Free,2025-05-01,,2,0.0
S000078,C00078,Starter,2025-03-24,,11,9.0
S000079,C00079,Free,2025-07-26,,4,0.0
S000080,C00080,Free,2025-09-02,2026-06-19,2,0.0
S000081,C00081,Starter,2025-12-10,,10,9.0
S000082,C00082,Professional,2025-06-09,,44,19.0
S000083,C00083,Starter,2025-02-28,,19,9.0
S000084,C00084,Starter,2025-10-31,,19,9.0
S000085,C00085,Starter,2025-08-18,,8,9.0
S000086,C00086,Free,2025-09-13,,2,0.0
S000087,C00087,Enterprise,2025-02-05,,262,299.0
S000088,C00088,Professional,2025-04-25,,24,19.0
S000089,C00089,Free,2025-10-08,,3,0.0
S000090,C00090,Starter,2025-10-31,,12,9.0
S000091,C00091,Free,2025-06-08,,3,0.0
S000092,C00092,Starter,2025-10-21,,11,9.0
S000093,C00093,Enterprise,2025-11-04,,444,299.0
S000094,C00094,Free,2025-05-22,,1,0.0
S000095,C00095,Professional,2025-11-24,,64,19.0
S000096,C00096,Professional,2025-04-16,,51,19.0
S000097,C00097,Professional,2025-03-29,,66,19.0
S000098,C00098,Starter,2025-09-07,,13,9.0
S000099,C00099,Starter,2025-08-21,,16,9.0
S000100,C00100,Professional,2025-02-21,,52,19.0
S000101,C00101,Professional,2025-10-31,,60,19.0
S000102,C00102,Starter,2025-03-14,,10,9.0
S000103,C00103,Free,2025-10-21,,5,0.0
S000104,C00104,Free,2025-01-03,,2,0.0
S000105,C00105,Free,2025-10-18,,4,0.0
S000106,C00106,Free,2025-10-15,,2,0.0
S000107,C00107,Starter,2025-10-12,,17,9.0
S000108,C00108,Professional,2025-08-31,2026-01-13,69,19.0
S000109,C00109,Professional,2025-06-22,,23,19.0
S000110,C00110,Professional,2025-09-15,,54,19.0
S000111,C00111,Professional,2025-04-12,,47,19.0
S000112,C00112,Professional,2025-10-12,,38,19.0
S000113,C00113,Starter,2025-07-22,,8,9.0
S000114,C00114,Professional,2025-06-17,,53,19.0
S000115,C00115,Starter,2025-07-04,,17,9.0
S000116,C00116,Enterprise,2025-07-27,,240,299.0
S000117,C00117,Free,2025-01-14,,2,0.0
S000118,C00118,Professional,2025-02-21,,71,19.0
S000119,C00119,Starter,2025-03-31,,16,9.0
S000120,C00120,Starter,2025-02-11,,16,9.0
S000121,C00121,Starter,2025-06-10,,13,9.0
S000122,C00122,Free,2025-09-01,,1,0.0
S000123,C00123,Professional,2025-08-27,,20,19.0
S000124,C00124,Starter,2025-06-21,,4,9.0
S000125,C00125,Starter,2025-11-09,,8,9.0
S000126,C00126,Professional,2025-07-26,,12,19.0
S000127,C00127,Professional,2025-01-29,,43,19.0
S000128,C00128,Professional,2025-10-07,2026-06-30,11,19.0
S000129,C00129,Free,2025-07-29,,5,0.0
S000130,C00130,Starter,2025-08-20,,11,9.0
S000131,C00131,Starter,2025-07-26,2025-10-22,3,9.0
S000132,C00132,Professional,2025-07-22,,22,19.0
S000133,C00133,Professional,2025-02-03,2025-04-30,23,19.0
S000134,C00134,Professional,2025-07-24,,57,19.0
S000135,C00135,Professional,2025-10-18,,64,19.0
S000136,C00136,Starter,2025-04-21,,11,9.0
S000137,C00137,Starter,2025-08-09,,16,9.0
S000138,C00138,Professional,2025-01-12,,16,19.0
S000139,C00139,Free,2025-05-07,,2,0.0
S000140,C00140,Professional,2025-06-09,2026-02-01,10,19.0
S000141,C00141,Professional,2025-12-25,,38,19.0
S000142,C00142,Starter,2025-03-20,,3,9.0
S000143,C00143,Professional,2025-04-11,,66,19.0
S000144,C00144,Starter,2025-05-30,,12,9.0
S000145,C00145,Free,2025-12-29,,4,0.0
S000146,C00146,Starter,2025-11-08,,13,9.0
S000147,C00147,Starter,2025-01-13,,3,9.0
S000148,C00148,Professional,2025-03-27,2025-08-11,35,19.0
S000149,C00149,Starter,2025-10-27,,3,9.0
S000150,C00150,Free,2025-01-22,,1,0.0
S000151,C00151,Free,2025-11-09,,5,0.0
S000152,C00152,Professional,2025-04-13,,76,19.0
S000153,C00153,Starter,2025-12-01,,5,9.0
S000154,C00154,Professional,2025-04-18,2025-10-27,38,19.0
S000155,C00155,Starter,2025-06-08,,8,9.0
S000156,C00156,Professional,2025-08-30,,40,19.0
S000157,C00157,Starter,2025-02-16,,13,9.0
S000158,C00158,Free,2025-07-23,,2,0.0
S000159,C00159,Starter,2025-07-04,2026-06-30,17,9.0
S000160,C00160,Professional,2025-10-14,2026-06-30,14,19.0
S000161,C00161,Enterprise,2025-12-30,,333,299.0
S000162,C00162,Enterprise,2025-08-31,,384,299.0
S000163,C00163,Starter,2025-05-30,,12,9.0
S000164,C00164,Professional,2025-05-29,,57,19.0
S000165,C00165,Professional,2025-06-02,,53,19.0
S000166,C00166,Starter,2025-10-25,,5,9.0
S000167,C00167,Free,2025-04-28,,4,0.0
S000168,C00168,Professional,2025-03-02,,29,19.0
S000169,C00169,Enterprise,2025-05-03,2026-06-21,171,299.0
S000170,C00170,Free,2025-01-09,2025-06-18,3,0.0
S000171,C00171,Starter,2025-02-08,2025-09-03,14,9.0
S000172,C00172,Free,2025-02-02,,2,0.0
S000173,C00173,Starter,2025-10-09,2026-04-11,4,9.0
S000174,C00174,Starter,2025-09-21,,20,9.0
S000175,C00175,Starter,2025-09-12,,17,9.0
S000176,C00176,Starter,2025-06-18,,11,9.0
S000177,C00177,Professional,2025-09-19,,34,19.0
S000178,C00178,Starter,2025-02-28,2025-08-15,18,9.0
S000179,C00179,Professional,2025-11-25,,35,19.0
S000180,C00180,Professional,2025-07-02,,24,19.0
S000181,C00181,Professional,2025-12-09,2026-06-30,27,19.0
S000182,C00182,Starter,2025-02-25,,13,9.0
S000183,C00183,Enterprise,2025-07-01,,399,299.0
S000184,C00184,Starter,2025-09-12,,8,9.0
S000185,C00185,Free,2025-06-30,,1,0.0
S000186,C00186,Free,2025-06-12,2026-05-27,5,0.0
S000187,C00187,Professional,2025-03-02,2025-10-07,16,19.0
S000188,C00188,Free,2025-05-20,,3,0.0
S000189,C00189,Starter,2025-03-29,,6,9.0
S000190,C00190,Professional,2025-04-21,2025-11-17,56,19.0
S000191,C00191,Professional,2025-09-07,,36,19.0
S000192,C00192,Professional,2025-08-19,,15,19.0
S000193,C00193,Starter,2025-08-10,,6,9.0
S000194,C00194,Professional,2025-05-13,,44,19.0
S000195,C00195,Free,2025-12-17,,1,0.0
S000196,C00196,Starter,2025-02-01,,13,9.0
S000197,C00197,Free,2025-05-06,,5,0.0
S000198,C00198,Starter,2025-02-13,,8,9.0
S000199,C00199,Free,2025-05-04,,5,0.0
S000200,C00200,Professional,2025-12-18,,62,19.0
S000201,C00201,Free,2025-05-14,,1,0.0
S000202,C00202,Starter,2025-11-28,,11,9.0
S000203,C00203,Free,2025-06-30,,3,0.0
S000204,C00204,Starter,2025-09-13,,13,9.0
S000205,C00205,Professional,2025-06-16,,42,19.0
S000206,C00206,Starter,2025-04-08,,9,9.0
S000207,C00207,Professional,2025-10-06,,50,19.0
S000208,C00208,Starter,2025-12-20,,15,9.0
S000209,C00209,Starter,2025-04-07,,18,9.0
S000210,C00210,Starter,2025-10-12,,4,9.0
S000211,C00211,Starter,2025-04-06,,5,9.0
S000212,C00212,Professional,2025-09-19,,45,19.0
S000213,C00213,Starter,2025-10-15,,10,9.0
S000214,C00214,Enterprise,2025-06-14,,459,299.0
S000215,C00215,Professional,2025-09-26,,50,19.0
S000216,C00216,Starter,2025-04-10,,7,9.0
S000217,C00217,Enterprise,2025-01-29,,440,299.0
S000218,C00218,Starter,2025-02-05,,18,9.0
S000219,C00219,Professional,2025-06-13,,12,19.0
S000220,C00220,Starter,2025-11-26,,18,9.0
S000221,C00221,Professional,2025-02-16,,35,19.0
S000222,C00222,Free,2025-06-16,,2,0.0
S000223,C00223,Professional,2025-09-14,,18,19.0
S000224,C00224,Starter,2025-03-15,,4,9.0
S000225,C00225,Professional,2025-09-21,,14,19.0
S000226,C00226,Enterprise,2025-04-22,2026-03-21,406,299.0
S000227,C00227,Free,2025-10-23,2026-06-30,5,0.0
S000228,C00228,Enterprise,2025-07-31,,484,299.0
S000229,C00229,Starter,2025-07-19,,12,9.0
S000230,C00230,Professional,2025-03-06,,28,19.0
S000231,C00231,Starter,2025-06-19,,18,9.0
S000232,C00232,Professional,2025-11-09,,74,19.0
S000233,C00233,Professional,2025-01-08,,38,19.0
S000234,C00234,Starter,2025-10-04,,6,9.0
S000235,C00235,Professional,2025-06-29,2026-05-20,69,19.0
S000236,C00236,Enterprise,2025-09-20,,244,299.0
S000237,C00237,Professional,2025-08-31,,48,19.0
S000238,C00238,Enterprise,2025-06-07,,455,299.0
S000239,C00239,Professional,2025-04-23,,21,19.0
S000240,C00240,Starter,2025-08-17,2025-11-27,8,9.0
S000241,C00241,Professional,2025-02-21,,25,19.0
S000242,C00242,Professional,2025-08-02,,63,19.0
S000243,C00243,Free,2025-02-04,,1,0.0
S000244,C00244,Free,2025-08-26,,1,0.0
S000245,C00245,Starter,2025-08-18,,8,9.0
S000246,C00246,Professional,2025-01-31,,36,19.0
S000247,C00247,Professional,2025-10-04,,62,19.0
S000248,C00248,Professional,2025-06-01,,76,19.0
S000249,C00249,Free,2025-10-15,,3,0.0
S000250,C00250,Free,2025-01-16,,2,0.0
S000251,C00251,Starter,2025-03-07,,14,9.0
S000252,C00252,Professional,2025-06-30,,59,19.0
S000253,C00253,Professional,2025-03-10,,15,19.0
S000254,C00254,Professional,2025-05-01,,75,19.0
S000255,C00255,Starter,2025-08-30,,12,9.0
S000256,C00256,Professional,2025-02-22,,65,19.0
S000257,C00257,Professional,2025-09-05,,13,19.0
S000258,C00258,Enterprise,2025-02-07,,480,299.0
S000259,C00259,Professional,2025-03-05,,79,19.0
S000260,C00260,Starter,2025-08-03,,19,9.0
S000261,C00261,Professional,2025-10-17,,47,19.0
S000262,C00262,Starter,2025-03-04,2025-11-02,5,9.0
S000263,C00263,Professional,2025-04-20,,42,19.0
S000264,C00264,Professional,2025-12-04,,52,19.0
S000265,C00265,Professional,2025-12-28,,41,19.0
S000266,C00266,Starter,2025-08-01,,10,9.0
S000267,C00267,Professional,2025-06-13,,34,19.0
S000268,C00268,Free,2025-05-07,,4,0.0
S000269,C00269,Professional,2025-08-12,,50,19.0
S000270,C00270,Enterprise,2025-08-04,,397,299.0
S000271,C00271,Free,2025-04-18,,1,0.0
S000272,C00272,Professional,2025-01-09,2025-08-27,27,19.0
S000273,C00273,Professional,2025-02-25,,72,19.0
S000274,C00274,Professional,2025-12-16,,66,19.0
S000275,C00275,Free,2025-06-02,,4,0.0
S000276,C00276,Enterprise,2025-06-26,,264,299.0
S000277,C00277,Enterprise,2025-06-20,,271,299.0
S000278,C00278,Professional,2025-10-13,,56,19.0
S000279,C00279,Starter,2025-01-24,,16,9.0
S000280,C00280,Professional,2025-01-31,,40,19.0
S000281,C00281,Free,2025-04-11,,5,0.0
S000282,C00282,Professional,2025-06-27,,34,19.0
S000283,C00283,Free,2025-09-02,2026-06-30,2,0.0
S000284,C00284,Starter,2025-06-29,,15,9.0
S000285,C00285,Free,2025-06-11,,4,0.0
S000286,C00286,Professional,2025-12-09,,48,19.0
S000287,C00287,Professional,2025-02-28,2025-06-23,77,19.0
S000288,C00288,Professional,2025-07-28,,70,19.0
S000289,C00289,Free,2025-07-17,,2,0.0
S000290,C00290,Starter,2025-06-22,,17,9.0
S000291,C00291,Starter,2025-10-22,2026-06-30,17,9.0
S000292,C00292,Professional,2025-04-08,2026-01-26,71,19.0
S000293,C00293,Free,2025-12-15,,3,0.0
S000294,C00294,Professional,2025-05-02,2025-10-26,64,19.0
S000295,C00295,Starter,2025-07-18,2025-11-01,16,9.0
S000296,C00296,Enterprise,2025-07-10,,467,299.0
S000297,C00297,Starter,2025-11-07,2026-03-08,8,9.0
S000298,C00298,Free,2025-06-10,,1,0.0
S000299,C00299,Free,2025-04-14,,4,0.0
S000300,C00300,Starter,2025-01-08,,14,9.0
S000301,C00301,Starter,2025-05-13,,20,9.0
S000302,C00302,Professional,2025-10-29,,15,19.0
S000303,C00303,Professional,2025-01-04,,12,19.0
S000304,C00304,Free,2025-11-24,,3,0.0
S000305,C00305,Professional,2025-07-18,,53,19.0
S000306,C00306,Free,2025-02-21,,5,0.0
S000307,C00307,Professional,2025-04-21,,57,19.0
S000308,C00308,Free,2025-07-22,,4,0.0
S000309,C00309,Starter,2025-04-26,,9,9.0
S000310,C00310,Professional,2025-02-09,,51,19.0
S000311,C00311,Starter,2025-09-01,,5,9.0
S000312,C00312,Free,2025-09-03,2026-06-15,4,0.0
S000313,C00313,Professional,2025-02-13,,19,19.0
S000314,C00314,Professional,2025-04-13,,22,19.0
S000315,C00315,Professional,2025-03-31,,21,19.0
S000316,C00316,Professional,2025-08-29,,76,19.0
S000317,C00317,Free,2025-09-24,2026-02-12,1,0.0
S000318,C00318,Professional,2025-09-23,2026-06-30,25,19.0
S000319,C00319,Professional,2025-12-09,,80,19.0
S000320,C00320,Free,2025-10-08,,1,0.0
S000321,C00321,Free,2025-04-28,,3,0.0
S000322,C00322,Professional,2025-02-09,,19,19.0
S000323,C00323,Professional,2025-08-13,,41,19.0
S000324,C00324,Starter,2025-12-01,2026-05-22,19,9.0
S000325,C00325,Professional,2025-12-22,,33,19.0
S000326,C00326,Free,2025-03-26,,3,0.0
S000327,C00327,Starter,2025-03-28,,18,9.0
S000328,C00328,Professional,2025-01-14,,47,19.0
S000329,C00329,Free,2025-02-21,,5,0.0
S000330,C00330,Starter,2025-07-22,2026-06-30,9,9.0
S000331,C00331,Professional,2025-07-19,,26,19.0
S000332,C00332,Starter,2025-05-16,,3,9.0
S000333,C00333,Professional,2025-04-24,2026-01-23,38,19.0
S000334,C00334,Enterprise,2025-10-30,,126,299.0
S000335,C00335,Professional,2025-06-17,,50,19.0
S000336,C00336,Professional,2025-10-23,,11,19.0
S000337,C00337,Enterprise,2025-12-18,2026-06-30,141,299.0
S000338,C00338,Professional,2025-04-26,,48,19.0
S000339,C00339,Professional,2025-03-15,2026-06-30,53,19.0
S000340,C00340,Free,2025-12-14,,1,0.0
S000341,C00341,Professional,2025-08-20,2026-06-30,62,19.0
S000342,C00342,Starter,2025-04-17,,10,9.0
S000343,C00343,Free,2025-08-15,,1,0.0
S000344,C00344,Professional,2025-07-07,,42,19.0
S000345,C00345,Starter,2025-11-27,,19,9.0
S000346,C00346,Free,2025-04-04,,3,0.0
S000347,C00347,Professional,2025-12-28,,70,19.0
S000348,C00348,Free,2025-12-08,,5,0.0
S000349,C00349,Professional,2025-03-07,,26,19.0
S000350,C00350,Enterprise,2025-03-02,,117,299.0
S000351,C00351,Professional,2025-07-14,,57,19.0
S000352,C00352,Starter,2025-01-17,,11,9.0
S000353,C00353,Professional,2025-04-20,2026-01-29,35,19.0
S000354,C00354,Free,2025-06-08,,1,0.0
S000355,C00355,Professional,2025-12-20,,20,19.0
S000356,C00356,Starter,2025-12-29,2026-06-30,19,9.0
S000357,C00357,Starter,2025-02-25,,5,9.0
S000358,C00358,Free,2025-11-22,,5,0.0
S000359,C00359,Enterprise,2025-02-03,2025-06-01,206,299.0
S000360,C00360,Starter,2025-10-01,,5,9.0
S000361,C00361,Starter,2025-11-05,,12,9.0
S000362,C00362,Starter,2025-11-22,,5,9.0
S000363,C00363,Professional,2025-03-23,,29,19.0
S000364,C00364,Enterprise,2025-11-23,,144,299.0
S000365,C00365,Free,2025-02-12,,1,0.0
S000366,C00366,Free,2025-07-09,,1,0.0
S000367,C00367,Free,2025-06-21,2026-06-16,5,0.0
S000368,C00368,Professional,2025-04-26,,21,19.0
S000369,C00369,Professional,2025-01-09,2025-04-29,25,19.0
S000370,C00370,Professional,2025-10-09,,21,19.0
S000371,C00371,Professional,2025-05-03,,15,19.0
S000372,C00372,Free,2025-08-30,,1,0.0
S000373,C00373,Enterprise,2025-05-30,,141,299.0
S000374,C00374,Professional,2025-05-17,,20,19.0
S000375,C00375,Professional,2025-11-20,,42,19.0
S000376,C00376,Starter,2025-02-04,,9,9.0
S000377,C00377,Professional,2025-09-26,2025-11-29,22,19.0
S000378,C00378,Professional,2025-09-30,,28,19.0
S000379,C00379,Starter,2025-05-19,,11,9.0
S000380,C00380,Free,2025-04-06,2026-06-15,3,0.0
S000381,C00381,Professional,2025-01-02,,18,19.0
S000382,C00382,Professional,2025-12-08,,73,19.0
S000383,C00383,Free,2025-12-12,,2,0.0
S000384,C00384,Enterprise,2025-03-29,,241,299.0
S000385,C00385,Free,2025-01-12,,3,0.0
S000386,C00386,Starter,2025-02-14,,8,9.0
S000387,C00387,Starter,2025-01-25,,14,9.0
S000388,C00388,Professional,2025-10-31,,74,19.0
S000389,C00389,Free,2025-11-22,,5,0.0
S000390,C00390,Professional,2025-02-25,,32,19.0
S000391,C00391,Starter,2025-09-30,,4,9.0
S000392,C00392,Free,2025-03-07,2025-11-25,1,0.0
S000393,C00393,Free,2025-05-15,,2,0.0
S000394,C00394,Starter,2025-08-07,,14,9.0
S000395,C00395,Starter,2025-09-20,,11,9.0
S000396,C00396,Free,2025-11-16,,2,0.0
S000397,C00397,Starter,2025-01-17,,6,9.0
S000398,C00398,Starter,2025-03-13,,12,9.0
S000399,C00399,Enterprise,2025-04-13,,485,299.0
S000400,C00400,Professional,2025-04-24,,64,19.0
S000401,C00401,Free,2025-12-31,2026-06-30,2,0.0
S000402,C00402,Starter,2025-10-11,,13,9.0
S000403,C00403,Free,2025-04-27,,3,0.0
S000404,C00404,Starter,2025-12-21,2026-06-30,17,9.0
S000405,C00405,Starter,2025-07-02,2026-04-27,9,9.0
S000406,C00406,Enterprise,2025-07-02,,238,299.0
S000407,C00407,Starter,2025-06-08,,11,9.0
S000408,C00408,Professional,2025-02-22,,21,19.0
S000409,C00409,Professional,2025-12-08,2026-06-30,71,19.0
S000410,C00410,Starter,2025-01-06,,10,9.0
S000411,C00411,Starter,2025-03-05,2025-09-19,18,9.0
S000412,C00412,Free,2025-03-25,,3,0.0
S000413,C00413,Professional,2025-04-12,,57,19.0
S000414,C00414,Professional,2025-02-18,,60,19.0
S000415,C00415,Starter,2025-01-07,,17,9.0
S000416,C00416,Starter,2025-09-05,,15,9.0
S000417,C00417,Starter,2025-12-20,,15,9.0
S000418,C00418,Starter,2025-02-14,,8,9.0
S000419,C00419,Professional,2025-04-19,,14,19.0
S000420,C00420,Free,2025-07-04,,5,0.0
S000421,C00421,Starter,2025-12-05,,18,9.0
S000422,C00422,Professional,2025-09-11,,29,19.0
S000423,C00423,Starter,2025-10-07,,3,9.0
S000424,C00424,Free,2025-08-01,,5,0.0
S000425,C00425,Starter,2025-06-02,,4,9.0
S000426,C00426,Professional,2025-03-14,,12,19.0
S000427,C00427,Enterprise,2025-11-12,,496,299.0
S000428,C00428,Professional,2025-10-21,,57,19.0
S000429,C00429,Professional,2025-01-10,,52,19.0
S000430,C00430,Professional,2025-09-19,,54,19.0
S000431,C00431,Professional,2025-01-31,2025-05-17,62,19.0
S000432,C00432,Starter,2025-09-27,,13,9.0
S000433,C00433,Free,2025-10-29,,4,0.0
S000434,C00434,Starter,2025-02-17,,17,9.0
S000435,C00435,Starter,2025-06-08,2026-06-30,6,9.0
S000436,C00436,Enterprise,2025-02-15,,336,299.0
S000437,C00437,Professional,2025-07-27,,33,19.0
S000438,C00438,Enterprise,2025-12-05,,344,299.0
S000439,C00439,Starter,2025-01-30,,6,9.0
S000440,C00440,Free,2025-05-26,,5,0.0
S000441,C00441,Enterprise,2025-12-22,,206,299.0
S000442,C00442,Starter,2025-04-20,,6,9.0
S000443,C00443,Starter,2025-02-18,,5,9.0
S000444,C00444,Free,2025-06-28,,3,0.0
S000445,C00445,Professional,2025-07-05,,35,19.0
S000446,C00446,Free,2025-08-30,,4,0.0
S000447,C00447,Enterprise,2025-04-25,2026-02-18,267,299.0
S000448,C00448,Free,2025-12-15,2026-06-30,2,0.0
S000449,C00449,Free,2025-07-10,,2,0.0
S000450,C00450,Professional,2025-04-15,,25,19.0
S000451,C00451,Starter,2025-12-17,,15,9.0
S000452,C00452,Starter,2025-12-04,,5,9.0
S000453,C00453,Professional,2025-07-02,,74,19.0
S000454,C00454,Starter,2025-01-10,,7,9.0
S000455,C00455,Starter,2025-08-06,,3,9.0
S000456,C00456,Free,2025-07-22,,4,0.0
S000457,C00457,Starter,2025-02-24,,15,9.0
S000458,C00458,Free,2025-08-20,,4,0.0
S000459,C00459,Professional,2025-11-03,,35,19.0
S000460,C00460,Professional,2025-02-08,2026-03-03,22,19.0
S000461,C00461,Starter,2025-09-22,,18,9.0
S000462,C00462,Starter,2025-02-21,,11,9.0
S000463,C00463,Professional,2025-10-01,,43,19.0
S000464,C00464,Professional,2025-06-02,2026-02-27,25,19.0
S000465,C00465,Starter,2025-01-03,,17,9.0
S000466,C00466,Professional,2025-12-19,,76,19.0
S000467,C00467,Free,2025-03-02,,4,0.0
S000468,C00468,Starter,2025-08-06,,16,9.0
S000469,C00469,Free,2025-03-08,,4,0.0
S000470,C00470,Enterprise,2025-12-07,,169,299.0
S000471,C00471,Starter,2025-09-27,,11,9.0
S000472,C00472,Professional,2025-10-21,,30,19.0
S000473,C00473,Starter,2025-06-07,,10,9.0
S000474,C00474,Free,2025-06-20,,5,0.0
S000475,C00475,Free,2025-08-20,,5,0.0
S000476,C00476,Starter,2025-10-14,,13,9.0
S000477,C00477,Professional,2025-11-06,,18,19.0
S000478,C00478,Professional,2025-01-07,2025-05-04,35,19.0
S000479,C00479,Free,2025-08-31,,4,0.0
S000480,C00480,Starter,2025-02-09,,13,9.0
S000481,C00481,Starter,2025-04-16,,13,9.0
S000482,C00482,Professional,2025-10-30,,37,19.0
S000483,C00483,Starter,2025-04-02,,20,9.0
S000484,C00484,Professional,2025-10-18,,74,19.0
S000485,C00485,Starter,2025-06-18,,14,9.0
S000486,C00486,Starter,2025-03-26,,18,9.0
S000487,C00487,Professional,2025-05-02,2026-03-29,22,19.0
S000488,C00488,Professional,2025-07-13,,21,19.0
S000489,C00489,Starter,2025-10-07,,15,9.0
S000490,C00490,Free,2025-08-10,,4,0.0
S000491,C00491,Free,2025-12-07,,2,0.0
S000492,C00492,Starter,2025-11-13,,18,9.0
S000493,C00493,Professional,2025-10-02,,63,19.0
S000494,C00494,Professional,2025-08-09,,24,19.0
S000495,C00495,Starter,2025-04-16,,13,9.0
S000496,C00496,Free,2025-05-31,,5,0.0
S000497,C00497,Professional,2025-02-13,,64,19.0
S000498,C00498,Professional,2025-05-17,,39,19.0
S000499,C00499,Professional,2025-12-05,,68,19.0
S000500,C00500,Professional,2025-06-05,,31,19.0
S000501,C00501,Starter,2025-02-11,2026-05-04,20,9.0
S000502,C00502,Professional,2025-08-26,,79,19.0
S000503,C00503,Starter,2025-12-18,,8,9.0
S000504,C00504,Professional,2025-11-13,,58,19.0
S000505,C00505,Starter,2025-04-11,,20,9.0
S000506,C00506,Professional,2025-06-15,,30,19.0
S000507,C00507,Free,2025-07-13,,4,0.0
S000508,C00508,Starter,2025-04-01,,12,9.0
S000509,C00509,Starter,2025-04-09,,10,9.0
S000510,C00510,Professional,2025-03-28,,55,19.0
S000511,C00511,Professional,2025-12-30,,43,19.0
S000512,C00512,Starter,2025-09-30,,15,9.0
S000513,C00513,Free,2025-11-03,,5,0.0
S000514,C00514,Free,2025-10-26,,2,0.0
S000515,C00515,Professional,2025-12-17,,22,19.0
S000516,C00516,Starter,2025-02-08,,14,9.0
S000517,C00517,Professional,2025-11-18,,78,19.0
S000518,C00518,Professional,2025-01-25,,70,19.0
S000519,C00519,Professional,2025-06-23,,38,19.0
S000520,C00520,Starter,2025-08-05,,17,9.0
S000521,C00521,Professional,2025-05-11,,74,19.0
S000522,C00522,Starter,2025-02-23,,8,9.0
S000523,C00523,Professional,2025-03-12,,17,19.0
S000524,C00524,Professional,2025-10-29,,78,19.0
S000525,C00525,Enterprise,2025-04-27,,163,299.0
S000526,C00526,Starter,2025-04-24,,3,9.0
S000527,C00527,Professional,2025-12-04,2026-06-30,32,19.0
S000528,C00528,Professional,2025-02-22,,65,19.0
S000529,C00529,Enterprise,2025-12-01,,399,299.0
S000530,C00530,Free,2025-12-03,,2,0.0
S000531,C00531,Professional,2025-08-07,,58,19.0
S000532,C00532,Starter,2025-03-02,2026-06-30,19,9.0
S000533,C00533,Professional,2025-02-26,,10,19.0
S000534,C00534,Professional,2025-04-14,,71,19.0
S000535,C00535,Professional,2025-07-30,,52,19.0
S000536,C00536,Starter,2025-02-26,2026-05-03,18,9.0
S000537,C00537,Professional,2025-06-16,2026-04-01,13,19.0
S000538,C00538,Professional,2025-02-12,,27,19.0
S000539,C00539,Starter,2025-07-17,,9,9.0
S000540,C00540,Professional,2025-01-08,,66,19.0
S000541,C00541,Starter,2025-09-16,,15,9.0
S000542,C00542,Starter,2025-01-21,2026-03-25,8,9.0
S000543,C00543,Professional,2025-03-13,,27,19.0
S000544,C00544,Free,2025-03-05,,3,0.0
S000545,C00545,Professional,2025-10-31,,21,19.0
S000546,C00546,Starter,2025-01-20,,19,9.0
S000547,C00547,Professional,2025-06-06,,69,19.0
S000548,C00548,Free,2025-08-04,,4,0.0
S000549,C00549,Professional,2025-07-08,,44,19.0
S000550,C00550,Professional,2025-09-06,,55,19.0
S000551,C00551,Professional,2025-10-21,,28,19.0
S000552,C00552,Starter,2025-05-24,,5,9.0
S000553,C00553,Professional,2025-10-30,,26,19.0
S000554,C00554,Professional,2025-04-27,,48,19.0
S000555,C00555,Starter,2025-12-26,,20,9.0
S000556,C00556,Free,2025-07-04,,1,0.0
S000557,C00557,Starter,2025-09-26,,8,9.0
S000558,C00558,Professional,2025-11-16,,15,19.0
S000559,C00559,Starter,2025-10-17,,10,9.0
S000560,C00560,Professional,2025-11-07,2026-01-16,77,19.0
S000561,C00561,Professional,2025-07-15,,13,19.0
S000562,C00562,Starter,2025-01-16,,13,9.0
S000563,C00563,Free,2025-06-29,,1,0.0
S000564,C00564,Starter,2025-03-08,,3,9.0
S000565,C00565,Starter,2025-11-21,,12,9.0
S000566,C00566,Free,2025-03-28,,3,0.0
S000567,C00567,Professional,2025-03-25,,73,19.0
S000568,C00568,Enterprise,2025-04-02,,214,299.0
S000569,C00569,Free,2025-08-23,,4,0.0
S000570,C00570,Starter,2025-07-28,,5,9.0
S000571,C00571,Professional,2025-12-13,,51,19.0
S000572,C00572,Enterprise,2025-06-01,,428,299.0
S000573,C00573,Enterprise,2025-04-14,,254,299.0
S000574,C00574,Enterprise,2025-01-18,,161,299.0
S000575,C00575,Starter,2025-01-03,,12,9.0
S000576,C00576,Enterprise,2025-05-17,,166,299.0
S000577,C00577,Starter,2025-12-04,,14,9.0
S000578,C00578,Free,2025-07-11,,2,0.0
S000579,C00579,Professional,2025-11-23,2026-06-30,56,19.0
S000580,C00580,Professional,2025-02-07,,60,19.0
S000581,C00581,Professional,2025-02-04,,80,19.0
S000582,C00582,Professional,2025-11-01,2026-06-25,23,19.0
S000583,C00583,Professional,2025-02-08,,76,19.0
S000584,C00584,Starter,2025-01-19,,8,9.0
S000585,C00585,Starter,2025-05-28,,5,9.0
S000586,C00586,Professional,2025-12-04,,74,19.0
S000587,C00587,Starter,2025-09-09,2025-12-08,13,9.0
S000588,C00588,Free,2025-02-06,,3,0.0
S000589,C00589,Starter,2025-11-02,,8,9.0
S000590,C00590,Professional,2025-11-04,,22,19.0
S000591,C00591,Enterprise,2025-10-20,,124,299.0
S000592,C00592,Professional,2025-11-26,,71,19.0
S000593,C00593,Professional,2025-03-29,,11,19.0
S000594,C00594,Professional,2025-12-24,,46,19.0
S000595,C00595,Starter,2025-04-28,,7,9.0
S000596,C00596,Professional,2025-10-20,,69,19.0
S000597,C00597,Professional,2025-07-31,2026-03-10,59,19.0
S000598,C00598,Enterprise,2025-10-12,,131,299.0
S000599,C00599,Free,2025-08-18,,1,0.0
S000600,C00600,Enterprise,2025-08-23,,164,299.0
S000601,C00601,Professional,2025-08-13,,60,19.0
S000602,C00602,Free,2025-10-12,2026-04-21,1,0.0
S000603,C00603,Starter,2025-09-27,,7,9.0
S000604,C00604,Free,2025-02-19,,3,0.0
S000605,C00605,Professional,2025-10-29,,23,19.0
S000606,C00606,Starter,2025-07-15,,9,9.0
S000607,C00607,Professional,2025-04-28,,31,19.0
S000608,C00608,Professional,2025-07-07,,39,19.0
S000609,C00609,Professional,2025-12-19,,11,19.0
S000610,C00610,Starter,2025-11-10,2026-06-30,9,9.0
S000611,C00611,Professional,2025-11-01,,48,19.0
S000612,C00612,Professional,2025-06-18,,40,19.0
S000613,C00613,Professional,2025-10-14,,76,19.0
S000614,C00614,Starter,2025-05-21,,9,9.0
S000615,C00615,Enterprise,2025-09-08,,222,299.0
S000616,C00616,Professional,2025-08-22,,21,19.0
S000617,C00617,Professional,2025-04-02,,53,19.0
S000618,C00618,Free,2025-04-08,,3,0.0
S000619,C00619,Professional,2025-01-23,,13,19.0
S000620,C00620,Starter,2025-02-21,,18,9.0
S000621,C00621,Starter,2025-06-08,,20,9.0
S000622,C00622,Professional,2025-06-24,,80,19.0
S000623,C00623,Starter,2025-03-02,,17,9.0
S000624,C00624,Starter,2025-06-02,,5,9.0
S000625,C00625,Starter,2025-08-09,,19,9.0
S000626,C00626,Starter,2025-03-26,,10,9.0
S000627,C00627,Professional,2025-05-04,,71,19.0
S000628,C00628,Free,2025-05-15,2026-06-04,2,0.0
S000629,C00629,Starter,2025-07-04,,15,9.0
S000630,C00630,Professional,2025-05-14,,50,19.0
S000631,C00631,Enterprise,2025-09-26,,284,299.0
S000632,C00632,Starter,2025-04-30,,9,9.0
S000633,C00633,Starter,2025-06-08,,3,9.0
S000634,C00634,Enterprise,2025-05-19,,451,299.0
S000635,C00635,Enterprise,2025-03-08,,389,299.0
S000636,C00636,Professional,2025-09-08,,76,19.0
S000637,C00637,Professional,2025-03-27,,46,19.0
S000638,C00638,Starter,2025-04-19,,8,9.0
S000639,C00639,Professional,2025-10-17,2026-06-16,53,19.0
S000640,C00640,Professional,2025-12-13,,35,19.0
S000641,C00641,Enterprise,2025-09-02,,476,299.0
S000642,C00642,Free,2025-12-01,,3,0.0
S000643,C00643,Starter,2025-11-08,,15,9.0
S000644,C00644,Professional,2025-06-25,,55,19.0
S000645,C00645,Professional,2025-10-09,,37,19.0
S000646,C00646,Professional,2025-04-30,2025-07-07,63,19.0
S000647,C00647,Free,2025-06-18,,3,0.0
S000648,C00648,Professional,2025-07-15,,17,19.0
S000649,C00649,Starter,2025-12-17,,10,9.0
S000650,C00650,Starter,2025-11-06,,3,9.0
S000651,C00651,Starter,2025-06-28,,16,9.0
S000652,C00652,Starter,2025-08-27,,15,9.0
S000653,C00653,Starter,2025-03-15,,19,9.0
S000654,C00654,Free,2025-10-21,,3,0.0
S000655,C00655,Starter,2025-07-21,,20,9.0
S000656,C00656,Free,2025-07-14,,4,0.0
S000657,C00657,Starter,2025-10-07,,9,9.0
S000658,C00658,Enterprise,2025-08-20,,220,299.0
S000659,C00659,Professional,2025-01-27,,77,19.0
S000660,C00660,Free,2025-04-16,2025-08-01,1,0.0
S000661,C00661,Professional,2025-03-06,,11,19.0
S000662,C00662,Free,2025-09-26,,1,0.0
S000663,C00663,Starter,2025-01-13,,15,9.0
S000664,C00664,Starter,2025-03-15,,17,9.0
S000665,C00665,Enterprise,2025-08-07,,304,299.0
S000666,C00666,Free,2025-09-11,,3,0.0
S000667,C00667,Professional,2025-07-03,,23,19.0
S000668,C00668,Professional,2025-11-11,,15,19.0
S000669,C00669,Starter,2025-12-02,2026-06-30,16,9.0
S000670,C00670,Professional,2025-02-18,,27,19.0
S000671,C00671,Starter,2025-12-14,,20,9.0
S000672,C00672,Professional,2025-08-13,,71,19.0
S000673,C00673,Professional,2025-08-21,,64,19.0
S000674,C00674,Starter,2025-02-04,,11,9.0
S000675,C00675,Free,2025-08-15,2025-11-06,2,0.0
S000676,C00676,Professional,2025-09-22,,70,19.0
S000677,C00677,Starter,2025-07-31,,3,9.0
S000678,C00678,Enterprise,2025-01-31,,479,299.0
S000679,C00679,Starter,2025-07-10,,17,9.0
S000680,C00680,Starter,2025-12-08,,4,9.0
S000681,C00681,Starter,2025-09-22,2026-06-04,6,9.0
S000682,C00682,Starter,2025-02-20,,19,9.0
S000683,C00683,Enterprise,2025-12-17,,365,299.0
S000684,C00684,Starter,2025-12-16,,9,9.0
S000685,C00685,Professional,2025-03-03,,69,19.0
S000686,C00686,Starter,2025-10-20,,15,9.0
S000687,C00687,Free,2025-05-29,,5,0.0
S000688,C00688,Starter,2025-08-05,,10,9.0
S000689,C00689,Professional,2025-06-12,,51,19.0
S000690,C00690,Professional,2025-10-13,,53,19.0
S000691,C00691,Starter,2025-12-30,,3,9.0
S000692,C00692,Enterprise,2025-10-18,2026-05-27,368,299.0
S000693,C00693,Starter,2025-12-06,,15,9.0
S000694,C00694,Professional,2025-12-12,,19,19.0
S000695,C00695,Free,2025-02-02,2025-09-29,5,0.0
S000696,C00696,Professional,2025-04-03,,40,19.0
S000697,C00697,Starter,2025-09-21,,10,9.0
S000698,C00698,Starter,2025-08-04,,6,9.0
S000699,C00699,Professional,2025-01-19,,70,19.0
S000700,C00700,Professional,2025-02-04,2025-12-02,18,19.0
S000701,C00701,Starter,2025-07-09,,20,9.0
S000702,C00702,Professional,2025-08-13,,52,19.0
S000703,C00703,Starter,2025-03-03,,7,9.0
S000704,C00704,Free,2025-03-04,,4,0.0
S000705,C00705,Professional,2025-02-17,,60,19.0
S000706,C00706,Enterprise,2025-07-26,,203,299.0
S000707,C00707,Free,2025-01-03,2025-10-21,5,0.0
S000708,C00708,Professional,2025-07-28,2026-06-30,10,19.0
S000709,C00709,Professional,2025-06-23,,19,19.0
S000710,C00710,Professional,2025-06-20,,78,19.0
S000711,C00711,Starter,2025-09-05,,16,9.0
S000712,C00712,Starter,2025-07-10,2026-02-16,11,9.0
S000713,C00713,Free,2025-09-23,2025-12-25,2,0.0
S000714,C00714,Starter,2025-10-06,,14,9.0
S000715,C00715,Professional,2025-12-02,2026-06-11,59,19.0
S000716,C00716,Starter,2025-10-19,2026-06-02,4,9.0
S000717,C00717,Starter,2025-07-08,2026-06-30,10,9.0
S000718,C00718,Professional,2025-06-29,,54,19.0
S000719,C00719,Starter,2025-03-28,,13,9.0
S000720,C00720,Professional,2025-08-07,,64,19.0
S000721,C00721,Professional,2025-02-20,,74,19.0
S000722,C00722,Professional,2025-12-06,,13,19.0
S000723,C00723,Starter,2025-11-05,,12,9.0
S000724,C00724,Starter,2025-02-13,,12,9.0
S000725,C00725,Professional,2025-10-14,,24,19.0
S000726,C00726,Professional,2025-02-12,,20,19.0
S000727,C00727,Professional,2025-09-21,,74,19.0
S000728,C00728,Professional,2025-02-02,,20,19.0
S000729,C00729,Starter,2025-06-28,,10,9.0
S000730,C00730,Professional,2025-08-29,,53,19.0
S000731,C00731,Starter,2025-09-24,,11,9.0
S000732,C00732,Starter,2025-06-02,,14,9.0
S000733,C00733,Free,2025-12-03,,1,0.0
S000734,C00734,Professional,2025-10-10,,49,19.0
S000735,C00735,Professional,2025-03-18,,67,19.0
S000736,C00736,Professional,2025-09-02,,46,19.0
S000737,C00737,Professional,2025-09-24,,80,19.0
S000738,C00738,Professional,2025-05-02,,43,19.0
S000739,C00739,Professional,2025-09-27,2026-01-26,31,19.0
S000740,C00740,Professional,2025-11-24,,44,19.0
S000741,C00741,Free,2025-10-26,,2,0.0
S000742,C00742,Professional,2025-10-06,2026-01-13,33,19.0
S000743,C00743,Professional,2025-08-20,2026-06-30,42,19.0
S000744,C00744,Starter,2025-04-09,,7,9.0
S000745,C00745,Free,2025-10-18,,1,0.0
S000746,C00746,Starter,2025-05-13,,7,9.0
S000747,C00747,Free,2025-07-14,,1,0.0
S000748,C00748,Professional,2025-04-25,2025-11-21,74,19.0
S000749,C00749,Professional,2025-04-25,,71,19.0
S000750,C00750,Enterprise,2025-02-27,,206,299.0
S000751,C00751,Starter,2025-12-17,,19,9.0
S000752,C00752,Professional,2025-02-23,,36,19.0
S000753,C00753,Professional,2025-02-01,,36,19.0
S000754,C00754,Professional,2025-12-08,,45,19.0
S000755,C00755,Starter,2025-07-22,,19,9.0
S000756,C00756,Starter,2025-06-09,,16,9.0
S000757,C00757,Free,2025-09-27,,4,0.0
S000758,C00758,Professional,2025-05-20,,65,19.0
S000759,C00759,Starter,2025-02-16,,18,9.0
S000760,C00760,Professional,2025-09-24,,61,19.0
S000761,C00761,Enterprise,2025-03-06,,287,299.0
S000762,C00762,Professional,2025-07-21,2026-06-30,31,19.0
S000763,C00763,Starter,2025-12-13,,11,9.0
S000764,C00764,Starter,2025-12-08,,5,9.0
S000765,C00765,Professional,2025-05-12,2025-12-25,53,19.0
S000766,C00766,Professional,2025-10-12,,68,19.0
S000767,C00767,Professional,2025-08-12,,11,19.0
S000768,C00768,Starter,2025-06-24,,18,9.0
S000769,C00769,Enterprise,2025-02-21,,356,299.0
S000770,C00770,Free,2025-05-18,,5,0.0
S000771,C00771,Starter,2025-08-26,,15,9.0
S000772,C00772,Free,2025-12-27,,5,0.0
S000773,C00773,Starter,2025-01-02,2026-04-15,16,9.0
S000774,C00774,Starter,2025-09-19,,9,9.0
S000775,C00775,Starter,2025-11-05,,12,9.0
S000776,C00776,Free,2025-12-14,,1,0.0
S000777,C00777,Free,2025-06-04,2026-04-13,5,0.0
S000778,C00778,Enterprise,2025-02-13,,368,299.0
S000779,C00779,Professional,2025-04-09,,51,19.0
S000780,C00780,Professional,2025-11-07,,56,19.0
S000781,C00781,Professional,2025-11-17,,59,19.0
S000782,C00782,Professional,2025-08-21,,27,19.0
S000783,C00783,Free,2025-02-14,,4,0.0
S000784,C00784,Enterprise,2025-02-14,,348,299.0
S000785,C00785,Starter,2025-06-24,2026-06-30,15,9.0
S000786,C00786,Starter,2025-08-03,,20,9.0
S000787,C00787,Professional,2025-01-12,,33,19.0
S000788,C00788,Starter,2025-09-08,,6,9.0
S000789,C00789,Starter,2025-07-18,,20,9.0
S000790,C00790,Professional,2025-01-05,,36,19.0
S000791,C00791,Starter,2025-02-04,2026-05-19,8,9.0
S000792,C00792,Starter,2025-06-15,,10,9.0
S000793,C00793,Enterprise,2025-09-21,2025-12-24,416,299.0
S000794,C00794,Professional,2025-10-29,,25,19.0
S000795,C00795,Professional,2025-06-07,,11,19.0
S000796,C00796,Starter,2025-04-18,,17,9.0
S000797,C00797,Professional,2025-12-20,,46,19.0
S000798,C00798,Professional,2025-06-17,,60,19.0
S000799,C00799,Professional,2025-04-26,,28,19.0
S000800,C00800,Free,2025-06-11,,2,0.0
S000801,C00801,Professional,2025-01-05,,42,19.0
S000802,C00802,Starter,2025-04-21,,18,9.0
S000803,C00803,Enterprise,2025-07-08,,395,299.0
S000804,C00804,Professional,2025-12-02,,40,19.0
S000805,C00805,Professional,2025-09-27,,21,19.0
S000806,C00806,Starter,2025-10-13,2026-06-30,12,9.0
S000807,C00807,Starter,2025-07-18,,3,9.0
S000808,C00808,Starter,2025-02-10,,15,9.0
S000809,C00809,Professional,2025-05-23,,40,19.0
S000810,C00810,Professional,2025-12-30,2026-06-30,72,19.0
S000811,C00811,Free,2025-01-17,,5,0.0
S000812,C00812,Starter,2025-11-17,,7,9.0
S000813,C00813,Starter,2025-09-07,,5,9.0
S000814,C00814,Starter,2025-04-14,,13,9.0
S000815,C00815,Starter,2025-10-11,,3,9.0
S000816,C00816,Free,2025-11-02,,4,0.0
S000817,C00817,Starter,2025-01-16,,18,9.0
S000818,C00818,Professional,2025-02-08,,72,19.0
S000819,C00819,Professional,2025-08-31,,64,19.0
S000820,C00820,Free,2025-12-31,,4,0.0
S000821,C00821,Professional,2025-01-09,,27,19.0
S000822,C00822,Starter,2025-08-31,,19,9.0
S000823,C00823,Free,2025-02-19,,4,0.0
S000824,C00824,Free,2025-08-26,2026-01-24,1,0.0
S000825,C00825,Starter,2025-08-16,,13,9.0
S000826,C00826,Professional,2025-02-03,,40,19.0
S000827,C00827,Free,2025-09-06,,1,0.0
S000828,C00828,Enterprise,2025-11-24,,222,299.0
S000829,C00829,Professional,2025-11-12,,76,19.0
S000830,C00830,Professional,2025-01-11,,45,19.0
S000831,C00831,Enterprise,2025-03-31,,161,299.0
S000832,C00832,Starter,2025-03-29,,17,9.0
S000833,C00833,Professional,2025-06-15,,27,19.0
S000834,C00834,Starter,2025-02-22,,11,9.0
S000835,C00835,Free,2025-11-08,,1,0.0
S000836,C00836,Professional,2025-10-11,,12,19.0
S000837,C00837,Free,2025-10-23,,5,0.0
S000838,C00838,Professional,2025-03-14,2026-04-21,57,19.0
S000839,C00839,Professional,2025-01-06,,52,19.0
S000840,C00840,Professional,2025-11-29,,10,19.0
S000841,C00841,Professional,2025-04-16,,53,19.0
S000842,C00842,Professional,2025-08-28,,16,19.0
S000843,C00843,Free,2025-11-28,,1,0.0
S000844,C00844,Professional,2025-01-14,,61,19.0
S000845,C00845,Free,2025-01-02,,3,0.0
S000846,C00846,Free,2025-01-02,,5,0.0
S000847,C00847,Starter,2025-02-27,,9,9.0
S000848,C00848,Starter,2025-01-19,,8,9.0
S000849,C00849,Free,2025-10-27,,5,0.0
S000850,C00850,Professional,2025-08-10,,50,19.0
S000851,C00851,Professional,2025-12-24,,74,19.0
S000852,C00852,Enterprise,2025-10-20,,319,299.0
S000853,C00853,Professional,2025-12-18,,23,19.0
S000854,C00854,Professional,2025-03-29,,13,19.0
S000855,C00855,Enterprise,2025-04-16,,187,299.0
S000856,C00856,Professional,2025-11-07,,48,19.0
S000857,C00857,Free,2025-03-31,,4,0.0
S000858,C00858,Free,2025-01-21,2025-05-26,1,0.0
S000859,C00859,Starter,2025-09-02,,7,9.0
S000860,C00860,Starter,2025-10-20,,17,9.0
S000861,C00861,Professional,2025-12-20,2026-06-30,38,19.0
S000862,C00862,Starter,2025-12-05,,16,9.0
S000863,C00863,Professional,2025-02-13,,36,19.0
S000864,C00864,Starter,2025-10-09,,8,9.0
S000865,C00865,Enterprise,2025-11-05,2026-01-06,377,299.0
S000866,C00866,Free,2025-09-12,,2,0.0
S000867,C00867,Starter,2025-10-27,,14,9.0
S000868,C00868,Enterprise,2025-11-02,2026-05-15,176,299.0
S000869,C00869,Starter,2025-06-12,,16,9.0
S000870,C00870,Professional,2025-01-15,,77,19.0
S000871,C00871,Starter,2025-06-16,,19,9.0
S000872,C00872,Professional,2025-03-15,,70,19.0
S000873,C00873,Professional,2025-02-11,,10,19.0
S000874,C00874,Professional,2025-02-15,,69,19.0
S000875,C00875,Starter,2025-09-12,,14,9.0
S000876,C00876,Professional,2025-07-04,,43,19.0
S000877,C00877,Starter,2025-07-17,,17,9.0
S000878,C00878,Professional,2025-09-29,,67,19.0
S000879,C00879,Professional,2025-07-20,2025-10-06,76,19.0
S000880,C00880,Free,2025-08-18,,3,0.0
S000881,C00881,Professional,2025-02-01,,59,19.0
S000882,C00882,Starter,2025-11-07,,8,9.0
S000883,C00883,Free,2025-06-13,2025-08-18,4,0.0
S000884,C00884,Professional,2025-02-26,,40,19.0
S000885,C00885,Professional,2025-10-24,,55,19.0
S000886,C00886,Professional,2025-09-26,,39,19.0
S000887,C00887,Enterprise,2025-01-20,,170,299.0
S000888,C00888,Starter,2025-03-12,,9,9.0
S000889,C00889,Enterprise,2025-01-06,,234,299.0
S000890,C00890,Professional,2025-04-09,,27,19.0
S000891,C00891,Starter,2025-02-06,,4,9.0
S000892,C00892,Professional,2025-09-17,,38,19.0
S000893,C00893,Free,2025-07-10,,3,0.0
S000894,C00894,Enterprise,2025-12-24,,340,299.0
S000895,C00895,Starter,2025-10-01,,14,9.0
S000896,C00896,Free,2025-08-12,,1,0.0
S000897,C00897,Professional,2025-07-05,,20,19.0
S000898,C00898,Free,2025-01-20,,1,0.0
S000899,C00899,Free,2025-01-26,,4,0.0
S000900,C00900,Free,2025-08-13,2026-02-20,4,0.0
S000901,C00901,Professional,2025-01-02,,46,19.0
S000902,C00902,Free,2025-01-16,,3,0.0
S000903,C00903,Starter,2025-03-21,,14,9.0
S000904,C00904,Starter,2025-11-19,,9,9.0
S000905,C00905,Enterprise,2025-06-17,,399,299.0
S000906,C00906,Enterprise,2025-09-16,,464,299.0
S000907,C00907,Enterprise,2025-05-31,,195,299.0
S000908,C00908,Starter,2025-03-05,,11,9.0
S000909,C00909,Starter,2025-05-16,,8,9.0
S000910,C00910,Professional,2025-02-03,,33,19.0
S000911,C00911,Free,2025-10-09,,2,0.0
S000912,C00912,Free,2025-03-08,,2,0.0
S000913,C00913,Enterprise,2025-05-18,,239,299.0
S000914,C00914,Free,2025-12-24,,2,0.0
S000915,C00915,Starter,2025-08-05,2026-06-30,17,9.0
S000916,C00916,Free,2025-06-17,,2,0.0
S000917,C00917,Free,2025-07-18,,1,0.0
S000918,C00918,Enterprise,2025-10-14,,447,299.0
S000919,C00919,Free,2025-04-03,,5,0.0
S000920,C00920,Starter,2025-08-21,2026-06-30,19,9.0
S000921,C00921,Starter,2025-11-15,,6,9.0
S000922,C00922,Starter,2025-07-28,,10,9.0
S000923,C00923,Professional,2025-06-12,,30,19.0
S000924,C00924,Professional,2025-02-22,2025-10-06,28,19.0
S000925,C00925,Professional,2025-04-01,,75,19.0
S000926,C00926,Starter,2025-12-12,,5,9.0
S000927,C00927,Free,2025-07-17,2026-06-30,4,0.0
S000928,C00928,Starter,2025-04-20,,15,9.0
S000929,C00929,Enterprise,2025-06-02,,127,299.0
S000930,C00930,Professional,2025-07-30,,72,19.0
S000931,C00931,Free,2025-07-16,,2,0.0
S000932,C00932,Professional,2025-09-13,,39,19.0
S000933,C00933,Professional,2025-04-04,,48,19.0
S000934,C00934,Professional,2025-08-25,,72,19.0
S000935,C00935,Professional,2025-06-11,,80,19.0
S000936,C00936,Enterprise,2025-12-10,,199,299.0
S000937,C00937,Free,2025-02-27,,3,0.0
S000938,C00938,Starter,2025-02-24,,13,9.0
S000939,C00939,Enterprise,2025-06-18,,264,299.0
S000940,C00940,Professional,2025-07-05,,15,19.0
S000941,C00941,Professional,2025-09-10,,65,19.0
S000942,C00942,Starter,2025-05-28,2026-03-21,13,9.0
S000943,C00943,Starter,2025-11-30,,5,9.0
S000944,C00944,Enterprise,2025-06-23,,356,299.0
S000945,C00945,Starter,2025-02-17,,19,9.0
S000946,C00946,Professional,2025-02-13,,55,19.0
S000947,C00947,Starter,2025-12-22,,11,9.0
S000948,C00948,Enterprise,2025-02-18,,412,299.0
S000949,C00949,Starter,2025-12-12,,7,9.0
S000950,C00950,Enterprise,2025-04-12,,137,299.0
S000951,C00951,Starter,2025-02-04,,11,9.0
S000952,C00952,Enterprise,2025-04-22,,211,299.0
S000953,C00953,Starter,2025-08-13,,11,9.0
S000954,C00954,Professional,2025-06-06,,59,19.0
S000955,C00955,Professional,2025-10-14,,70,19.0
S000956,C00956,Free,2025-08-12,,3,0.0
S000957,C00957,Starter,2025-05-27,,13,9.0
S000958,C00958,Professional,2025-08-20,,77,19.0
S000959,C00959,Professional,2025-12-21,,74,19.0
S000960,C00960,Starter,2025-05-31,2026-06-30,17,9.0
S000961,C00961,Free,2025-02-26,,5,0.0
S000962,C00962,Professional,2025-05-30,,43,19.0
S000963,C00963,Professional,2025-11-03,,64,19.0
S000964,C00964,Professional,2025-03-21,2026-05-11,47,19.0
S000965,C00965,Starter,2025-12-13,,14,9.0
S000966,C00966,Starter,2025-08-03,,14,9.0
S000967,C00967,Starter,2025-08-08,,4,9.0
S000968,C00968,Free,2025-04-26,,1,0.0
S000969,C00969,Enterprise,2025-12-02,,482,299.0
S000970,C00970,Starter,2025-01-14,,9,9.0
S000971,C00971,Starter,2025-04-20,2026-02-09,3,9.0
S000972,C00972,Starter,2025-06-02,,5,9.0
S000973,C00973,Starter,2025-06-24,,3,9.0
S000974,C00974,Professional,2025-06-23,,27,19.0
S000975,C00975,Professional,2025-02-23,,61,19.0
S000976,C00976,Professional,2025-03-24,,68,19.0
S000977,C00977,Free,2025-02-04,,1,0.0
S000978,C00978,Professional,2025-07-28,,48,19.0
S000979,C00979,Enterprise,2025-05-09,,365,299.0
S000980,C00980,Enterprise,2025-07-26,,445,299.0
S000981,C00981,Free,2025-08-04,,5,0.0
S000982,C00982,Starter,2025-09-14,,18,9.0
S000983,C00983,Enterprise,2025-07-19,,387,299.0
S000984,C00984,Professional,2025-08-25,,67,19.0
S000985,C00985,Free,2025-08-03,,4,0.0
S000986,C00986,Professional,2025-08-27,2026-03-09,64,19.0
S000987,C00987,Professional,2025-08-14,,74,19.0
S000988,C00988,Professional,2025-04-26,,21,19.0
S000989,C00989,Starter,2025-03-31,,4,9.0
S000990,C00990,Professional,2025-10-15,2026-05-27,29,19.0
S000991,C00991,Professional,2025-05-06,,77,19.0
S000992,C00992,Starter,2025-07-20,,15,9.0
S000993,C00993,Professional,2025-03-13,,43,19.0
S000994,C00994,Starter,2025-06-07,,8,9.0
S000995,C00995,Free,2025-07-13,,1,0.0
S000996,C00996,Professional,2025-08-17,,36,19.0
S000997,C00997,Starter,2025-07-12,2026-06-30,20,9.0
S000998,C00998,Free,2025-05-12,2025-12-08,5,0.0
S000999,C00999,Professional,2025-12-18,,79,19.0
S001000,C01000,Professional,2025-07-07,,60,19.0
S001001,C01001,Professional,2025-10-23,,51,19.0
S001002,C01002,Starter,2025-09-26,2026-06-30,4,9.0
S001003,C01003,Professional,2025-07-23,,52,19.0
S001004,C01004,Free,2025-11-20,,4,0.0
S001005,C01005,Free,2025-02-16,,3,0.0
S001006,C01006,Starter,2025-12-03,,17,9.0
S001007,C01007,Starter,2025-11-07,,13,9.0
S001008,C01008,Professional,2025-07-03,,74,19.0
S001009,C01009,Free,2025-09-25,,1,0.0
S001010,C01010,Professional,2025-07-09,,58,19.0
S001011,C01011,Enterprise,2025-04-09,,238,299.0
S001012,C01012,Free,2025-10-19,2026-05-28,1,0.0
S001013,C01013,Professional,2025-03-31,,31,19.0
S001014,C01014,Professional,2025-04-25,,64,19.0
S001015,C01015,Starter,2025-07-09,,6,9.0
S001016,C01016,Starter,2025-11-02,,14,9.0
S001017,C01017,Professional,2025-05-21,,24,19.0
S001018,C01018,Starter,2025-06-30,,11,9.0
S001019,C01019,Professional,2025-01-16,,20,19.0
S001020,C01020,Starter,2025-02-12,2026-02-18,16,9.0
S001021,C01021,Free,2025-01-21,,5,0.0
S001022,C01022,Professional,2025-01-27,,47,19.0
S001023,C01023,Starter,2025-11-14,,10,9.0
S001024,C01024,Professional,2025-11-04,,76,19.0
S001025,C01025,Professional,2025-10-27,,77,19.0
S001026,C01026,Starter,2025-01-21,,19,9.0
S001027,C01027,Professional,2025-01-29,,65,19.0
S001028,C01028,Starter,2025-04-13,,7,9.0
S001029,C01029,Professional,2025-07-26,,21,19.0
S001030,C01030,Starter,2025-05-02,,10,9.0
S001031,C01031,Free,2025-06-27,,3,0.0
S001032,C01032,Professional,2025-03-05,,24,19.0
S001033,C01033,Enterprise,2025-09-24,,158,299.0
S001034,C01034,Starter,2025-04-25,,8,9.0
S001035,C01035,Starter,2025-01-25,2025-11-17,9,9.0
S001036,C01036,Professional,2025-09-29,,25,19.0
S001037,C01037,Starter,2025-11-26,,11,9.0
S001038,C01038,Professional,2025-01-06,,46,19.0
S001039,C01039,Free,2025-06-09,,1,0.0
S001040,C01040,Free,2025-10-29,,1,0.0
S001041,C01041,Free,2025-09-15,2026-06-30,1,0.0
S001042,C01042,Starter,2025-11-09,,17,9.0
S001043,C01043,Professional,2025-06-01,,67,19.0
S001044,C01044,Professional,2025-05-16,,21,19.0
S001045,C01045,Free,2025-09-16,,5,0.0
S001046,C01046,Free,2025-02-26,,2,0.0
S001047,C01047,Starter,2025-03-29,,19,9.0
S001048,C01048,Professional,2025-08-08,,22,19.0
S001049,C01049,Professional,2025-09-01,,68,19.0
S001050,C01050,Free,2025-02-13,,2,0.0
S001051,C01051,Professional,2025-07-05,2025-12-17,65,19.0
S001052,C01052,Professional,2025-05-14,,15,19.0
S001053,C01053,Enterprise,2025-07-03,,329,299.0
S001054,C01054,Professional,2025-12-16,,70,19.0
S001055,C01055,Starter,2025-01-28,2025-07-06,5,9.0
S001056,C01056,Free,2025-12-30,,3,0.0
S001057,C01057,Enterprise,2025-06-14,,457,299.0
S001058,C01058,Free,2025-10-09,,5,0.0
S001059,C01059,Starter,2025-06-04,,12,9.0
S001060,C01060,Starter,2025-04-24,2026-02-23,3,9.0
S001061,C01061,Professional,2025-10-09,,76,19.0
S001062,C01062,Professional,2025-09-08,,22,19.0
S001063,C01063,Professional,2025-02-22,,39,19.0
S001064,C01064,Free,2025-09-15,,5,0.0
S001065,C01065,Professional,2025-10-02,2026-01-11,17,19.0
S001066,C01066,Professional,2025-05-22,,42,19.0
S001067,C01067,Free,2025-12-04,,4,0.0
S001068,C01068,Free,2025-08-22,,1,0.0
S001069,C01069,Enterprise,2025-05-02,,294,299.0
S001070,C01070,Starter,2025-01-04,,3,9.0
S001071,C01071,Starter,2025-09-04,,14,9.0
S001072,C01072,Starter,2025-03-18,,19,9.0
S001073,C01073,Professional,2025-10-04,,24,19.0
S001074,C01074,Professional,2025-07-11,2026-05-03,28,19.0
S001075,C01075,Professional,2025-06-20,,19,19.0
S001076,C01076,Starter,2025-03-01,,10,9.0
S001077,C01077,Starter,2025-09-17,,3,9.0
S001078,C01078,Professional,2025-03-02,2025-12-29,73,19.0
S001079,C01079,Starter,2025-06-02,2025-09-22,4,9.0
S001080,C01080,Professional,2025-11-02,,57,19.0
S001081,C01081,Professional,2025-12-02,,32,19.0
S001082,C01082,Professional,2025-12-28,,64,19.0
S001083,C01083,Free,2025-12-16,2026-06-30,1,0.0
S001084,C01084,Free,2025-07-22,,3,0.0
S001085,C01085,Professional,2025-03-15,,16,19.0
S001086,C01086,Professional,2025-11-03,,59,19.0
S001087,C01087,Free,2025-10-20,,1,0.0
S001088,C01088,Enterprise,2025-12-28,,334,299.0
S001089,C01089,Professional,2025-08-26,,38,19.0
S001090,C01090,Starter,2025-02-21,,6,9.0
S001091,C01091,Professional,2025-07-03,2026-03-12,23,19.0
S001092,C01092,Professional,2025-06-13,,50,19.0
S001093,C01093,Starter,2025-11-04,,6,9.0
S001094,C01094,Starter,2025-05-24,2026-01-24,19,9.0
S001095,C01095,Starter,2025-04-30,,16,9.0
S001096,C01096,Starter,2025-01-30,,9,9.0
S001097,C01097,Professional,2025-11-01,,37,19.0
S001098,C01098,Starter,2025-10-03,,11,9.0
S001099,C01099,Free,2025-01-16,,5,0.0
S001100,C01100,Professional,2025-06-08,,39,19.0
S001101,C01101,Free,2025-06-25,,3,0.0
S001102,C01102,Professional,2025-06-21,,58,19.0
S001103,C01103,Professional,2025-12-02,,28,19.0
S001104,C01104,Professional,2025-02-24,,54,19.0
S001105,C01105,Starter,2025-04-22,,9,9.0
S001106,C01106,Free,2025-03-08,,3,0.0
S001107,C01107,Professional,2025-03-31,,64,19.0
S001108,C01108,Free,2025-11-28,2026-05-12,1,0.0
S001109,C01109,Professional,2025-12-10,2026-06-30,56,19.0
S001110,C01110,Free,2025-01-17,,2,0.0
S001111,C01111,Professional,2025-08-19,,10,19.0
S001112,C01112,Free,2025-03-26,,2,0.0
S001113,C01113,Free,2025-03-12,,4,0.0
S001114,C01114,Starter,2025-04-17,,16,9.0
S001115,C01115,Professional,2025-03-12,,28,19.0
S001116,C01116,Starter,2025-06-28,,10,9.0
S001117,C01117,Starter,2025-12-30,,18,9.0
S001118,C01118,Professional,2025-08-03,,36,19.0
S001119,C01119,Professional,2025-09-21,,28,19.0
S001120,C01120,Professional,2025-06-30,,41,19.0
S001121,C01121,Starter,2025-01-06,,17,9.0
S001122,C01122,Free,2025-01-31,,3,0.0
S001123,C01123,Free,2025-04-09,,3,0.0
S001124,C01124,Enterprise,2025-03-30,,387,299.0
S001125,C01125,Free,2025-11-03,,5,0.0
S001126,C01126,Free,2025-11-04,2026-02-16,4,0.0
S001127,C01127,Starter,2025-11-08,,10,9.0
S001128,C01128,Professional,2025-08-21,,64,19.0
S001129,C01129,Starter,2025-07-23,,17,9.0
S001130,C01130,Professional,2025-08-25,,24,19.0
S001131,C01131,Starter,2025-05-29,,15,9.0
S001132,C01132,Professional,2025-09-02,,62,19.0
S001133,C01133,Professional,2025-10-17,,31,19.0
S001134,C01134,Starter,2025-10-06,,8,9.0
S001135,C01135,Enterprise,2025-08-13,,370,299.0
S001136,C01136,Enterprise,2025-01-22,,100,299.0
S001137,C01137,Free,2025-09-22,,2,0.0
S001138,C01138,Professional,2025-05-14,,55,19.0
S001139,C01139,Professional,2025-09-29,2026-06-30,42,19.0
S001140,C01140,Professional,2025-07-16,,10,19.0
S001141,C01141,Professional,2025-11-18,2026-06-30,19,19.0
S001142,C01142,Professional,2025-05-04,,16,19.0
S001143,C01143,Starter,2025-12-06,,12,9.0
S001144,C01144,Professional,2025-11-05,,12,19.0
S001145,C01145,Free,2025-05-01,,4,0.0
S001146,C01146,Professional,2025-06-26,,53,19.0
S001147,C01147,Starter,2025-07-13,2026-03-24,12,9.0
S001148,C01148,Professional,2025-10-08,2026-06-30,24,19.0
S001149,C01149,Professional,2025-09-09,,23,19.0
S001150,C01150,Free,2025-11-07,,5,0.0
S001151,C01151,Professional,2025-05-16,,53,19.0
S001152,C01152,Professional,2025-07-04,,35,19.0
S001153,C01153,Free,2025-06-07,,2,0.0
S001154,C01154,Starter,2025-11-28,,9,9.0
S001155,C01155,Free,2025-04-22,,2,0.0
S001156,C01156,Free,2025-08-03,,3,0.0
S001157,C01157,Professional,2025-02-13,,28,19.0
S001158,C01158,Starter,2025-11-07,2026-01-16,16,9.0
S001159,C01159,Professional,2025-05-21,,14,19.0
S001160,C01160,Free,2025-05-05,,4,0.0
S001161,C01161,Free,2025-08-01,,1,0.0
S001162,C01162,Professional,2025-07-02,,24,19.0
S001163,C01163,Starter,2025-11-06,,19,9.0
S001164,C01164,Professional,2025-07-13,2026-03-21,64,19.0
S001165,C01165,Free,2025-07-08,,5,0.0
S001166,C01166,Professional,2025-02-08,,45,19.0
S001167,C01167,Professional,2025-01-09,,19,19.0
S001168,C01168,Professional,2025-05-26,,80,19.0
S001169,C01169,Professional,2025-12-31,2026-06-03,63,19.0
S001170,C01170,Starter,2025-12-01,,12,9.0
S001171,C01171,Professional,2025-08-18,,64,19.0
S001172,C01172,Professional,2025-08-19,,30,19.0
S001173,C01173,Professional,2025-05-23,,66,19.0
S001174,C01174,Free,2025-03-06,,4,0.0
S001175,C01175,Free,2025-01-04,,1,0.0
S001176,C01176,Starter,2025-05-04,,3,9.0
S001177,C01177,Starter,2025-04-26,,18,9.0
S001178,C01178,Free,2025-03-11,,4,0.0
S001179,C01179,Free,2025-04-05,,2,0.0
S001180,C01180,Free,2025-01-10,,3,0.0
S001181,C01181,Free,2025-08-10,2026-04-08,1,0.0
S001182,C01182,Free,2025-12-05,2026-06-30,1,0.0
S001183,C01183,Professional,2025-09-10,,16,19.0
S001184,C01184,Enterprise,2025-06-13,,109,299.0
S001185,C01185,Starter,2025-06-03,2026-06-30,5,9.0
S001186,C01186,Free,2025-04-23,2026-04-14,1,0.0
S001187,C01187,Starter,2025-02-21,2025-05-05,19,9.0
S001188,C01188,Professional,2025-08-07,,15,19.0
S001189,C01189,Enterprise,2025-07-26,,152,299.0
S001190,C01190,Starter,2025-01-03,,11,9.0
S001191,C01191,Free,2025-06-01,,4,0.0
S001192,C01192,Starter,2025-04-12,,15,9.0
S001193,C01193,Starter,2025-03-04,,4,9.0
S001194,C01194,Free,2025-09-14,,1,0.0
S001195,C01195,Professional,2025-07-11,,11,19.0
S001196,C01196,Free,2025-08-20,,1,0.0
S001197,C01197,Free,2025-09-18,2026-06-30,1,0.0
S001198,C01198,Professional,2025-12-25,,67,19.0
S001199,C01199,Professional,2025-10-21,,51,19.0
S001200,C01200,Free,2025-08-15,,2,0.0
S001201,C01201,Professional,2025-11-17,,18,19.0
S001202,C01202,Starter,2025-06-24,,17,9.0
S001203,C01203,Starter,2025-12-26,,15,9.0
S001204,C01204,Free,2025-10-05,,1,0.0
S001205,C01205,Starter,2025-08-26,,13,9.0
S001206,C01206,Free,2025-11-26,,5,0.0
S001207,C01207,Professional,2025-07-08,2026-03-14,29,19.0
S001208,C01208,Professional,2025-09-21,,62,19.0
S001209,C01209,Free,2025-04-14,,2,0.0
S001210,C01210,Starter,2025-12-18,,5,9.0
S001211,C01211,Starter,2025-08-16,,8,9.0
S001212,C01212,Starter,2025-10-13,,9,9.0
S001213,C01213,Professional,2025-06-18,2026-06-30,12,19.0
S001214,C01214,Free,2025-11-13,,2,0.0
S001215,C01215,Professional,2025-01-28,,78,19.0
S001216,C01216,Starter,2025-02-11,,5,9.0
S001217,C01217,Professional,2025-07-05,,10,19.0
S001218,C01218,Starter,2025-09-25,,9,9.0
S001219,C01219,Free,2025-10-23,,5,0.0
S001220,C01220,Free,2025-06-10,,4,0.0
S001221,C01221,Professional,2025-08-26,,46,19.0
S001222,C01222,Professional,2025-07-21,,61,19.0
S001223,C01223,Professional,2025-12-17,,10,19.0
S001224,C01224,Free,2025-08-27,,2,0.0
S001225,C01225,Free,2025-06-02,,5,0.0
S001226,C01226,Professional,2025-12-20,,61,19.0
S001227,C01227,Free,2025-02-09,,3,0.0
S001228,C01228,Enterprise,2025-12-26,,206,299.0
S001229,C01229,Professional,2025-02-26,,26,19.0
S001230,C01230,Free,2025-04-16,,1,0.0
S001231,C01231,Professional,2025-10-27,,72,19.0
S001232,C01232,Free,2025-09-25,,1,0.0
S001233,C01233,Enterprise,2025-12-21,,426,299.0
S001234,C01234,Professional,2025-10-01,,34,19.0
S001235,C01235,Starter,2025-08-21,,19,9.0
S001236,C01236,Professional,2025-05-07,,12,19.0
S001237,C01237,Free,2025-01-02,,3,0.0
S001238,C01238,Starter,2025-02-15,,4,9.0
S001239,C01239,Starter,2025-04-19,2025-11-26,3,9.0
S001240,C01240,Starter,2025-01-15,2025-08-27,9,9.0
S001241,C01241,Free,2025-07-05,2026-06-30,4,0.0
S001242,C01242,Enterprise,2025-10-11,,470,299.0
S001243,C01243,Starter,2025-12-18,,5,9.0
S001244,C01244,Professional,2025-06-28,,55,19.0
S001245,C01245,Free,2025-11-16,2026-05-06,5,0.0
S001246,C01246,Professional,2025-12-26,,76,19.0
S001247,C01247,Professional,2025-11-10,,29,19.0
S001248,C01248,Professional,2025-06-19,,12,19.0
S001249,C01249,Professional,2025-04-29,,77,19.0
S001250,C01250,Starter,2025-12-23,2026-03-12,18,9.0
S001251,C01251,Professional,2025-03-30,,27,19.0
S001252,C01252,Professional,2025-05-31,,19,19.0
S001253,C01253,Free,2025-01-28,,3,0.0
S001254,C01254,Free,2025-10-17,,2,0.0
S001255,C01255,Enterprise,2025-08-26,,326,299.0
S001256,C01256,Professional,2025-01-31,,17,19.0
S001257,C01257,Starter,2025-03-23,,19,9.0
S001258,C01258,Professional,2025-07-22,,39,19.0
S001259,C01259,Professional,2025-07-17,,19,19.0
S001260,C01260,Starter,2025-10-20,,6,9.0
S001261,C01261,Free,2025-04-08,,4,0.0
S001262,C01262,Starter,2025-12-04,,16,9.0
S001263,C01263,Starter,2025-06-12,,4,9.0
S001264,C01264,Free,2025-10-28,,4,0.0
S001265,C01265,Enterprise,2025-03-29,2025-08-23,475,299.0
S001266,C01266,Professional,2025-01-14,,30,19.0
S001267,C01267,Professional,2025-01-21,,53,19.0
S001268,C01268,Professional,2025-05-17,,66,19.0
S001269,C01269,Starter,2025-12-14,,19,9.0
S001270,C01270,Professional,2025-01-18,,21,19.0
S001271,C01271,Professional,2025-05-15,,73,19.0
S001272,C01272,Professional,2025-02-09,2025-09-13,12,19.0
S001273,C01273,Free,2025-12-07,2026-06-30,3,0.0
S001274,C01274,Professional,2025-09-04,2026-01-10,21,19.0
S001275,C01275,Starter,2025-10-06,,5,9.0
S001276,C01276,Starter,2025-09-18,,7,9.0
S001277,C01277,Professional,2025-08-28,,21,19.0
S001278,C01278,Enterprise,2025-10-10,2026-06-30,120,299.0
S001279,C01279,Starter,2025-01-03,,8,9.0
S001280,C01280,Free,2025-11-12,,1,0.0
S001281,C01281,Enterprise,2025-09-28,,253,299.0
S001282,C01282,Enterprise,2025-09-27,,221,299.0
S001283,C01283,Free,2025-05-24,,3,0.0
S001284,C01284,Professional,2025-10-20,,70,19.0
S001285,C01285,Enterprise,2025-05-20,,156,299.0
S001286,C01286,Free,2025-01-18,,5,0.0
S001287,C01287,Professional,2025-11-28,,48,19.0
S001288,C01288,Free,2025-03-27,,5,0.0
S001289,C01289,Professional,2025-02-07,,38,19.0
S001290,C01290,Free,2025-08-15,,1,0.0
S001291,C01291,Professional,2025-03-27,,24,19.0
S001292,C01292,Professional,2025-11-10,,10,19.0
S001293,C01293,Free,2025-06-11,,5,0.0
S001294,C01294,Professional,2025-01-02,,50,19.0
S001295,C01295,Free,2025-12-14,,5,0.0
S001296,C01296,Free,2025-07-07,,4,0.0
S001297,C01297,Enterprise,2025-04-06,,474,299.0
S001298,C01298,Enterprise,2025-09-05,,194,299.0
S001299,C01299,Professional,2025-07-13,,33,19.0
S001300,C01300,Professional,2025-01-11,,66,19.0
S001301,C01301,Free,2025-10-05,,5,0.0
S001302,C01302,Starter,2025-05-27,,20,9.0
S001303,C01303,Professional,2025-09-13,,72,19.0
S001304,C01304,Professional,2025-11-23,,33,19.0
S001305,C01305,Starter,2025-08-11,,15,9.0
S001306,C01306,Starter,2025-09-03,,20,9.0
S001307,C01307,Professional,2025-04-03,,28,19.0
S001308,C01308,Free,2025-03-28,,1,0.0
S001309,C01309,Professional,2025-06-01,,45,19.0
S001310,C01310,Starter,2025-11-08,,11,9.0
S001311,C01311,Starter,2025-07-11,2026-06-30,15,9.0
S001312,C01312,Free,2025-05-08,,1,0.0
S001313,C01313,Professional,2025-10-12,,41,19.0
S001314,C01314,Enterprise,2025-11-08,,334,299.0
S001315,C01315,Professional,2025-11-26,,51,19.0
S001316,C01316,Enterprise,2025-04-20,2026-06-30,128,299.0
S001317,C01317,Starter,2025-09-17,,4,9.0
S001318,C01318,Starter,2025-08-04,,12,9.0
S001319,C01319,Professional,2025-06-13,,36,19.0
S001320,C01320,Free,2025-05-25,2026-06-06,1,0.0
S001321,C01321,Starter,2025-02-11,,17,9.0
S001322,C01322,Professional,2025-04-11,,39,19.0
S001323,C01323,Free,2025-07-20,,3,0.0
S001324,C01324,Professional,2025-11-20,,58,19.0
S001325,C01325,Starter,2025-11-13,,16,9.0
S001326,C01326,Starter,2025-03-10,,9,9.0
S001327,C01327,Starter,2025-09-05,,3,9.0
S001328,C01328,Starter,2025-01-31,,12,9.0
S001329,C01329,Professional,2025-09-04,,27,19.0
S001330,C01330,Free,2025-05-05,,5,0.0
S001331,C01331,Professional,2025-06-14,,73,19.0
S001332,C01332,Free,2025-09-19,,5,0.0
S001333,C01333,Starter,2025-06-05,2026-02-25,17,9.0
S001334,C01334,Professional,2025-10-22,2026-04-08,80,19.0
S001335,C01335,Starter,2025-07-14,,20,9.0
S001336,C01336,Starter,2025-12-31,,6,9.0
S001337,C01337,Professional,2025-08-21,,53,19.0
S001338,C01338,Starter,2025-04-19,2025-11-17,11,9.0
S001339,C01339,Starter,2025-10-10,,3,9.0
S001340,C01340,Enterprise,2025-05-29,,414,299.0
S001341,C01341,Free,2025-07-14,,1,0.0
S001342,C01342,Professional,2025-02-19,,75,19.0
S001343,C01343,Starter,2025-02-13,,15,9.0
S001344,C01344,Professional,2025-07-29,,27,19.0
S001345,C01345,Free,2025-03-10,2025-11-21,1,0.0
S001346,C01346,Free,2025-12-31,,5,0.0
S001347,C01347,Starter,2025-11-09,,17,9.0
S001348,C01348,Professional,2025-09-13,,41,19.0
S001349,C01349,Free,2025-09-26,2026-02-02,5,0.0
S001350,C01350,Professional,2025-08-06,,64,19.0
S001351,C01351,Starter,2025-01-23,2025-05-26,14,9.0
S001352,C01352,Enterprise,2025-05-24,,307,299.0
S001353,C01353,Enterprise,2025-06-30,,117,299.0
S001354,C01354,Professional,2025-12-01,2026-06-30,31,19.0
S001355,C01355,Professional,2025-03-22,2025-12-09,32,19.0
S001356,C01356,Professional,2025-07-01,,17,19.0
S001357,C01357,Professional,2025-05-06,,60,19.0
S001358,C01358,Free,2025-02-19,,1,0.0
S001359,C01359,Professional,2025-02-07,,28,19.0
S001360,C01360,Professional,2025-05-14,,55,19.0
S001361,C01361,Professional,2025-01-31,,46,19.0
S001362,C01362,Starter,2025-01-25,,12,9.0
S001363,C01363,Professional,2025-05-09,,70,19.0
S001364,C01364,Starter,2025-03-15,,10,9.0
S001365,C01365,Starter,2025-07-22,,14,9.0
S001366,C01366,Starter,2025-01-07,,14,9.0
S001367,C01367,Professional,2025-04-21,,18,19.0
S001368,C01368,Starter,2025-06-15,,12,9.0
S001369,C01369,Enterprise,2025-12-18,2026-06-30,319,299.0
S001370,C01370,Professional,2025-08-20,,20,19.0
S001371,C01371,Professional,2025-11-18,,19,19.0
S001372,C01372,Enterprise,2025-05-06,,204,299.0
S001373,C01373,Starter,2025-06-14,2025-12-20,10,9.0
S001374,C01374,Professional,2025-06-03,,40,19.0
S001375,C01375,Starter,2025-11-20,,7,9.0
S001376,C01376,Free,2025-12-17,,2,0.0
S001377,C01377,Free,2025-12-18,,2,0.0
S001378,C01378,Free,2025-10-02,,5,0.0
S001379,C01379,Free,2025-07-03,,4,0.0
S001380,C01380,Starter,2025-07-17,,19,9.0
S001381,C01381,Enterprise,2025-12-24,,360,299.0
S001382,C01382,Starter,2025-04-14,,12,9.0
S001383,C01383,Enterprise,2025-05-07,,296,299.0
S001384,C01384,Professional,2025-11-24,2026-06-30,28,19.0
S001385,C01385,Professional,2025-05-22,,22,19.0
S001386,C01386,Professional,2025-03-27,2025-12-10,66,19.0
S001387,C01387,Enterprise,2025-07-24,,256,299.0
S001388,C01388,Free,2025-04-29,,1,0.0
S001389,C01389,Starter,2025-11-22,,10,9.0
S001390,C01390,Starter,2025-11-28,2026-05-03,11,9.0
S001391,C01391,Starter,2025-04-22,,15,9.0
S001392,C01392,Starter,2025-07-13,,20,9.0
S001393,C01393,Starter,2025-12-26,2026-05-03,20,9.0
S001394,C01394,Enterprise,2025-09-28,,450,299.0
S001395,C01395,Starter,2025-03-20,,17,9.0
S001396,C01396,Enterprise,2025-08-04,,472,299.0
S001397,C01397,Free,2025-08-15,,4,0.0
S001398,C01398,Professional,2025-08-27,,16,19.0
S001399,C01399,Starter,2025-01-10,,7,9.0
S001400,C01400,Enterprise,2025-04-20,2026-06-30,285,299.0
S001401,C01401,Professional,2025-11-08,2026-06-30,65,19.0
S001402,C01402,Free,2025-03-30,,4,0.0
S001403,C01403,Enterprise,2025-04-20,2026-01-08,452,299.0
S001404,C01404,Starter,2025-04-28,,5,9.0
S001405,C01405,Enterprise,2025-03-06,,339,299.0
S001406,C01406,Free,2025-02-26,,4,0.0
S001407,C01407,Starter,2025-05-07,,10,9.0
S001408,C01408,Starter,2025-11-16,,9,9.0
S001409,C01409,Professional,2025-01-01,,56,19.0
S001410,C01410,Professional,2025-04-14,,72,19.0
S001411,C01411,Professional,2025-01-23,,42,19.0
S001412,C01412,Free,2025-07-24,,3,0.0
S001413,C01413,Starter,2025-04-02,,4,9.0
S001414,C01414,Starter,2025-10-17,,7,9.0
S001415,C01415,Starter,2025-08-02,,4,9.0
S001416,C01416,Starter,2025-10-14,,19,9.0
S001417,C01417,Starter,2025-08-20,,18,9.0
S001418,C01418,Professional,2025-06-10,,60,19.0
S001419,C01419,Professional,2025-11-11,,25,19.0
S001420,C01420,Starter,2025-06-23,,11,9.0
S001421,C01421,Enterprise,2025-12-13,,104,299.0
S001422,C01422,Professional,2025-12-30,,78,19.0
S001423,C01423,Professional,2025-08-03,,13,19.0
S001424,C01424,Professional,2025-09-04,,52,19.0
S001425,C01425,Starter,2025-04-04,,11,9.0
S001426,C01426,Enterprise,2025-10-25,,335,299.0
S001427,C01427,Starter,2025-09-03,,4,9.0
S001428,C01428,Starter,2025-11-26,,9,9.0
S001429,C01429,Professional,2025-04-08,,68,19.0
S001430,C01430,Professional,2025-10-15,,69,19.0
S001431,C01431,Starter,2025-06-21,,10,9.0
S001432,C01432,Professional,2025-03-09,,51,19.0
S001433,C01433,Professional,2025-03-04,,66,19.0
S001434,C01434,Starter,2025-07-25,,14,9.0
S001435,C01435,Enterprise,2025-04-27,,267,299.0
S001436,C01436,Starter,2025-02-07,,19,9.0
S001437,C01437,Professional,2025-06-05,,80,19.0
S001438,C01438,Professional,2025-08-27,,29,19.0
S001439,C01439,Free,2025-04-27,,1,0.0
S001440,C01440,Professional,2025-12-15,,66,19.0
S001441,C01441,Free,2025-10-12,,1,0.0
S001442,C01442,Professional,2025-07-07,,67,19.0
S001443,C01443,Professional,2025-12-08,,65,19.0
S001444,C01444,Professional,2025-06-08,,14,19.0
S001445,C01445,Enterprise,2025-02-20,,319,299.0
S001446,C01446,Professional,2025-01-14,2026-01-19,61,19.0
S001447,C01447,Starter,2025-12-09,,4,9.0
S001448,C01448,Professional,2025-12-17,,68,19.0
S001449,C01449,Professional,2025-09-27,,17,19.0
S001450,C01450,Starter,2025-02-07,,12,9.0
S001451,C01451,Starter,2025-04-18,,3,9.0
S001452,C01452,Starter,2025-01-15,2025-08-29,5,9.0
S001453,C01453,Professional,2025-01-19,2025-11-01,62,19.0
S001454,C01454,Professional,2025-03-31,2026-04-12,15,19.0
S001455,C01455,Professional,2025-07-28,,73,19.0
S001456,C01456,Starter,2025-01-24,,3,9.0
S001457,C01457,Enterprise,2025-12-26,,351,299.0
S001458,C01458,Professional,2025-06-16,,35,19.0
S001459,C01459,Starter,2025-04-07,,13,9.0
S001460,C01460,Starter,2025-07-08,,14,9.0
S001461,C01461,Enterprise,2025-10-16,,358,299.0
S001462,C01462,Enterprise,2025-04-25,,328,299.0
S001463,C01463,Starter,2025-01-18,2026-01-12,20,9.0
S001464,C01464,Professional,2025-01-19,2025-08-10,46,19.0
S001465,C01465,Enterprise,2025-11-07,,441,299.0
S001466,C01466,Starter,2025-02-10,,10,9.0
S001467,C01467,Starter,2025-08-20,,13,9.0
S001468,C01468,Professional,2025-05-21,,58,19.0
S001469,C01469,Free,2025-10-11,,2,0.0
S001470,C01470,Professional,2025-01-23,,72,19.0
S001471,C01471,Starter,2025-11-24,,7,9.0
S001472,C01472,Starter,2025-09-12,2026-06-30,17,9.0
S001473,C01473,Starter,2025-06-13,,6,9.0
S001474,C01474,Professional,2025-03-17,,60,19.0
S001475,C01475,Starter,2025-12-23,,17,9.0
S001476,C01476,Starter,2025-04-21,,8,9.0
S001477,C01477,Starter,2025-06-29,2025-08-30,7,9.0
S001478,C01478,Free,2025-05-24,,5,0.0
S001479,C01479,Professional,2025-03-26,,55,19.0
S001480,C01480,Starter,2025-06-02,,18,9.0
S001481,C01481,Starter,2025-02-25,,20,9.0
S001482,C01482,Free,2025-01-01,,5,0.0
S001483,C01483,Starter,2025-04-16,,17,9.0
S001484,C01484,Starter,2025-02-10,,14,9.0
S001485,C01485,Professional,2025-06-01,,77,19.0
S001486,C01486,Professional,2025-11-11,,33,19.0
S001487,C01487,Free,2025-03-01,2025-09-19,3,0.0
S001488,C01488,Starter,2025-01-01,,11,9.0
S001489,C01489,Starter,2025-02-10,,9,9.0
S001490,C01490,Professional,2025-07-05,,33,19.0
S001491,C01491,Free,2025-04-11,,5,0.0
S001492,C01492,Professional,2025-06-28,,34,19.0
S001493,C01493,Enterprise,2025-01-11,,142,299.0
S001494,C01494,Free,2025-05-02,,3,0.0
S001495,C01495,Starter,2025-05-30,2025-11-07,9,9.0
S001496,C01496,Professional,2025-06-07,2026-04-27,76,19.0
S001497,C01497,Enterprise,2025-07-21,,412,299.0
S001498,C01498,Starter,2025-10-12,,11,9.0
S001499,C01499,Professional,2025-06-20,,68,19.0
S001500,C01500,Professional,2025-11-04,,38,19.0
S001501,C01501,Starter,2025-07-13,2026-06-30,7,9.0
S001502,C01502,Professional,2025-04-06,,55,19.0
S001503,C01503,Professional,2025-03-25,,54,19.0
S001504,C01504,Enterprise,2025-04-28,,214,299.0
S001505,C01505,Starter,2025-08-07,2026-02-18,6,9.0
S001506,C01506,Starter,2025-03-30,,3,9.0
S001507,C01507,Professional,2025-11-30,,37,19.0
S001508,C01508,Free,2025-06-25,,4,0.0
S001509,C01509,Starter,2025-11-12,,17,9.0
S001510,C01510,Free,2025-09-07,,2,0.0
S001511,C01511,Professional,2025-05-02,,57,19.0
S001512,C01512,Starter,2025-03-25,,7,9.0
S001513,C01513,Professional,2025-09-29,,23,19.0
S001514,C01514,Professional,2025-05-01,,47,19.0
S001515,C01515,Starter,2025-04-01,,8,9.0
S001516,C01516,Professional,2025-12-06,,21,19.0
S001517,C01517,Starter,2025-06-26,,7,9.0
S001518,C01518,Starter,2025-01-18,,8,9.0
S001519,C01519,Free,2025-06-30,,2,0.0
S001520,C01520,Free,2025-06-18,,3,0.0
S001521,C01521,Professional,2025-11-12,,71,19.0
S001522,C01522,Enterprise,2025-09-17,,490,299.0
S001523,C01523,Starter,2025-03-11,,13,9.0
S001524,C01524,Free,2025-02-24,,2,0.0
S001525,C01525,Free,2025-08-09,,1,0.0
S001526,C01526,Free,2025-01-18,,3,0.0
S001527,C01527,Professional,2025-04-27,,57,19.0
S001528,C01528,Starter,2025-02-20,,12,9.0
S001529,C01529,Professional,2025-01-08,,19,19.0
S001530,C01530,Starter,2025-12-02,2026-06-30,15,9.0
S001531,C01531,Professional,2025-02-02,,32,19.0
S001532,C01532,Professional,2025-01-04,,47,19.0
S001533,C01533,Free,2025-12-07,,5,0.0
S001534,C01534,Professional,2025-03-10,2025-05-24,62,19.0
S001535,C01535,Professional,2025-10-26,,47,19.0
S001536,C01536,Free,2025-01-12,2025-07-23,5,0.0
S001537,C01537,Free,2025-02-26,,2,0.0
S001538,C01538,Starter,2025-02-10,,8,9.0
S001539,C01539,Enterprise,2025-09-15,,207,299.0
S001540,C01540,Enterprise,2025-08-15,,435,299.0
S001541,C01541,Free,2025-06-23,,5,0.0
S001542,C01542,Professional,2025-03-30,,28,19.0
S001543,C01543,Professional,2025-02-02,,23,19.0
S001544,C01544,Professional,2025-07-27,,67,19.0
S001545,C01545,Free,2025-03-26,,3,0.0
S001546,C01546,Enterprise,2025-08-04,2025-10-19,355,299.0
S001547,C01547,Professional,2025-09-08,,24,19.0
S001548,C01548,Professional,2025-11-07,,50,19.0
S001549,C01549,Free,2025-06-30,,4,0.0
S001550,C01550,Starter,2025-01-02,,11,9.0
S001551,C01551,Starter,2025-04-13,,17,9.0
S001552,C01552,Professional,2025-11-08,,48,19.0
S001553,C01553,Professional,2025-07-14,2025-12-24,48,19.0
S001554,C01554,Enterprise,2025-08-14,,194,299.0
S001555,C01555,Starter,2025-06-17,,15,9.0
S001556,C01556,Enterprise,2025-03-01,,299,299.0
S001557,C01557,Professional,2025-11-24,,56,19.0
S001558,C01558,Free,2025-10-10,,4,0.0
S001559,C01559,Starter,2025-12-30,2026-06-30,9,9.0
S001560,C01560,Professional,2025-11-09,,37,19.0
S001561,C01561,Professional,2025-04-17,,32,19.0
S001562,C01562,Starter,2025-04-03,,9,9.0
S001563,C01563,Professional,2025-04-01,,70,19.0
S001564,C01564,Starter,2025-12-02,,9,9.0
S001565,C01565,Professional,2025-07-23,,18,19.0
S001566,C01566,Enterprise,2025-06-15,,427,299.0
S001567,C01567,Starter,2025-12-20,,6,9.0
S001568,C01568,Free,2025-08-09,,2,0.0
S001569,C01569,Professional,2025-11-28,,24,19.0
S001570,C01570,Professional,2025-12-26,,51,19.0
S001571,C01571,Starter,2025-01-29,,7,9.0
S001572,C01572,Starter,2025-05-12,,20,9.0
S001573,C01573,Starter,2025-09-25,,10,9.0
S001574,C01574,Professional,2025-10-24,2026-06-30,12,19.0
S001575,C01575,Professional,2025-02-24,,49,19.0
S001576,C01576,Starter,2025-04-27,,6,9.0
S001577,C01577,Starter,2025-07-20,,9,9.0
S001578,C01578,Starter,2025-10-19,,19,9.0
S001579,C01579,Free,2025-02-11,,1,0.0
S001580,C01580,Free,2025-08-08,2026-06-18,4,0.0
S001581,C01581,Professional,2025-04-19,2026-02-24,58,19.0
S001582,C01582,Professional,2025-03-20,,36,19.0
S001583,C01583,Starter,2025-07-08,,10,9.0
S001584,C01584,Professional,2025-06-01,,16,19.0
S001585,C01585,Professional,2025-08-21,,43,19.0
S001586,C01586,Professional,2025-04-26,,46,19.0
S001587,C01587,Professional,2025-10-28,,52,19.0
S001588,C01588,Starter,2025-01-29,,17,9.0
S001589,C01589,Professional,2025-11-11,,75,19.0
S001590,C01590,Starter,2025-01-11,,10,9.0
S001591,C01591,Enterprise,2025-09-26,,453,299.0
S001592,C01592,Starter,2025-05-07,,18,9.0
S001593,C01593,Professional,2025-05-20,2026-01-22,31,19.0
S001594,C01594,Free,2025-01-07,,2,0.0
S001595,C01595,Starter,2025-09-14,,12,9.0
S001596,C01596,Starter,2025-03-02,,11,9.0
S001597,C01597,Professional,2025-08-29,,36,19.0
S001598,C01598,Starter,2025-09-22,2026-06-30,4,9.0
S001599,C01599,Starter,2025-11-05,,17,9.0
S001600,C01600,Free,2025-09-16,,3,0.0
S001601,C01601,Starter,2025-04-21,,6,9.0
S001602,C01602,Starter,2025-09-27,2026-06-30,18,9.0
S001603,C01603,Professional,2025-10-29,,75,19.0
S001604,C01604,Starter,2025-04-26,,5,9.0
S001605,C01605,Enterprise,2025-02-15,,310,299.0
S001606,C01606,Professional,2025-11-21,,53,19.0
S001607,C01607,Free,2025-02-23,,2,0.0
S001608,C01608,Professional,2025-08-05,,32,19.0
S001609,C01609,Free,2025-03-28,,2,0.0
S001610,C01610,Professional,2025-02-15,,35,19.0
S001611,C01611,Starter,2025-10-11,,15,9.0
S001612,C01612,Free,2025-02-22,2026-02-06,1,0.0
S001613,C01613,Enterprise,2025-09-02,,360,299.0
S001614,C01614,Starter,2025-09-10,,12,9.0
S001615,C01615,Professional,2025-01-22,,63,19.0
S001616,C01616,Starter,2025-03-05,,20,9.0
S001617,C01617,Starter,2025-10-17,,10,9.0
S001618,C01618,Starter,2025-07-05,,5,9.0
S001619,C01619,Starter,2025-02-14,,10,9.0
S001620,C01620,Professional,2025-12-28,,26,19.0
S001621,C01621,Free,2025-04-07,2026-06-11,3,0.0
S001622,C01622,Starter,2025-01-02,,7,9.0
S001623,C01623,Starter,2025-12-04,,3,9.0
S001624,C01624,Professional,2025-01-07,,49,19.0
S001625,C01625,Starter,2025-07-21,,8,9.0
S001626,C01626,Starter,2025-12-29,,6,9.0
S001627,C01627,Starter,2025-07-30,2026-01-22,3,9.0
S001628,C01628,Professional,2025-08-02,2025-11-29,77,19.0
S001629,C01629,Enterprise,2025-05-22,,436,299.0
S001630,C01630,Starter,2025-02-16,,15,9.0
S001631,C01631,Starter,2025-07-29,,9,9.0
S001632,C01632,Starter,2025-11-24,,14,9.0
S001633,C01633,Professional,2025-02-03,,48,19.0
S001634,C01634,Starter,2025-11-18,,3,9.0
S001635,C01635,Free,2025-06-01,,5,0.0
S001636,C01636,Professional,2025-07-15,,43,19.0
S001637,C01637,Free,2025-03-02,,3,0.0
S001638,C01638,Free,2025-08-15,,5,0.0
S001639,C01639,Professional,2025-03-08,,60,19.0
S001640,C01640,Professional,2025-04-10,,45,19.0
S001641,C01641,Professional,2025-09-21,,70,19.0
S001642,C01642,Free,2025-01-19,,4,0.0
S001643,C01643,Starter,2025-06-13,,13,9.0
S001644,C01644,Starter,2025-08-06,,15,9.0
S001645,C01645,Professional,2025-02-18,,21,19.0
S001646,C01646,Professional,2025-04-18,,75,19.0
S001647,C01647,Starter,2025-05-06,,18,9.0
S001648,C01648,Starter,2025-08-31,,9,9.0
S001649,C01649,Starter,2025-12-23,,3,9.0
S001650,C01650,Professional,2025-11-02,,68,19.0
S001651,C01651,Starter,2025-03-11,,12,9.0
S001652,C01652,Professional,2025-01-07,2025-06-10,28,19.0
S001653,C01653,Professional,2025-01-19,,80,19.0
S001654,C01654,Free,2025-08-06,,3,0.0
S001655,C01655,Professional,2025-02-27,,24,19.0
S001656,C01656,Professional,2025-03-26,,53,19.0
S001657,C01657,Professional,2025-11-06,,64,19.0
S001658,C01658,Free,2025-11-15,,3,0.0
S001659,C01659,Free,2025-11-03,,4,0.0
S001660,C01660,Free,2025-04-03,,1,0.0
S001661,C01661,Starter,2025-08-15,,7,9.0
S001662,C01662,Starter,2025-08-11,2025-11-14,10,9.0
S001663,C01663,Professional,2025-03-09,2025-11-03,18,19.0
S001664,C01664,Starter,2025-07-22,,6,9.0
S001665,C01665,Starter,2025-07-11,,12,9.0
S001666,C01666,Enterprise,2025-05-25,,295,299.0
S001667,C01667,Professional,2025-10-02,,35,19.0
S001668,C01668,Starter,2025-09-05,,3,9.0
S001669,C01669,Enterprise,2025-07-14,,259,299.0
S001670,C01670,Starter,2025-09-22,2026-03-13,11,9.0
S001671,C01671,Professional,2025-10-06,,80,19.0
S001672,C01672,Starter,2025-07-26,2026-06-30,9,9.0
S001673,C01673,Professional,2025-04-08,,46,19.0
S001674,C01674,Professional,2025-10-04,,10,19.0
S001675,C01675,Professional,2025-09-19,,22,19.0
S001676,C01676,Starter,2025-12-25,,14,9.0
S001677,C01677,Enterprise,2025-02-24,,294,299.0
S001678,C01678,Starter,2025-06-03,,8,9.0
S001679,C01679,Professional,2025-12-04,,38,19.0
S001680,C01680,Free,2025-07-07,,3,0.0
S001681,C01681,Starter,2025-12-11,,10,9.0
S001682,C01682,Enterprise,2025-01-05,,455,299.0
S001683,C01683,Professional,2025-01-13,,25,19.0
S001684,C01684,Free,2025-10-18,2026-06-30,5,0.0
S001685,C01685,Professional,2025-05-11,,75,19.0
S001686,C01686,Free,2025-07-09,,3,0.0
S001687,C01687,Starter,2025-06-06,,6,9.0
S001688,C01688,Starter,2025-05-29,,11,9.0
S001689,C01689,Starter,2025-12-09,,19,9.0
S001690,C01690,Free,2025-02-04,,3,0.0
S001691,C01691,Professional,2025-10-09,,54,19.0
S001692,C01692,Professional,2025-11-21,,37,19.0
S001693,C01693,Starter,2025-08-28,,13,9.0
S001694,C01694,Professional,2025-05-25,,30,19.0
S001695,C01695,Starter,2025-02-28,,7,9.0
S001696,C01696,Enterprise,2025-09-07,,163,299.0
S001697,C01697,Professional,2025-06-21,,59,19.0
S001698,C01698,Enterprise,2025-02-24,,466,299.0
S001699,C01699,Professional,2025-05-12,,35,19.0
S001700,C01700,Professional,2025-12-17,,14,19.0
S001701,C01701,Free,2025-04-07,,3,0.0
S001702,C01702,Professional,2025-03-07,,34,19.0
S001703,C01703,Professional,2025-09-06,,54,19.0
S001704,C01704,Starter,2025-03-14,,5,9.0
S001705,C01705,Starter,2025-12-02,,17,9.0
S001706,C01706,Starter,2025-11-10,,4,9.0
S001707,C01707,Starter,2025-12-25,,9,9.0
S001708,C01708,Enterprise,2025-11-30,,169,299.0
S001709,C01709,Free,2025-03-30,2025-12-16,5,0.0
S001710,C01710,Free,2025-03-19,,3,0.0
S001711,C01711,Free,2025-05-06,,5,0.0
S001712,C01712,Professional,2025-06-21,,49,19.0
S001713,C01713,Professional,2025-11-18,,63,19.0
S001714,C01714,Professional,2025-09-25,,73,19.0
S001715,C01715,Starter,2025-08-24,2026-03-21,17,9.0
S001716,C01716,Enterprise,2025-11-17,,374,299.0
S001717,C01717,Starter,2025-08-24,,17,9.0
S001718,C01718,Free,2025-05-19,,5,0.0
S001719,C01719,Free,2025-05-31,2025-08-08,4,0.0
S001720,C01720,Starter,2025-07-08,2026-01-16,12,9.0
S001721,C01721,Professional,2025-02-02,,46,19.0
S001722,C01722,Professional,2025-09-28,,24,19.0
S001723,C01723,Free,2025-08-27,2026-03-10,3,0.0
S001724,C01724,Professional,2025-09-24,,70,19.0
S001725,C01725,Starter,2025-07-14,,18,9.0
S001726,C01726,Starter,2025-10-13,,11,9.0
S001727,C01727,Professional,2025-12-13,,44,19.0
S001728,C01728,Professional,2025-07-28,,64,19.0
S001729,C01729,Enterprise,2025-06-12,,492,299.0
S001730,C01730,Starter,2025-02-08,,3,9.0
S001731,C01731,Free,2025-10-12,,4,0.0
S001732,C01732,Enterprise,2025-11-26,,278,299.0
S001733,C01733,Starter,2025-09-13,2025-12-20,7,9.0
S001734,C01734,Professional,2025-11-12,,34,19.0
S001735,C01735,Free,2025-11-11,,5,0.0
S001736,C01736,Starter,2025-10-19,,8,9.0
S001737,C01737,Enterprise,2025-07-03,,301,299.0
S001738,C01738,Enterprise,2025-02-06,,370,299.0
S001739,C01739,Enterprise,2025-01-02,,205,299.0
S001740,C01740,Professional,2025-03-16,,68,19.0
S001741,C01741,Starter,2025-06-07,,4,9.0
S001742,C01742,Professional,2025-09-29,,71,19.0
S001743,C01743,Free,2025-06-16,,4,0.0
S001744,C01744,Professional,2025-01-09,,66,19.0
S001745,C01745,Professional,2025-03-18,,16,19.0
S001746,C01746,Professional,2025-12-24,,67,19.0
S001747,C01747,Starter,2025-12-27,,8,9.0
S001748,C01748,Starter,2025-05-18,,18,9.0
S001749,C01749,Professional,2025-10-21,,34,19.0
S001750,C01750,Enterprise,2025-09-20,,378,299.0
S001751,C01751,Starter,2025-12-06,,20,9.0
S001752,C01752,Free,2025-11-20,,4,0.0
S001753,C01753,Enterprise,2025-08-18,,132,299.0
S001754,C01754,Professional,2025-05-25,,25,19.0
S001755,C01755,Professional,2025-08-17,2026-03-09,19,19.0
S001756,C01756,Enterprise,2025-04-27,,483,299.0
S001757,C01757,Professional,2025-05-08,,32,19.0
S001758,C01758,Professional,2025-08-11,2026-01-22,45,19.0
S001759,C01759,Professional,2025-07-28,2026-06-30,50,19.0
S001760,C01760,Starter,2025-08-01,,7,9.0
S001761,C01761,Starter,2025-05-21,,9,9.0
S001762,C01762,Starter,2025-05-30,,11,9.0
S001763,C01763,Professional,2025-01-04,,11,19.0
S001764,C01764,Starter,2025-08-08,,17,9.0
S001765,C01765,Enterprise,2025-07-30,,462,299.0
S001766,C01766,Starter,2025-12-08,,15,9.0
S001767,C01767,Professional,2025-07-04,,40,19.0
S001768,C01768,Free,2025-06-20,,1,0.0
S001769,C01769,Starter,2025-01-25,,8,9.0
S001770,C01770,Starter,2025-03-13,,10,9.0
S001771,C01771,Professional,2025-05-04,,24,19.0
S001772,C01772,Free,2025-05-18,,4,0.0
S001773,C01773,Starter,2025-05-13,,11,9.0
S001774,C01774,Professional,2025-05-24,,59,19.0
S001775,C01775,Professional,2025-10-08,,46,19.0
S001776,C01776,Professional,2025-02-17,,23,19.0
S001777,C01777,Professional,2025-05-02,,56,19.0
S001778,C01778,Professional,2025-03-01,2026-02-11,62,19.0
S001779,C01779,Starter,2025-04-23,,10,9.0
S001780,C01780,Starter,2025-09-07,,15,9.0
S001781,C01781,Free,2025-01-18,,5,0.0
S001782,C01782,Free,2025-05-04,,2,0.0
S001783,C01783,Professional,2025-01-09,,73,19.0
S001784,C01784,Professional,2025-12-15,,31,19.0
S001785,C01785,Professional,2025-09-23,,13,19.0
S001786,C01786,Starter,2025-03-30,,10,9.0
S001787,C01787,Professional,2025-03-14,,68,19.0
S001788,C01788,Starter,2025-02-06,,15,9.0
S001789,C01789,Starter,2025-06-22,,8,9.0
S001790,C01790,Free,2025-10-03,2026-06-13,5,0.0
S001791,C01791,Professional,2025-08-02,,79,19.0
S001792,C01792,Professional,2025-11-18,,80,19.0
S001793,C01793,Professional,2025-05-06,,49,19.0
S001794,C01794,Professional,2025-04-12,,58,19.0
S001795,C01795,Professional,2025-06-24,,47,19.0
S001796,C01796,Starter,2025-03-15,,10,9.0
S001797,C01797,Professional,2025-12-23,,47,19.0
S001798,C01798,Free,2025-03-09,,1,0.0
S001799,C01799,Starter,2025-06-24,,5,9.0
S001800,C01800,Starter,2025-07-10,,13,9.0
S001801,C01801,Free,2025-01-21,2025-11-23,3,0.0
S001802,C01802,Professional,2025-06-20,,44,19.0
S001803,C01803,Free,2025-06-15,,5,0.0
S001804,C01804,Starter,2025-04-05,,15,9.0
S001805,C01805,Starter,2025-02-16,,4,9.0
S001806,C01806,Professional,2025-01-17,,78,19.0
S001807,C01807,Free,2025-01-04,,5,0.0
S001808,C01808,Professional,2025-06-25,,21,19.0
S001809,C01809,Starter,2025-02-02,,18,9.0
S001810,C01810,Starter,2025-12-17,,9,9.0
S001811,C01811,Free,2025-03-31,,2,0.0
S001812,C01812,Enterprise,2025-08-27,,331,299.0
S001813,C01813,Starter,2025-09-03,,19,9.0
S001814,C01814,Starter,2025-06-30,,9,9.0
S001815,C01815,Free,2025-11-19,2026-06-30,3,0.0
S001816,C01816,Starter,2025-02-10,2025-08-26,6,9.0
S001817,C01817,Starter,2025-03-27,,4,9.0
S001818,C01818,Free,2025-04-03,2025-12-07,3,0.0
S001819,C01819,Professional,2025-02-19,,26,19.0
S001820,C01820,Professional,2025-04-18,,12,19.0
S001821,C01821,Starter,2025-04-25,,3,9.0
S001822,C01822,Starter,2025-10-07,,9,9.0
S001823,C01823,Starter,2025-04-21,,7,9.0
S001824,C01824,Enterprise,2025-11-16,,490,299.0
S001825,C01825,Professional,2025-10-10,,43,19.0
S001826,C01826,Free,2025-11-26,,3,0.0
S001827,C01827,Professional,2025-02-08,,21,19.0
S001828,C01828,Starter,2025-12-26,,4,9.0
S001829,C01829,Free,2025-08-13,,2,0.0
S001830,C01830,Enterprise,2025-12-25,,434,299.0
S001831,C01831,Free,2025-05-10,,4,0.0
S001832,C01832,Starter,2025-12-14,2026-06-30,6,9.0
S001833,C01833,Professional,2025-08-03,,12,19.0
S001834,C01834,Professional,2025-01-27,,27,19.0
S001835,C01835,Free,2025-05-30,,2,0.0
S001836,C01836,Professional,2025-02-20,,78,19.0
S001837,C01837,Professional,2025-12-10,,22,19.0
S001838,C01838,Professional,2025-04-22,,65,19.0
S001839,C01839,Free,2025-03-23,2026-04-27,2,0.0
S001840,C01840,Free,2025-07-21,2025-10-12,2,0.0
S001841,C01841,Enterprise,2025-06-05,,183,299.0
S001842,C01842,Professional,2025-02-05,,55,19.0
S001843,C01843,Starter,2025-10-26,2026-06-30,15,9.0
S001844,C01844,Professional,2025-11-05,,44,19.0
S001845,C01845,Free,2025-09-29,,5,0.0
S001846,C01846,Enterprise,2025-08-14,,457,299.0
S001847,C01847,Professional,2025-05-27,,65,19.0
S001848,C01848,Professional,2025-07-17,2026-04-05,49,19.0
S001849,C01849,Professional,2025-07-10,,46,19.0
S001850,C01850,Professional,2025-03-02,,56,19.0
S001851,C01851,Starter,2025-01-30,,13,9.0
S001852,C01852,Free,2025-04-03,,1,0.0
S001853,C01853,Starter,2025-06-15,,14,9.0
S001854,C01854,Professional,2025-02-28,,27,19.0
S001855,C01855,Professional,2025-02-08,,62,19.0
S001856,C01856,Starter,2025-11-07,,3,9.0
S001857,C01857,Starter,2025-05-17,2026-05-05,3,9.0
S001858,C01858,Professional,2025-08-02,,51,19.0
S001859,C01859,Professional,2025-07-11,,65,19.0
S001860,C01860,Starter,2025-09-26,,13,9.0
S001861,C01861,Professional,2025-09-28,,22,19.0
S001862,C01862,Starter,2025-04-19,2025-11-14,8,9.0
S001863,C01863,Starter,2025-11-06,,10,9.0
S001864,C01864,Starter,2025-05-16,,7,9.0
S001865,C01865,Starter,2025-11-01,,20,9.0
S001866,C01866,Starter,2025-05-28,,11,9.0
S001867,C01867,Professional,2025-02-10,,73,19.0
S001868,C01868,Free,2025-10-05,,1,0.0
S001869,C01869,Starter,2025-01-12,2025-12-01,11,9.0
S001870,C01870,Starter,2025-10-09,,18,9.0
S001871,C01871,Starter,2025-01-16,,8,9.0
S001872,C01872,Professional,2025-03-17,,69,19.0
S001873,C01873,Professional,2025-08-09,,63,19.0
S001874,C01874,Professional,2025-12-10,,52,19.0
S001875,C01875,Starter,2025-05-30,,3,9.0
S001876,C01876,Free,2025-02-14,,5,0.0
S001877,C01877,Starter,2025-03-27,,11,9.0
S001878,C01878,Professional,2025-11-24,,53,19.0
S001879,C01879,Free,2025-09-23,,4,0.0
S001880,C01880,Professional,2025-02-06,,44,19.0
S001881,C01881,Enterprise,2025-05-21,,163,299.0
S001882,C01882,Professional,2025-04-07,,52,19.0
S001883,C01883,Starter,2025-03-06,,13,9.0
S001884,C01884,Professional,2025-11-05,,16,19.0
S001885,C01885,Starter,2025-08-14,,6,9.0
S001886,C01886,Enterprise,2025-03-07,,187,299.0
S001887,C01887,Starter,2025-08-26,2026-03-12,9,9.0
S001888,C01888,Professional,2025-05-31,,49,19.0
S001889,C01889,Free,2025-01-23,,4,0.0
S001890,C01890,Professional,2025-06-14,,17,19.0
S001891,C01891,Starter,2025-03-09,,18,9.0
S001892,C01892,Free,2025-03-31,,5,0.0
S001893,C01893,Starter,2025-11-17,,4,9.0
S001894,C01894,Free,2025-09-17,,1,0.0
S001895,C01895,Free,2025-02-18,,5,0.0
S001896,C01896,Professional,2025-11-07,,39,19.0
S001897,C01897,Free,2025-07-29,,3,0.0
S001898,C01898,Professional,2025-11-16,,44,19.0
S001899,C01899,Free,2025-09-30,,5,0.0
S001900,C01900,Professional,2025-05-04,,21,19.0
S001901,C01901,Enterprise,2025-07-15,,477,299.0
S001902,C01902,Starter,2025-07-13,,7,9.0
S001903,C01903,Enterprise,2025-09-20,,460,299.0
S001904,C01904,Professional,2025-04-01,,44,19.0
S001905,C01905,Professional,2025-05-02,,63,19.0
S001906,C01906,Free,2025-03-31,2025-11-27,1,0.0
S001907,C01907,Enterprise,2025-04-19,,246,299.0
S001908,C01908,Professional,2025-02-28,,23,19.0
S001909,C01909,Free,2025-01-14,,3,0.0
S001910,C01910,Free,2025-12-10,,1,0.0
S001911,C01911,Starter,2025-01-28,2025-11-14,9,9.0
S001912,C01912,Free,2025-11-21,2026-06-30,3,0.0
S001913,C01913,Starter,2025-01-02,,11,9.0
S001914,C01914,Enterprise,2025-10-11,2026-01-19,429,299.0
S001915,C01915,Professional,2025-04-30,,53,19.0
S001916,C01916,Starter,2025-07-08,,17,9.0
S001917,C01917,Starter,2025-04-14,,12,9.0
S001918,C01918,Professional,2025-06-29,,35,19.0
S001919,C01919,Enterprise,2025-06-14,,217,299.0
S001920,C01920,Professional,2025-07-13,,58,19.0
S001921,C01921,Professional,2025-05-24,,75,19.0
S001922,C01922,Professional,2025-07-15,,80,19.0
S001923,C01923,Starter,2025-10-29,,7,9.0
S001924,C01924,Free,2025-06-08,,3,0.0
S001925,C01925,Professional,2025-05-12,,54,19.0
S001926,C01926,Professional,2025-02-18,,74,19.0
S001927,C01927,Professional,2025-05-12,,31,19.0
S001928,C01928,Professional,2025-02-15,,65,19.0
S001929,C01929,Starter,2025-03-08,,18,9.0
S001930,C01930,Starter,2025-12-14,,6,9.0
S001931,C01931,Professional,2025-02-02,,32,19.0
S001932,C01932,Starter,2025-06-25,,10,9.0
S001933,C01933,Free,2025-11-01,2026-02-02,5,0.0
S001934,C01934,Professional,2025-12-14,,76,19.0
S001935,C01935,Starter,2025-02-23,,5,9.0
S001936,C01936,Professional,2025-03-01,2026-02-24,21,19.0
S001937,C01937,Professional,2025-05-16,2025-12-24,37,19.0
S001938,C01938,Professional,2025-07-22,,14,19.0
S001939,C01939,Enterprise,2025-12-17,,306,299.0
S001940,C01940,Starter,2025-03-17,,7,9.0
S001941,C01941,Enterprise,2025-03-02,,255,299.0
S001942,C01942,Professional,2025-04-03,,10,19.0
S001943,C01943,Professional,2025-11-16,,26,19.0
S001944,C01944,Professional,2025-01-11,,19,19.0
S001945,C01945,Free,2025-05-19,,2,0.0
S001946,C01946,Starter,2025-02-13,2025-10-10,10,9.0
S001947,C01947,Free,2025-02-27,2026-01-06,2,0.0
S001948,C01948,Professional,2025-12-01,,64,19.0
S001949,C01949,Free,2025-01-01,,3,0.0
S001950,C01950,Free,2025-04-28,,2,0.0
S001951,C01951,Enterprise,2025-12-01,,350,299.0
S001952,C01952,Enterprise,2025-08-10,,440,299.0
S001953,C01953,Professional,2025-01-27,2025-08-13,45,19.0
S001954,C01954,Starter,2025-06-19,2026-06-30,20,9.0
S001955,C01955,Professional,2025-12-21,2026-06-30,35,19.0
S001956,C01956,Enterprise,2025-05-27,,286,299.0
S001957,C01957,Free,2025-07-12,,3,0.0
S001958,C01958,Free,2025-07-14,,5,0.0
S001959,C01959,Enterprise,2025-08-30,,389,299.0
S001960,C01960,Free,2025-03-10,,3,0.0
S001961,C01961,Professional,2025-11-03,,35,19.0
S001962,C01962,Professional,2025-12-27,,14,19.0
S001963,C01963,Starter,2025-02-22,2026-06-15,19,9.0
S001964,C01964,Free,2025-10-26,2026-06-30,1,0.0
S001965,C01965,Professional,2025-10-26,,61,19.0
S001966,C01966,Professional,2025-09-28,2026-06-30,46,19.0
S001967,C01967,Enterprise,2025-05-16,,380,299.0
S001968,C01968,Starter,2025-06-21,,19,9.0
S001969,C01969,Enterprise,2025-11-03,,178,299.0
S001970,C01970,Free,2025-02-25,,1,0.0
S001971,C01971,Starter,2025-10-30,2026-06-30,9,9.0
S001972,C01972,Enterprise,2025-12-03,,329,299.0
S001973,C01973,Free,2025-09-06,,1,0.0
S001974,C01974,Starter,2025-05-05,2025-10-03,17,9.0
S001975,C01975,Free,2025-07-24,,4,0.0
S001976,C01976,Professional,2025-01-19,,79,19.0
S001977,C01977,Professional,2025-12-07,2026-06-30,30,19.0
S001978,C01978,Enterprise,2025-05-05,,464,299.0
S001979,C01979,Free,2025-01-21,,2,0.0
S001980,C01980,Starter,2025-10-17,2026-01-16,4,9.0
S001981,C01981,Starter,2025-08-29,,18,9.0
S001982,C01982,Enterprise,2025-08-16,,130,299.0
S001983,C01983,Professional,2025-01-20,,60,19.0
S001984,C01984,Starter,2025-10-02,,6,9.0
S001985,C01985,Starter,2025-08-21,,15,9.0
S001986,C01986,Starter,2025-10-17,2026-01-14,8,9.0
S001987,C01987,Professional,2025-10-29,,15,19.0
S001988,C01988,Professional,2025-03-19,,71,19.0
S001989,C01989,Professional,2025-03-18,2025-08-18,35,19.0
S001990,C01990,Starter,2025-12-04,,14,9.0
S001991,C01991,Free,2025-07-13,,1,0.0
S001992,C01992,Professional,2025-06-09,,76,19.0
S001993,C01993,Professional,2025-04-15,,54,19.0
S001994,C01994,Free,2025-08-22,,3,0.0
S001995,C01995,Professional,2025-10-03,,73,19.0
S001996,C01996,Professional,2025-01-01,,39,19.0
S001997,C01997,Professional,2025-07-21,,33,19.0
S001998,C01998,Professional,2025-12-29,,29,19.0
S001999,C01999,Professional,2025-04-13,,56,19.0
S002000,C02000,Starter,2025-04-13,,10,9.0
S002001,C02001,Free,2025-11-17,,3,0.0
S002002,C02002,Starter,2025-01-23,,17,9.0
S002003,C02003,Starter,2025-05-26,,14,9.0
S002004,C02004,Professional,2025-06-17,,59,19.0
S002005,C02005,Professional,2025-10-19,2026-01-26,53,19.0
S002006,C02006,Free,2025-02-17,,4,0.0
S002007,C02007,Enterprise,2025-06-08,,389,299.0
S002008,C02008,Enterprise,2025-02-25,,433,299.0
S002009,C02009,Free,2025-10-15,,4,0.0
S002010,C02010,Starter,2025-08-19,,3,9.0
S002011,C02011,Starter,2025-07-01,,19,9.0
S002012,C02012,Enterprise,2025-05-24,,195,299.0
S002013,C02013,Professional,2025-02-25,,61,19.0
S002014,C02014,Professional,2025-12-03,,56,19.0
S002015,C02015,Enterprise,2025-08-25,2026-06-30,364,299.0
S002016,C02016,Professional,2025-04-27,2026-03-15,41,19.0
S002017,C02017,Professional,2025-06-01,,42,19.0
S002018,C02018,Starter,2025-09-23,,5,9.0
S002019,C02019,Starter,2025-09-20,2025-12-11,7,9.0
S002020,C02020,Starter,2025-06-18,,4,9.0
S002021,C02021,Professional,2025-04-21,,74,19.0
S002022,C02022,Free,2025-08-29,,5,0.0
S002023,C02023,Starter,2025-08-29,,4,9.0
S002024,C02024,Professional,2025-08-07,,70,19.0
S002025,C02025,Free,2025-01-27,,4,0.0
S002026,C02026,Professional,2025-06-22,,32,19.0
S002027,C02027,Free,2025-08-13,2026-06-30,1,0.0
S002028,C02028,Free,2025-12-13,,4,0.0
S002029,C02029,Starter,2025-07-11,,3,9.0
S002030,C02030,Professional,2025-05-06,,20,19.0
S002031,C02031,Free,2025-07-22,,1,0.0
S002032,C02032,Starter,2025-03-06,,5,9.0
S002033,C02033,Professional,2025-02-03,,10,19.0
S002034,C02034,Starter,2025-09-05,,9,9.0
S002035,C02035,Starter,2025-12-26,,17,9.0
S002036,C02036,Starter,2025-11-05,,8,9.0
S002037,C02037,Enterprise,2025-08-02,,199,299.0
S002038,C02038,Professional,2025-01-15,,79,19.0
S002039,C02039,Free,2025-12-27,,3,0.0
S002040,C02040,Professional,2025-06-14,,11,19.0
S002041,C02041,Professional,2025-04-16,,51,19.0
S002042,C02042,Starter,2025-11-22,,12,9.0
S002043,C02043,Starter,2025-09-30,,10,9.0
S002044,C02044,Professional,2025-10-01,,70,19.0
S002045,C02045,Professional,2025-04-12,,58,19.0
S002046,C02046,Professional,2025-12-29,,11,19.0
S002047,C02047,Free,2025-06-15,,2,0.0
S002048,C02048,Professional,2025-07-13,2026-06-30,49,19.0
S002049,C02049,Starter,2025-10-02,,14,9.0
S002050,C02050,Starter,2025-08-29,,9,9.0
S002051,C02051,Enterprise,2025-03-04,,278,299.0
S002052,C02052,Enterprise,2025-04-21,2025-12-08,186,299.0
S002053,C02053,Enterprise,2025-05-12,,340,299.0
S002054,C02054,Professional,2025-12-12,,26,19.0
S002055,C02055,Professional,2025-09-18,,44,19.0
S002056,C02056,Starter,2025-05-14,,17,9.0
S002057,C02057,Enterprise,2025-09-26,,467,299.0
S002058,C02058,Starter,2025-09-27,,11,9.0
S002059,C02059,Starter,2025-05-24,2025-11-22,6,9.0
S002060,C02060,Free,2025-05-28,,1,0.0
S002061,C02061,Professional,2025-11-23,,69,19.0
S002062,C02062,Starter,2025-07-25,2026-06-08,10,9.0
S002063,C02063,Professional,2025-02-24,2026-04-06,23,19.0
S002064,C02064,Professional,2025-09-20,,67,19.0
S002065,C02065,Starter,2025-08-04,,11,9.0
S002066,C02066,Professional,2025-07-05,,58,19.0
S002067,C02067,Professional,2025-09-22,,14,19.0
S002068,C02068,Free,2025-11-28,,5,0.0
S002069,C02069,Free,2025-05-01,,2,0.0
S002070,C02070,Professional,2025-06-03,,64,19.0
S002071,C02071,Starter,2025-03-11,,8,9.0
S002072,C02072,Starter,2025-08-25,,6,9.0
S002073,C02073,Enterprise,2025-05-27,,264,299.0
S002074,C02074,Free,2025-05-05,,1,0.0
S002075,C02075,Starter,2025-09-12,,12,9.0
S002076,C02076,Starter,2025-05-29,,11,9.0
S002077,C02077,Starter,2025-06-19,,4,9.0
S002078,C02078,Starter,2025-06-10,,11,9.0
S002079,C02079,Starter,2025-04-05,,13,9.0
S002080,C02080,Professional,2025-02-15,,48,19.0
S002081,C02081,Professional,2025-10-29,,15,19.0
S002082,C02082,Starter,2025-02-03,,15,9.0
S002083,C02083,Professional,2025-04-29,,33,19.0
S002084,C02084,Free,2025-09-01,,2,0.0
S002085,C02085,Starter,2025-02-17,,18,9.0
S002086,C02086,Professional,2025-08-28,,80,19.0
S002087,C02087,Professional,2025-09-25,,18,19.0
S002088,C02088,Enterprise,2025-08-30,,298,299.0
S002089,C02089,Professional,2025-04-22,,28,19.0
S002090,C02090,Enterprise,2025-01-08,,386,299.0
S002091,C02091,Free,2025-11-20,,4,0.0
S002092,C02092,Free,2025-04-30,,3,0.0
S002093,C02093,Starter,2025-10-21,2026-06-30,16,9.0
S002094,C02094,Professional,2025-03-14,,58,19.0
S002095,C02095,Free,2025-03-01,,5,0.0
S002096,C02096,Starter,2025-10-12,2026-06-30,20,9.0
S002097,C02097,Enterprise,2025-12-10,2026-04-01,265,299.0
S002098,C02098,Professional,2025-11-11,,20,19.0
S002099,C02099,Starter,2025-10-02,,19,9.0
S002100,C02100,Free,2025-04-01,,3,0.0
S002101,C02101,Professional,2025-11-30,,73,19.0
S002102,C02102,Enterprise,2025-09-01,,379,299.0
S002103,C02103,Professional,2025-03-04,,47,19.0
S002104,C02104,Free,2025-02-17,,5,0.0
S002105,C02105,Starter,2025-11-14,,16,9.0
S002106,C02106,Starter,2025-04-11,2026-06-30,14,9.0
S002107,C02107,Enterprise,2025-10-07,,307,299.0
S002108,C02108,Professional,2025-02-20,,26,19.0
S002109,C02109,Professional,2025-04-13,,25,19.0
S002110,C02110,Starter,2025-04-14,,14,9.0
S002111,C02111,Free,2025-04-13,,2,0.0
S002112,C02112,Professional,2025-09-04,,54,19.0
S002113,C02113,Professional,2025-11-30,2026-06-30,60,19.0
S002114,C02114,Free,2025-11-29,,1,0.0
S002115,C02115,Professional,2025-09-28,2026-06-30,16,19.0
S002116,C02116,Free,2025-03-15,,4,0.0
S002117,C02117,Professional,2025-12-17,,79,19.0
S002118,C02118,Professional,2025-07-17,,47,19.0
S002119,C02119,Free,2025-07-19,2026-01-24,4,0.0
S002120,C02120,Professional,2025-09-14,,30,19.0
S002121,C02121,Starter,2025-10-08,,6,9.0
S002122,C02122,Starter,2025-12-14,,7,9.0
S002123,C02123,Enterprise,2025-08-01,2025-11-23,477,299.0
S002124,C02124,Enterprise,2025-08-11,,407,299.0
S002125,C02125,Starter,2025-09-30,,9,9.0
S002126,C02126,Professional,2025-04-04,,14,19.0
S002127,C02127,Starter,2025-04-23,,18,9.0
S002128,C02128,Professional,2025-08-17,,30,19.0
S002129,C02129,Starter,2025-01-24,,7,9.0
S002130,C02130,Starter,2025-04-27,2026-05-27,15,9.0
S002131,C02131,Free,2025-09-20,,1,0.0
S002132,C02132,Enterprise,2025-12-23,,183,299.0
S002133,C02133,Enterprise,2025-07-09,,300,299.0
S002134,C02134,Starter,2025-05-26,,5,9.0
S002135,C02135,Professional,2025-06-10,,74,19.0
S002136,C02136,Starter,2025-09-08,2026-06-30,20,9.0
S002137,C02137,Free,2025-07-18,,5,0.0
S002138,C02138,Free,2025-01-09,,3,0.0
S002139,C02139,Professional,2025-07-16,,48,19.0
S002140,C02140,Starter,2025-05-27,,7,9.0
S002141,C02141,Starter,2025-09-13,,5,9.0
S002142,C02142,Enterprise,2025-11-16,2026-06-30,161,299.0
S002143,C02143,Free,2025-12-18,,1,0.0
S002144,C02144,Professional,2025-08-11,,10,19.0
S002145,C02145,Enterprise,2025-05-13,,397,299.0
S002146,C02146,Professional,2025-06-12,,63,19.0
S002147,C02147,Starter,2025-03-06,,16,9.0
S002148,C02148,Starter,2025-12-08,,9,9.0
S002149,C02149,Professional,2025-11-06,,17,19.0
S002150,C02150,Free,2025-11-08,,1,0.0
S002151,C02151,Professional,2025-04-30,,68,19.0
S002152,C02152,Starter,2025-04-28,,19,9.0
S002153,C02153,Professional,2025-11-09,,14,19.0
S002154,C02154,Starter,2025-07-18,,15,9.0
S002155,C02155,Starter,2025-09-15,2026-06-30,19,9.0
S002156,C02156,Professional,2025-06-28,,67,19.0
S002157,C02157,Free,2025-06-11,,2,0.0
S002158,C02158,Professional,2025-08-19,,56,19.0
S002159,C02159,Enterprise,2025-10-24,,428,299.0
S002160,C02160,Professional,2025-05-02,2025-10-24,75,19.0
S002161,C02161,Free,2025-10-23,,4,0.0
S002162,C02162,Enterprise,2025-03-31,,238,299.0
S002163,C02163,Free,2025-05-28,,4,0.0
S002164,C02164,Starter,2025-11-30,,5,9.0
S002165,C02165,Free,2025-12-15,,1,0.0
S002166,C02166,Professional,2025-12-04,,10,19.0
S002167,C02167,Starter,2025-04-26,2025-11-21,12,9.0
S002168,C02168,Starter,2025-11-04,2026-06-30,3,9.0
S002169,C02169,Starter,2025-12-08,,5,9.0
S002170,C02170,Starter,2025-12-24,,18,9.0
S002171,C02171,Professional,2025-01-08,2025-05-21,39,19.0
S002172,C02172,Starter,2025-09-29,2026-06-24,14,9.0
S002173,C02173,Professional,2025-12-30,,41,19.0
S002174,C02174,Free,2025-10-07,,1,0.0
S002175,C02175,Enterprise,2025-03-27,,338,299.0
S002176,C02176,Starter,2025-10-06,2026-05-15,4,9.0
S002177,C02177,Starter,2025-02-08,,15,9.0
S002178,C02178,Starter,2025-06-25,,15,9.0
S002179,C02179,Enterprise,2025-08-17,,386,299.0
S002180,C02180,Professional,2025-06-16,,37,19.0
S002181,C02181,Free,2025-09-13,,3,0.0
S002182,C02182,Free,2025-03-29,,4,0.0
S002183,C02183,Starter,2025-08-10,,10,9.0
S002184,C02184,Free,2025-08-24,,5,0.0
S002185,C02185,Professional,2025-08-20,,56,19.0
S002186,C02186,Starter,2025-04-16,2026-01-22,16,9.0
S002187,C02187,Starter,2025-04-22,,14,9.0
S002188,C02188,Professional,2025-04-05,,22,19.0
S002189,C02189,Starter,2025-06-18,,11,9.0
S002190,C02190,Free,2025-08-02,,4,0.0
S002191,C02191,Starter,2025-05-13,,12,9.0
S002192,C02192,Professional,2025-05-30,,52,19.0
S002193,C02193,Professional,2025-04-15,,74,19.0
S002194,C02194,Professional,2025-03-21,,70,19.0
S002195,C02195,Professional,2025-08-28,2026-05-08,25,19.0
S002196,C02196,Free,2025-10-25,,2,0.0
S002197,C02197,Free,2025-04-17,,1,0.0
S002198,C02198,Free,2025-11-11,,4,0.0
S002199,C02199,Free,2025-07-28,,3,0.0
S002200,C02200,Professional,2025-03-03,,52,19.0
S002201,C02201,Free,2025-05-14,2025-07-20,5,0.0
S002202,C02202,Starter,2025-01-03,,11,9.0
S002203,C02203,Starter,2025-01-15,,14,9.0
S002204,C02204,Professional,2025-05-03,2026-06-30,30,19.0
S002205,C02205,Professional,2025-06-15,,68,19.0
S002206,C02206,Professional,2025-10-19,,11,19.0
S002207,C02207,Starter,2025-02-19,,13,9.0
S002208,C02208,Enterprise,2025-11-03,,423,299.0
S002209,C02209,Professional,2025-03-27,,60,19.0
S002210,C02210,Professional,2025-02-20,,17,19.0
S002211,C02211,Professional,2025-09-13,,70,19.0
S002212,C02212,Starter,2025-10-10,,9,9.0
S002213,C02213,Professional,2025-08-09,,46,19.0
S002214,C02214,Enterprise,2025-02-12,2025-09-05,298,299.0
S002215,C02215,Starter,2025-02-12,,9,9.0
S002216,C02216,Starter,2025-05-23,,8,9.0
S002217,C02217,Starter,2025-06-14,2026-06-30,19,9.0
S002218,C02218,Enterprise,2025-12-31,,365,299.0
S002219,C02219,Professional,2025-04-15,,80,19.0
S002220,C02220,Enterprise,2025-03-12,,231,299.0
S002221,C02221,Professional,2025-12-12,,31,19.0
S002222,C02222,Starter,2025-02-26,,12,9.0
S002223,C02223,Professional,2025-01-10,,53,19.0
S002224,C02224,Free,2025-06-04,,1,0.0
S002225,C02225,Starter,2025-05-27,2025-11-10,9,9.0
S002226,C02226,Starter,2025-08-15,,10,9.0
S002227,C02227,Professional,2025-11-17,,16,19.0
S002228,C02228,Starter,2025-12-07,,13,9.0
S002229,C02229,Starter,2025-04-16,,5,9.0
S002230,C02230,Professional,2025-12-24,,71,19.0
S002231,C02231,Free,2025-08-19,,3,0.0
S002232,C02232,Enterprise,2025-01-26,,172,299.0
S002233,C02233,Starter,2025-12-09,,12,9.0
S002234,C02234,Professional,2025-02-20,2025-05-19,34,19.0
S002235,C02235,Free,2025-08-03,2026-06-30,3,0.0
S002236,C02236,Free,2025-10-16,,2,0.0
S002237,C02237,Professional,2025-04-02,,40,19.0
S002238,C02238,Enterprise,2025-04-09,,161,299.0
S002239,C02239,Starter,2025-06-23,,8,9.0
S002240,C02240,Free,2025-11-19,,2,0.0
S002241,C02241,Professional,2025-03-23,,65,19.0
S002242,C02242,Enterprise,2025-08-31,,464,299.0
S002243,C02243,Professional,2025-06-15,,72,19.0
S002244,C02244,Free,2025-02-10,,2,0.0
S002245,C02245,Starter,2025-09-17,,9,9.0
S002246,C02246,Enterprise,2025-10-31,,209,299.0
S002247,C02247,Free,2025-07-30,,3,0.0
S002248,C02248,Free,2025-03-06,2026-03-10,5,0.0
S002249,C02249,Professional,2025-02-26,2026-06-14,27,19.0
S002250,C02250,Professional,2025-06-04,,60,19.0
S002251,C02251,Starter,2025-07-04,,7,9.0
S002252,C02252,Professional,2025-07-21,,36,19.0
S002253,C02253,Enterprise,2025-03-30,,309,299.0
S002254,C02254,Professional,2025-07-02,,63,19.0
S002255,C02255,Free,2025-04-18,,5,0.0
S002256,C02256,Professional,2025-09-08,,55,19.0
S002257,C02257,Professional,2025-10-18,,53,19.0
S002258,C02258,Starter,2025-08-27,,18,9.0
S002259,C02259,Free,2025-01-01,,4,0.0
S002260,C02260,Enterprise,2025-12-29,,144,299.0
S002261,C02261,Free,2025-01-09,2025-07-30,1,0.0
S002262,C02262,Free,2025-12-31,2026-04-21,3,0.0
S002263,C02263,Professional,2025-01-12,,10,19.0
S002264,C02264,Professional,2025-07-08,2026-06-30,59,19.0
S002265,C02265,Starter,2025-02-08,,17,9.0
S002266,C02266,Professional,2025-02-04,2026-02-09,80,19.0
S002267,C02267,Professional,2025-09-07,,11,19.0
S002268,C02268,Professional,2025-09-23,,52,19.0
S002269,C02269,Professional,2025-02-13,,76,19.0
S002270,C02270,Free,2025-12-23,,1,0.0
S002271,C02271,Professional,2025-04-27,2026-06-30,65,19.0
S002272,C02272,Professional,2025-04-27,,78,19.0
S002273,C02273,Starter,2025-04-19,,4,9.0
S002274,C02274,Free,2025-06-18,2026-04-17,3,0.0
S002275,C02275,Professional,2025-03-06,,15,19.0
S002276,C02276,Free,2025-06-05,,3,0.0
S002277,C02277,Professional,2025-03-18,,70,19.0
S002278,C02278,Free,2025-01-19,,2,0.0
S002279,C02279,Professional,2025-05-15,,66,19.0
S002280,C02280,Free,2025-09-03,,5,0.0
S002281,C02281,Professional,2025-10-06,,10,19.0
S002282,C02282,Professional,2025-05-09,,47,19.0
S002283,C02283,Starter,2025-04-29,,7,9.0
S002284,C02284,Enterprise,2025-10-15,,490,299.0
S002285,C02285,Starter,2025-09-06,,15,9.0
S002286,C02286,Professional,2025-10-31,,46,19.0
S002287,C02287,Starter,2025-11-27,2026-06-30,14,9.0
S002288,C02288,Professional,2025-10-27,,22,19.0
S002289,C02289,Professional,2025-12-08,,45,19.0
S002290,C02290,Starter,2025-06-02,2026-06-30,16,9.0
S002291,C02291,Enterprise,2025-05-25,,478,299.0
S002292,C02292,Free,2025-04-28,,1,0.0
S002293,C02293,Professional,2025-03-27,,74,19.0
S002294,C02294,Starter,2025-10-01,,8,9.0
S002295,C02295,Free,2025-09-18,,5,0.0
S002296,C02296,Professional,2025-10-20,,76,19.0
S002297,C02297,Free,2025-03-03,,4,0.0
S002298,C02298,Professional,2025-06-29,,79,19.0
S002299,C02299,Professional,2025-03-23,,49,19.0
S002300,C02300,Professional,2025-11-22,,65,19.0
S002301,C02301,Starter,2025-04-08,,19,9.0
S002302,C02302,Enterprise,2025-02-22,,182,299.0
S002303,C02303,Professional,2025-07-28,2025-11-06,60,19.0
S002304,C02304,Professional,2025-11-17,,62,19.0
S002305,C02305,Starter,2025-12-01,,11,9.0
S002306,C02306,Starter,2025-02-05,2026-05-18,13,9.0
S002307,C02307,Starter,2025-04-29,,14,9.0
S002308,C02308,Professional,2025-02-26,2025-09-11,41,19.0
S002309,C02309,Starter,2025-04-23,,13,9.0
S002310,C02310,Starter,2025-07-14,,11,9.0
S002311,C02311,Starter,2025-04-13,,11,9.0
S002312,C02312,Starter,2025-01-25,,11,9.0
S002313,C02313,Professional,2025-07-06,2025-11-25,42,19.0
S002314,C02314,Professional,2025-01-20,,32,19.0
S002315,C02315,Enterprise,2025-03-24,,142,299.0
S002316,C02316,Free,2025-01-01,,3,0.0
S002317,C02317,Free,2025-02-01,2026-02-01,3,0.0
S002318,C02318,Starter,2025-06-09,,3,9.0
S002319,C02319,Professional,2025-11-07,2026-06-30,47,19.0
S002320,C02320,Enterprise,2025-10-10,2026-04-05,440,299.0
S002321,C02321,Free,2025-02-06,,2,0.0
S002322,C02322,Starter,2025-01-13,,19,9.0
S002323,C02323,Enterprise,2025-05-04,,316,299.0
S002324,C02324,Professional,2025-08-27,,37,19.0
S002325,C02325,Starter,2025-09-30,,18,9.0
S002326,C02326,Starter,2025-10-28,2026-06-30,20,9.0
S002327,C02327,Free,2025-05-05,,5,0.0
S002328,C02328,Free,2025-03-03,,4,0.0
S002329,C02329,Professional,2025-01-10,,54,19.0
S002330,C02330,Professional,2025-02-23,2026-06-14,70,19.0
S002331,C02331,Starter,2025-01-24,,18,9.0
S002332,C02332,Professional,2025-11-11,,73,19.0
S002333,C02333,Free,2025-04-08,,5,0.0
S002334,C02334,Free,2025-10-28,2026-03-19,2,0.0
S002335,C02335,Free,2025-07-21,,5,0.0
S002336,C02336,Free,2025-07-16,,5,0.0
S002337,C02337,Enterprise,2025-06-15,,447,299.0
S002338,C02338,Starter,2025-10-27,,5,9.0
S002339,C02339,Free,2025-01-16,,1,0.0
S002340,C02340,Professional,2025-02-03,,79,19.0
S002341,C02341,Starter,2025-06-04,,14,9.0
S002342,C02342,Starter,2025-05-24,2026-06-30,13,9.0
S002343,C02343,Starter,2025-07-19,,15,9.0
S002344,C02344,Free,2025-09-27,,4,0.0
S002345,C02345,Free,2025-08-03,,1,0.0
S002346,C02346,Professional,2025-04-04,,31,19.0
S002347,C02347,Starter,2025-04-30,,12,9.0
S002348,C02348,Free,2025-10-02,,1,0.0
S002349,C02349,Professional,2025-03-15,,72,19.0
S002350,C02350,Free,2025-07-04,,1,0.0
S002351,C02351,Starter,2025-07-16,,10,9.0
S002352,C02352,Free,2025-10-01,,1,0.0
S002353,C02353,Free,2025-09-18,,1,0.0
S002354,C02354,Professional,2025-06-19,,41,19.0
S002355,C02355,Free,2025-04-23,,4,0.0
S002356,C02356,Free,2025-05-15,,2,0.0
S002357,C02357,Starter,2025-05-31,,11,9.0
S002358,C02358,Professional,2025-03-22,,77,19.0
S002359,C02359,Starter,2025-08-17,,9,9.0
S002360,C02360,Free,2025-03-18,2026-06-30,5,0.0
S002361,C02361,Starter,2025-08-25,2026-06-30,20,9.0
S002362,C02362,Starter,2025-10-02,,12,9.0
S002363,C02363,Starter,2025-12-18,2026-05-17,14,9.0
S002364,C02364,Starter,2025-02-13,,18,9.0
S002365,C02365,Starter,2025-10-05,,15,9.0
S002366,C02366,Enterprise,2025-02-01,,334,299.0
S002367,C02367,Professional,2025-05-04,,72,19.0
S002368,C02368,Starter,2025-03-06,,19,9.0
S002369,C02369,Professional,2025-03-01,,31,19.0
S002370,C02370,Starter,2025-03-06,,16,9.0
S002371,C02371,Professional,2025-01-17,2025-10-07,28,19.0
S002372,C02372,Professional,2025-10-28,,62,19.0
S002373,C02373,Professional,2025-01-23,,16,19.0
S002374,C02374,Starter,2025-05-26,,7,9.0
S002375,C02375,Professional,2025-09-13,,66,19.0
S002376,C02376,Professional,2025-12-28,,66,19.0
S002377,C02377,Professional,2025-11-08,2026-06-30,43,19.0
S002378,C02378,Professional,2025-02-20,,64,19.0
S002379,C02379,Free,2025-12-27,,3,0.0
S002380,C02380,Starter,2025-08-27,,4,9.0
S002381,C02381,Free,2025-03-07,2026-05-02,5,0.0
S002382,C02382,Free,2025-06-13,2025-09-26,1,0.0
S002383,C02383,Starter,2025-12-02,2026-06-30,17,9.0
S002384,C02384,Starter,2025-05-24,,18,9.0
S002385,C02385,Free,2025-03-09,,1,0.0
S002386,C02386,Free,2025-11-16,,5,0.0
S002387,C02387,Starter,2025-12-14,,14,9.0
S002388,C02388,Enterprise,2025-12-23,,342,299.0
S002389,C02389,Starter,2025-12-15,,8,9.0
S002390,C02390,Professional,2025-11-15,,22,19.0
S002391,C02391,Starter,2025-06-15,,3,9.0
S002392,C02392,Free,2025-03-12,2026-06-30,3,0.0
S002393,C02393,Free,2025-08-14,,4,0.0
S002394,C02394,Starter,2025-03-22,,3,9.0
S002395,C02395,Enterprise,2025-06-22,2026-06-30,189,299.0
S002396,C02396,Starter,2025-08-28,2026-02-23,17,9.0
S002397,C02397,Starter,2025-12-12,,10,9.0
S002398,C02398,Professional,2025-04-16,,17,19.0
S002399,C02399,Professional,2025-04-02,2026-04-06,79,19.0
S002400,C02400,Professional,2025-09-26,,33,19.0
S002401,C02401,Starter,2025-01-03,,6,9.0
S002402,C02402,Enterprise,2025-07-26,,325,299.0
S002403,C02403,Starter,2025-09-30,2026-05-31,4,9.0
S002404,C02404,Starter,2025-07-21,,15,9.0
S002405,C02405,Professional,2025-05-21,,55,19.0
S002406,C02406,Enterprise,2025-10-30,,463,299.0
S002407,C02407,Enterprise,2025-05-16,,217,299.0
S002408,C02408,Starter,2025-09-17,,10,9.0
S002409,C02409,Professional,2025-06-19,,57,19.0
S002410,C02410,Free,2025-01-10,,1,0.0
S002411,C02411,Professional,2025-07-13,2025-12-04,35,19.0
S002412,C02412,Professional,2025-01-19,,17,19.0
S002413,C02413,Starter,2025-12-06,,15,9.0
S002414,C02414,Starter,2025-08-08,2026-06-10,14,9.0
S002415,C02415,Professional,2025-05-16,,16,19.0
S002416,C02416,Starter,2025-06-27,,5,9.0
S002417,C02417,Enterprise,2025-08-15,,260,299.0
S002418,C02418,Professional,2025-04-05,,56,19.0
S002419,C02419,Professional,2025-04-16,,66,19.0
S002420,C02420,Starter,2025-06-02,,11,9.0
S002421,C02421,Professional,2025-04-05,,67,19.0
S002422,C02422,Professional,2025-10-04,,39,19.0
S002423,C02423,Starter,2025-02-07,,13,9.0
S002424,C02424,Free,2025-10-29,,2,0.0
S002425,C02425,Professional,2025-05-08,,55,19.0
S002426,C02426,Starter,2025-07-24,,19,9.0
S002427,C02427,Free,2025-02-27,,2,0.0
S002428,C02428,Free,2025-05-21,2026-05-25,4,0.0
S002429,C02429,Starter,2025-10-03,,11,9.0
S002430,C02430,Starter,2025-04-09,,12,9.0
S002431,C02431,Free,2025-02-18,,3,0.0
S002432,C02432,Professional,2025-07-10,,40,19.0
S002433,C02433,Professional,2025-03-01,,57,19.0
S002434,C02434,Professional,2025-04-25,,35,19.0
S002435,C02435,Starter,2025-06-14,2025-09-20,5,9.0
S002436,C02436,Starter,2025-07-25,,10,9.0
S002437,C02437,Starter,2025-08-22,,10,9.0
S002438,C02438,Professional,2025-09-04,,70,19.0
S002439,C02439,Professional,2025-11-05,,55,19.0
S002440,C02440,Professional,2025-01-25,,39,19.0
S002441,C02441,Starter,2025-05-13,,18,9.0
S002442,C02442,Free,2025-01-01,,1,0.0
S002443,C02443,Professional,2025-01-04,,58,19.0
S002444,C02444,Enterprise,2025-03-19,,470,299.0
S002445,C02445,Enterprise,2025-08-07,,378,299.0
S002446,C02446,Enterprise,2025-11-23,,337,299.0
S002447,C02447,Starter,2025-10-10,2026-05-18,12,9.0
S002448,C02448,Professional,2025-08-24,,21,19.0
S002449,C02449,Free,2025-10-12,,1,0.0
S002450,C02450,Free,2025-03-04,,1,0.0
S002451,C02451,Professional,2025-11-03,2026-06-30,76,19.0
S002452,C02452,Free,2025-11-21,2026-06-30,2,0.0
S002453,C02453,Starter,2025-02-04,,20,9.0
S002454,C02454,Free,2025-06-21,,4,0.0
S002455,C02455,Free,2025-10-30,,4,0.0
S002456,C02456,Starter,2025-06-23,,19,9.0
S002457,C02457,Professional,2025-11-03,,46,19.0
S002458,C02458,Starter,2025-12-08,,3,9.0
S002459,C02459,Professional,2025-06-23,,68,19.0
S002460,C02460,Professional,2025-01-22,,35,19.0
S002461,C02461,Free,2025-05-05,,1,0.0
S002462,C02462,Professional,2025-03-20,,28,19.0
S002463,C02463,Free,2025-06-23,2026-06-30,5,0.0
S002464,C02464,Professional,2025-08-02,,39,19.0
S002465,C02465,Enterprise,2025-06-19,,331,299.0
S002466,C02466,Enterprise,2025-03-13,,417,299.0
S002467,C02467,Professional,2025-04-20,,51,19.0
S002468,C02468,Professional,2025-09-06,,21,19.0
S002469,C02469,Free,2025-01-10,,1,0.0
S002470,C02470,Enterprise,2025-03-20,,474,299.0
S002471,C02471,Free,2025-11-22,2026-06-30,2,0.0
S002472,C02472,Professional,2025-02-06,,28,19.0
S002473,C02473,Starter,2025-06-01,,3,9.0
S002474,C02474,Professional,2025-03-17,,63,19.0
S002475,C02475,Professional,2025-02-08,,45,19.0
S002476,C02476,Starter,2025-06-04,,14,9.0
S002477,C02477,Free,2025-07-10,,1,0.0
S002478,C02478,Professional,2025-03-06,,48,19.0
S002479,C02479,Enterprise,2025-01-29,,321,299.0
S002480,C02480,Free,2025-02-19,,5,0.0
S002481,C02481,Professional,2025-08-26,,60,19.0
S002482,C02482,Starter,2025-11-11,2026-06-30,13,9.0
S002483,C02483,Starter,2025-03-07,2026-03-20,15,9.0
S002484,C02484,Free,2025-04-27,,4,0.0
S002485,C02485,Professional,2025-05-06,2025-12-14,25,19.0
S002486,C02486,Free,2025-05-12,,3,0.0
S002487,C02487,Professional,2025-03-31,,76,19.0
S002488,C02488,Starter,2025-01-21,,15,9.0
S002489,C02489,Professional,2025-07-11,,69,19.0
S002490,C02490,Starter,2025-05-11,,3,9.0
S002491,C02491,Professional,2025-05-05,2025-12-30,69,19.0
S002492,C02492,Free,2025-04-07,,4,0.0
S002493,C02493,Starter,2025-12-06,,6,9.0
S002494,C02494,Starter,2025-08-11,,19,9.0
S002495,C02495,Professional,2025-06-02,,72,19.0
S002496,C02496,Professional,2025-03-16,,56,19.0
S002497,C02497,Free,2025-10-20,,5,0.0
S002498,C02498,Free,2025-11-21,,5,0.0
S002499,C02499,Starter,2025-01-12,,10,9.0
S002500,C02500,Free,2025-12-06,,5,0.0
S002501,C02501,Starter,2025-09-13,,11,9.0
S002502,C02502,Free,2025-02-06,,1,0.0
S002503,C02503,Starter,2025-10-02,,5,9.0
S002504,C02504,Free,2025-02-09,2026-01-03,4,0.0
S002505,C02505,Starter,2025-01-19,,5,9.0
S002506,C02506,Professional,2025-02-12,2026-05-09,73,19.0
S002507,C02507,Professional,2025-06-17,,75,19.0
S002508,C02508,Professional,2025-08-15,,12,19.0
S002509,C02509,Free,2025-05-29,,1,0.0
S002510,C02510,Starter,2025-02-14,,6,9.0
S002511,C02511,Starter,2025-03-14,,15,9.0
S002512,C02512,Professional,2025-11-08,,27,19.0
S002513,C02513,Enterprise,2025-12-18,,368,299.0
S002514,C02514,Professional,2025-10-03,,72,19.0
S002515,C02515,Enterprise,2025-02-07,,364,299.0
S002516,C02516,Starter,2025-10-27,,20,9.0
S002517,C02517,Starter,2025-09-10,,11,9.0
S002518,C02518,Free,2025-07-12,,5,0.0
S002519,C02519,Free,2025-02-22,,4,0.0
S002520,C02520,Free,2025-12-30,2026-06-30,3,0.0
S002521,C02521,Enterprise,2025-06-11,,214,299.0
S002522,C02522,Starter,2025-01-17,,15,9.0
S002523,C02523,Enterprise,2025-03-18,,411,299.0
S002524,C02524,Professional,2025-05-27,,17,19.0
S002525,C02525,Professional,2025-01-23,,32,19.0
S002526,C02526,Enterprise,2025-04-29,2025-12-31,492,299.0
S002527,C02527,Starter,2025-06-20,,5,9.0
S002528,C02528,Professional,2025-12-13,,77,19.0
S002529,C02529,Professional,2025-02-01,,19,19.0
S002530,C02530,Professional,2025-07-30,,52,19.0
S002531,C02531,Professional,2025-12-01,2026-06-30,32,19.0
S002532,C02532,Enterprise,2025-10-22,,157,299.0
S002533,C02533,Enterprise,2025-12-04,,189,299.0
S002534,C02534,Free,2025-03-04,,5,0.0
S002535,C02535,Free,2025-10-20,,2,0.0
S002536,C02536,Starter,2025-12-24,,19,9.0
S002537,C02537,Professional,2025-04-30,,55,19.0
S002538,C02538,Free,2025-07-02,,5,0.0
S002539,C02539,Professional,2025-07-13,,42,19.0
S002540,C02540,Starter,2025-06-30,,12,9.0
S002541,C02541,Enterprise,2025-04-16,,132,299.0
S002542,C02542,Professional,2025-12-21,,34,19.0
S002543,C02543,Starter,2025-12-16,,13,9.0
S002544,C02544,Starter,2025-05-19,2025-12-24,9,9.0
S002545,C02545,Professional,2025-10-21,2026-06-08,22,19.0
S002546,C02546,Starter,2025-05-26,,11,9.0
S002547,C02547,Professional,2025-10-18,,79,19.0
S002548,C02548,Enterprise,2025-08-02,,465,299.0
S002549,C02549,Professional,2025-06-21,,36,19.0
S002550,C02550,Enterprise,2025-02-16,,151,299.0
S002551,C02551,Starter,2025-08-27,,3,9.0
S002552,C02552,Professional,2025-04-28,,56,19.0
S002553,C02553,Enterprise,2025-03-21,,376,299.0
S002554,C02554,Professional,2025-03-12,,74,19.0
S002555,C02555,Enterprise,2025-12-25,,332,299.0
S002556,C02556,Professional,2025-02-07,,29,19.0
S002557,C02557,Free,2025-10-19,,1,0.0
S002558,C02558,Starter,2025-11-13,,12,9.0
S002559,C02559,Professional,2025-01-12,,30,19.0
S002560,C02560,Professional,2025-08-04,,66,19.0
S002561,C02561,Professional,2025-07-30,2026-06-30,55,19.0
S002562,C02562,Starter,2025-05-11,,12,9.0
S002563,C02563,Professional,2025-09-01,,62,19.0
S002564,C02564,Professional,2025-05-30,,47,19.0
S002565,C02565,Starter,2025-06-10,,14,9.0
S002566,C02566,Professional,2025-06-07,,64,19.0
S002567,C02567,Enterprise,2025-10-20,,128,299.0
S002568,C02568,Professional,2025-08-20,,21,19.0
S002569,C02569,Free,2025-05-19,,3,0.0
S002570,C02570,Starter,2025-12-05,,15,9.0
S002571,C02571,Free,2025-10-20,2026-06-30,3,0.0
S002572,C02572,Professional,2025-12-07,,74,19.0
S002573,C02573,Enterprise,2025-09-24,,492,299.0
S002574,C02574,Professional,2025-05-23,2026-03-20,17,19.0
S002575,C02575,Professional,2025-10-10,,57,19.0
S002576,C02576,Professional,2025-05-01,,14,19.0
S002577,C02577,Starter,2025-04-09,,17,9.0
S002578,C02578,Starter,2025-06-14,,4,9.0
S002579,C02579,Starter,2025-12-20,,4,9.0
S002580,C02580,Starter,2025-07-27,,16,9.0
S002581,C02581,Free,2025-05-21,,2,0.0
S002582,C02582,Professional,2025-06-18,,37,19.0
S002583,C02583,Free,2025-04-17,,3,0.0
S002584,C02584,Starter,2025-08-29,2026-06-30,11,9.0
S002585,C02585,Starter,2025-05-08,2026-04-27,15,9.0
S002586,C02586,Enterprise,2025-07-22,,392,299.0
S002587,C02587,Starter,2025-05-15,,20,9.0
S002588,C02588,Professional,2025-04-28,,47,19.0
S002589,C02589,Starter,2025-12-21,,18,9.0
S002590,C02590,Starter,2025-05-07,,13,9.0
S002591,C02591,Free,2025-01-26,,1,0.0
S002592,C02592,Free,2025-05-19,2026-06-14,5,0.0
S002593,C02593,Starter,2025-07-14,,10,9.0
S002594,C02594,Starter,2025-02-04,,11,9.0
S002595,C02595,Professional,2025-04-22,,69,19.0
S002596,C02596,Free,2025-03-02,,5,0.0
S002597,C02597,Starter,2025-07-02,,20,9.0
S002598,C02598,Free,2025-09-21,,3,0.0
S002599,C02599,Professional,2025-12-20,,41,19.0
S002600,C02600,Starter,2025-05-23,,10,9.0
S002601,C02601,Professional,2025-11-12,,33,19.0
S002602,C02602,Professional,2025-03-20,,28,19.0
S002603,C02603,Starter,2025-10-12,2026-06-21,8,9.0
S002604,C02604,Free,2025-07-25,2026-06-30,4,0.0
S002605,C02605,Professional,2025-10-04,,31,19.0
S002606,C02606,Enterprise,2025-10-03,,349,299.0
S002607,C02607,Professional,2025-07-14,,27,19.0
S002608,C02608,Starter,2025-04-04,,17,9.0
S002609,C02609,Starter,2025-07-12,,10,9.0
S002610,C02610,Starter,2025-10-29,,12,9.0
S002611,C02611,Starter,2025-12-21,,20,9.0
S002612,C02612,Enterprise,2025-12-05,,447,299.0
S002613,C02613,Free,2025-03-08,2025-07-01,2,0.0
S002614,C02614,Free,2025-08-07,,2,0.0
S002615,C02615,Free,2025-02-08,,3,0.0
S002616,C02616,Professional,2025-09-02,,61,19.0
S002617,C02617,Starter,2025-12-29,,20,9.0
S002618,C02618,Starter,2025-01-20,,10,9.0
S002619,C02619,Starter,2025-08-28,2025-12-18,13,9.0
S002620,C02620,Free,2025-12-12,,1,0.0
S002621,C02621,Free,2025-11-06,2026-06-30,4,0.0
S002622,C02622,Enterprise,2025-05-24,,311,299.0
S002623,C02623,Professional,2025-02-07,,56,19.0
S002624,C02624,Professional,2025-12-04,,26,19.0
S002625,C02625,Starter,2025-12-03,,10,9.0
S002626,C02626,Starter,2025-07-31,2026-05-02,4,9.0
S002627,C02627,Professional,2025-12-24,,35,19.0
S002628,C02628,Free,2025-01-02,,2,0.0
S002629,C02629,Professional,2025-08-14,,42,19.0
S002630,C02630,Professional,2025-01-15,,79,19.0
S002631,C02631,Starter,2025-12-08,,14,9.0
S002632,C02632,Starter,2025-09-06,,19,9.0
S002633,C02633,Professional,2025-11-30,,24,19.0
S002634,C02634,Enterprise,2025-07-25,,492,299.0
S002635,C02635,Free,2025-01-31,,4,0.0
S002636,C02636,Free,2025-01-10,,1,0.0
S002637,C02637,Professional,2025-05-03,,71,19.0
S002638,C02638,Professional,2025-09-29,,20,19.0
S002639,C02639,Starter,2025-02-25,,17,9.0
S002640,C02640,Enterprise,2025-11-08,2026-01-18,194,299.0
S002641,C02641,Professional,2025-03-29,,58,19.0
S002642,C02642,Free,2025-07-01,,4,0.0
S002643,C02643,Free,2025-03-16,,1,0.0
S002644,C02644,Free,2025-06-20,2026-04-14,5,0.0
S002645,C02645,Professional,2025-06-15,2026-04-19,72,19.0
S002646,C02646,Professional,2025-01-02,,38,19.0
S002647,C02647,Enterprise,2025-07-27,,199,299.0
S002648,C02648,Professional,2025-10-15,,51,19.0
S002649,C02649,Professional,2025-12-08,,66,19.0
S002650,C02650,Free,2025-05-01,,1,0.0
S002651,C02651,Free,2025-11-18,,1,0.0
S002652,C02652,Enterprise,2025-11-17,2026-05-01,352,299.0
S002653,C02653,Starter,2025-12-27,,8,9.0
S002654,C02654,Enterprise,2025-05-17,,460,299.0
S002655,C02655,Starter,2025-11-07,,12,9.0
S002656,C02656,Professional,2025-07-26,,56,19.0
S002657,C02657,Professional,2025-01-22,,34,19.0
S002658,C02658,Free,2025-04-09,,4,0.0
S002659,C02659,Starter,2025-09-03,,7,9.0
S002660,C02660,Enterprise,2025-02-28,,295,299.0
S002661,C02661,Starter,2025-06-08,,3,9.0
S002662,C02662,Starter,2025-10-10,,11,9.0
S002663,C02663,Professional,2025-02-24,,64,19.0
S002664,C02664,Professional,2025-07-01,2026-03-01,36,19.0
S002665,C02665,Professional,2025-03-20,,14,19.0
S002666,C02666,Starter,2025-07-15,,17,9.0
S002667,C02667,Starter,2025-03-29,,8,9.0
S002668,C02668,Starter,2025-12-19,,14,9.0
S002669,C02669,Enterprise,2025-01-28,2025-08-17,387,299.0
S002670,C02670,Enterprise,2025-12-18,,220,299.0
S002671,C02671,Professional,2025-10-17,,30,19.0
S002672,C02672,Starter,2025-11-09,,12,9.0
S002673,C02673,Enterprise,2025-11-07,,286,299.0
S002674,C02674,Free,2025-03-10,,1,0.0
S002675,C02675,Free,2025-12-06,,1,0.0
S002676,C02676,Starter,2025-08-05,,3,9.0
S002677,C02677,Professional,2025-12-18,,32,19.0
S002678,C02678,Free,2025-11-17,,1,0.0
S002679,C02679,Starter,2025-07-31,,16,9.0
S002680,C02680,Professional,2025-05-17,,71,19.0
S002681,C02681,Professional,2025-02-12,,66,19.0
S002682,C02682,Free,2025-02-06,,2,0.0
S002683,C02683,Starter,2025-05-23,,9,9.0
S002684,C02684,Professional,2025-10-24,,78,19.0
S002685,C02685,Free,2025-07-04,,1,0.0
S002686,C02686,Free,2025-06-25,,2,0.0
S002687,C02687,Enterprise,2025-03-31,,278,299.0
S002688,C02688,Professional,2025-07-26,,39,19.0
S002689,C02689,Starter,2025-08-21,2026-06-30,19,9.0
S002690,C02690,Professional,2025-12-25,,67,19.0
S002691,C02691,Professional,2025-09-24,,79,19.0
S002692,C02692,Starter,2025-08-10,,7,9.0
S002693,C02693,Professional,2025-11-29,,14,19.0
S002694,C02694,Professional,2025-06-05,,74,19.0
S002695,C02695,Free,2025-12-08,2026-06-30,1,0.0
S002696,C02696,Starter,2025-05-16,,14,9.0
S002697,C02697,Starter,2025-02-16,,19,9.0
S002698,C02698,Professional,2025-06-02,2026-06-09,14,19.0
S002699,C02699,Professional,2025-02-16,,54,19.0
S002700,C02700,Professional,2025-02-13,,77,19.0
S002701,C02701,Starter,2025-11-18,,20,9.0
S002702,C02702,Professional,2025-10-18,,30,19.0
S002703,C02703,Professional,2025-03-22,2025-08-21,28,19.0
S002704,C02704,Starter,2025-11-02,,7,9.0
S002705,C02705,Enterprise,2025-01-26,,339,299.0
S002706,C02706,Starter,2025-04-14,,19,9.0
S002707,C02707,Starter,2025-09-15,,19,9.0
S002708,C02708,Professional,2025-04-21,,33,19.0
S002709,C02709,Professional,2025-09-24,,46,19.0
S002710,C02710,Starter,2025-11-16,,16,9.0
S002711,C02711,Starter,2025-01-25,,15,9.0
S002712,C02712,Professional,2025-01-09,,12,19.0
S002713,C02713,Starter,2025-12-10,,18,9.0
S002714,C02714,Professional,2025-07-09,,75,19.0
S002715,C02715,Professional,2025-07-04,,55,19.0
S002716,C02716,Free,2025-06-19,2026-06-30,3,0.0
S002717,C02717,Professional,2025-06-08,,66,19.0
S002718,C02718,Free,2025-09-09,,1,0.0
S002719,C02719,Professional,2025-07-31,,25,19.0
S002720,C02720,Starter,2025-03-01,,20,9.0
S002721,C02721,Starter,2025-08-17,,9,9.0
S002722,C02722,Starter,2025-09-01,,16,9.0
S002723,C02723,Starter,2025-02-11,,10,9.0
S002724,C02724,Professional,2025-05-18,,66,19.0
S002725,C02725,Starter,2025-10-16,,17,9.0
S002726,C02726,Starter,2025-08-14,2026-03-16,12,9.0
S002727,C02727,Enterprise,2025-02-19,,252,299.0
S002728,C02728,Free,2025-01-15,,4,0.0
S002729,C02729,Starter,2025-08-01,,6,9.0
S002730,C02730,Starter,2025-06-18,,8,9.0
S002731,C02731,Professional,2025-12-17,,13,19.0
S002732,C02732,Starter,2025-07-10,,12,9.0
S002733,C02733,Starter,2025-12-06,,14,9.0
S002734,C02734,Professional,2025-03-20,,37,19.0
S002735,C02735,Starter,2025-06-13,2026-04-13,16,9.0
S002736,C02736,Professional,2025-02-20,,40,19.0
S002737,C02737,Free,2025-07-29,,2,0.0
S002738,C02738,Starter,2025-03-10,,3,9.0
S002739,C02739,Professional,2025-06-29,2026-06-30,70,19.0
S002740,C02740,Free,2025-05-06,2025-10-27,5,0.0
S002741,C02741,Starter,2025-03-09,,11,9.0
S002742,C02742,Free,2025-02-05,,2,0.0
S002743,C02743,Starter,2025-07-06,,13,9.0
S002744,C02744,Enterprise,2025-12-12,,289,299.0
S002745,C02745,Enterprise,2025-03-14,,241,299.0
S002746,C02746,Starter,2025-05-28,,14,9.0
S002747,C02747,Free,2025-03-23,,2,0.0
S002748,C02748,Enterprise,2025-10-23,2026-01-12,113,299.0
S002749,C02749,Professional,2025-06-01,,21,19.0
S002750,C02750,Professional,2025-12-22,,34,19.0
S002751,C02751,Professional,2025-03-31,,68,19.0
S002752,C02752,Starter,2025-01-30,,7,9.0
S002753,C02753,Starter,2025-08-01,,20,9.0
S002754,C02754,Professional,2025-08-26,,19,19.0
S002755,C02755,Starter,2025-12-28,,20,9.0
S002756,C02756,Professional,2025-11-15,,67,19.0
S002757,C02757,Enterprise,2025-11-19,,127,299.0
S002758,C02758,Starter,2025-08-20,,12,9.0
S002759,C02759,Professional,2025-05-12,,58,19.0
S002760,C02760,Starter,2025-06-06,,11,9.0
S002761,C02761,Enterprise,2025-02-18,,493,299.0
S002762,C02762,Starter,2025-06-07,,5,9.0
S002763,C02763,Starter,2025-05-14,,12,9.0
S002764,C02764,Professional,2025-01-14,,46,19.0
S002765,C02765,Enterprise,2025-03-16,,344,299.0
S002766,C02766,Professional,2025-07-15,,28,19.0
S002767,C02767,Professional,2025-05-15,,44,19.0
S002768,C02768,Enterprise,2025-12-29,,150,299.0
S002769,C02769,Professional,2025-06-24,,18,19.0
S002770,C02770,Professional,2025-12-16,,47,19.0
S002771,C02771,Free,2025-08-30,,4,0.0
S002772,C02772,Free,2025-01-15,,4,0.0
S002773,C02773,Starter,2025-03-16,2026-06-01,20,9.0
S002774,C02774,Enterprise,2025-09-15,,122,299.0
S002775,C02775,Free,2025-07-18,,3,0.0
S002776,C02776,Starter,2025-04-21,,4,9.0
S002777,C02777,Free,2025-07-10,,2,0.0
S002778,C02778,Free,2025-11-26,,4,0.0
S002779,C02779,Professional,2025-05-22,,52,19.0
S002780,C02780,Free,2025-01-17,,2,0.0
S002781,C02781,Professional,2025-04-24,,14,19.0
S002782,C02782,Professional,2025-12-08,,20,19.0
S002783,C02783,Professional,2025-10-06,,39,19.0
S002784,C02784,Starter,2025-11-02,,20,9.0
S002785,C02785,Professional,2025-11-29,,37,19.0
S002786,C02786,Starter,2025-02-12,,6,9.0
S002787,C02787,Free,2025-04-14,,2,0.0
S002788,C02788,Starter,2025-01-22,,15,9.0
S002789,C02789,Starter,2025-01-02,,8,9.0
S002790,C02790,Professional,2025-11-01,,67,19.0
S002791,C02791,Starter,2025-12-08,,3,9.0
S002792,C02792,Professional,2025-02-26,,33,19.0
S002793,C02793,Professional,2025-09-21,,27,19.0
S002794,C02794,Starter,2025-07-15,,11,9.0
S002795,C02795,Starter,2025-01-26,,10,9.0
S002796,C02796,Professional,2025-12-01,,49,19.0
S002797,C02797,Starter,2025-11-15,,8,9.0
S002798,C02798,Free,2025-07-27,,2,0.0
S002799,C02799,Professional,2025-09-16,,55,19.0
S002800,C02800,Starter,2025-05-25,,8,9.0
S002801,C02801,Free,2025-10-17,,5,0.0
S002802,C02802,Starter,2025-06-12,,20,9.0
S002803,C02803,Professional,2025-12-28,,26,19.0
S002804,C02804,Free,2025-01-24,,2,0.0
S002805,C02805,Professional,2025-03-04,,77,19.0
S002806,C02806,Starter,2025-12-20,,17,9.0
S002807,C02807,Free,2025-04-16,,3,0.0
S002808,C02808,Professional,2025-04-24,,47,19.0
S002809,C02809,Professional,2025-10-16,2026-03-11,27,19.0
S002810,C02810,Enterprise,2025-03-11,,358,299.0
S002811,C02811,Starter,2025-07-07,,19,9.0
S002812,C02812,Starter,2025-04-15,,11,9.0
S002813,C02813,Professional,2025-03-14,,40,19.0
S002814,C02814,Enterprise,2025-12-18,,335,299.0
S002815,C02815,Professional,2025-03-14,,68,19.0
S002816,C02816,Professional,2025-02-04,,48,19.0
S002817,C02817,Professional,2025-09-03,,41,19.0
S002818,C02818,Free,2025-11-13,,3,0.0
S002819,C02819,Professional,2025-02-16,,10,19.0
S002820,C02820,Professional,2025-09-16,,67,19.0
S002821,C02821,Starter,2025-07-17,2025-10-20,9,9.0
S002822,C02822,Starter,2025-10-30,,18,9.0
S002823,C02823,Starter,2025-02-16,,9,9.0
S002824,C02824,Free,2025-12-23,,2,0.0
S002825,C02825,Starter,2025-08-14,,18,9.0
S002826,C02826,Free,2025-11-04,,1,0.0
S002827,C02827,Professional,2025-05-13,,65,19.0
S002828,C02828,Starter,2025-12-11,,17,9.0
S002829,C02829,Free,2025-08-17,,2,0.0
S002830,C02830,Professional,2025-02-16,,25,19.0
S002831,C02831,Free,2025-12-03,2026-06-26,2,0.0
S002832,C02832,Starter,2025-10-18,,18,9.0
S002833,C02833,Enterprise,2025-04-20,,238,299.0
S002834,C02834,Professional,2025-07-19,2026-06-30,17,19.0
S002835,C02835,Professional,2025-05-22,,38,19.0
S002836,C02836,Professional,2025-07-18,,16,19.0
S002837,C02837,Free,2025-12-19,,3,0.0
S002838,C02838,Starter,2025-11-25,,6,9.0
S002839,C02839,Starter,2025-03-20,,8,9.0
S002840,C02840,Starter,2025-12-21,,3,9.0
S002841,C02841,Enterprise,2025-06-09,,108,299.0
S002842,C02842,Professional,2025-09-15,,63,19.0
S002843,C02843,Professional,2025-10-06,,75,19.0
S002844,C02844,Professional,2025-06-26,,38,19.0
S002845,C02845,Professional,2025-06-16,,11,19.0
S002846,C02846,Starter,2025-06-16,,20,9.0
S002847,C02847,Professional,2025-11-11,,39,19.0
S002848,C02848,Professional,2025-05-22,,35,19.0
S002849,C02849,Professional,2025-04-13,,66,19.0
S002850,C02850,Free,2025-05-12,,4,0.0
S002851,C02851,Starter,2025-03-13,,16,9.0
S002852,C02852,Starter,2025-05-23,,15,9.0
S002853,C02853,Free,2025-02-11,,1,0.0
S002854,C02854,Professional,2025-02-02,2025-04-28,33,19.0
S002855,C02855,Enterprise,2025-09-22,,371,299.0
S002856,C02856,Professional,2025-01-29,,73,19.0
S002857,C02857,Free,2025-07-27,,4,0.0
S002858,C02858,Free,2025-10-12,,2,0.0
S002859,C02859,Starter,2025-09-22,2026-06-30,19,9.0
S002860,C02860,Starter,2025-06-12,,12,9.0
S002861,C02861,Free,2025-03-12,,1,0.0
S002862,C02862,Free,2025-12-06,2026-06-30,2,0.0
S002863,C02863,Starter,2025-11-01,,18,9.0
S002864,C02864,Free,2025-08-12,,3,0.0
S002865,C02865,Free,2025-02-01,,3,0.0
S002866,C02866,Professional,2025-01-13,,13,19.0
S002867,C02867,Enterprise,2025-04-26,,363,299.0
S002868,C02868,Professional,2025-02-27,,32,19.0
S002869,C02869,Starter,2025-11-11,2026-06-30,4,9.0
S002870,C02870,Free,2025-03-17,,5,0.0
S002871,C02871,Professional,2025-04-14,,39,19.0
S002872,C02872,Professional,2025-12-23,,69,19.0
S002873,C02873,Professional,2025-10-26,,59,19.0
S002874,C02874,Professional,2025-03-21,,72,19.0
S002875,C02875,Starter,2025-05-20,,10,9.0
S002876,C02876,Enterprise,2025-07-08,2025-10-02,385,299.0
S002877,C02877,Professional,2025-08-31,2026-03-04,76,19.0
S002878,C02878,Free,2025-12-08,2026-06-30,4,0.0
S002879,C02879,Starter,2025-11-14,,14,9.0
S002880,C02880,Professional,2025-12-23,,73,19.0
S002881,C02881,Starter,2025-01-15,,9,9.0
S002882,C02882,Starter,2025-03-28,,12,9.0
S002883,C02883,Professional,2025-07-25,,61,19.0
S002884,C02884,Professional,2025-01-18,,75,19.0
S002885,C02885,Professional,2025-05-10,2025-11-05,66,19.0
S002886,C02886,Starter,2025-02-26,,10,9.0
S002887,C02887,Enterprise,2025-12-07,,415,299.0
S002888,C02888,Starter,2025-01-24,,13,9.0
S002889,C02889,Enterprise,2025-02-24,,282,299.0
S002890,C02890,Starter,2025-03-13,,11,9.0
S002891,C02891,Starter,2025-02-24,2025-09-03,16,9.0
S002892,C02892,Enterprise,2025-07-27,,107,299.0
S002893,C02893,Starter,2025-05-13,,20,9.0
S002894,C02894,Professional,2025-11-30,2026-06-30,24,19.0
S002895,C02895,Starter,2025-04-06,,15,9.0
S002896,C02896,Starter,2025-07-16,,19,9.0
S002897,C02897,Professional,2025-08-29,,24,19.0
S002898,C02898,Free,2025-08-17,2025-12-21,3,0.0
S002899,C02899,Professional,2025-10-18,2026-03-06,48,19.0
S002900,C02900,Free,2025-03-15,,1,0.0
S002901,C02901,Professional,2025-07-05,,55,19.0
S002902,C02902,Professional,2025-10-20,,78,19.0
S002903,C02903,Free,2025-11-12,,5,0.0
S002904,C02904,Free,2025-08-14,2026-06-30,5,0.0
S002905,C02905,Professional,2025-08-26,,44,19.0
S002906,C02906,Free,2025-11-12,,4,0.0
S002907,C02907,Professional,2025-08-17,,26,19.0
S002908,C02908,Enterprise,2025-12-13,,213,299.0
S002909,C02909,Free,2025-02-16,,5,0.0
S002910,C02910,Starter,2025-05-07,,8,9.0
S002911,C02911,Enterprise,2025-02-10,,389,299.0
S002912,C02912,Enterprise,2025-02-03,,446,299.0
S002913,C02913,Free,2025-06-22,,4,0.0
S002914,C02914,Professional,2025-03-24,,14,19.0
S002915,C02915,Starter,2025-05-29,,20,9.0
S002916,C02916,Professional,2025-06-09,,26,19.0
S002917,C02917,Starter,2025-08-15,,20,9.0
S002918,C02918,Starter,2025-12-12,,5,9.0
S002919,C02919,Starter,2025-11-07,,9,9.0
S002920,C02920,Free,2025-05-19,,4,0.0
S002921,C02921,Starter,2025-04-29,,3,9.0
S002922,C02922,Starter,2025-10-09,,9,9.0
S002923,C02923,Enterprise,2025-02-15,,461,299.0
S002924,C02924,Professional,2025-07-17,2026-04-16,75,19.0
S002925,C02925,Professional,2025-06-04,,48,19.0
S002926,C02926,Free,2025-03-08,,5,0.0
S002927,C02927,Enterprise,2025-08-14,,418,299.0
S002928,C02928,Starter,2025-04-28,,20,9.0
S002929,C02929,Free,2025-03-09,,3,0.0
S002930,C02930,Professional,2025-08-27,2026-06-30,31,19.0
S002931,C02931,Starter,2025-03-05,2025-11-19,18,9.0
S002932,C02932,Starter,2025-09-03,2026-01-20,11,9.0
S002933,C02933,Starter,2025-03-01,,13,9.0
S002934,C02934,Starter,2025-06-08,,14,9.0
S002935,C02935,Starter,2025-10-22,,17,9.0
S002936,C02936,Professional,2025-03-25,,79,19.0
S002937,C02937,Free,2025-10-08,2026-06-30,2,0.0
S002938,C02938,Free,2025-09-21,,2,0.0
S002939,C02939,Free,2025-11-26,,5,0.0
S002940,C02940,Starter,2025-03-03,,8,9.0
S002941,C02941,Free,2025-09-19,,4,0.0
S002942,C02942,Free,2025-12-08,,4,0.0
S002943,C02943,Starter,2025-10-06,,10,9.0
S002944,C02944,Enterprise,2025-03-10,,366,299.0
S002945,C02945,Free,2025-10-28,,4,0.0
S002946,C02946,Free,2025-02-09,2026-01-23,1,0.0
S002947,C02947,Professional,2025-08-03,,23,19.0
S002948,C02948,Starter,2025-07-01,,11,9.0
S002949,C02949,Free,2025-07-13,2026-06-30,5,0.0
S002950,C02950,Professional,2025-07-09,,36,19.0
S002951,C02951,Professional,2025-01-12,,43,19.0
S002952,C02952,Starter,2025-07-05,,10,9.0
S002953,C02953,Professional,2025-12-08,,66,19.0
S002954,C02954,Professional,2025-06-09,,19,19.0
S002955,C02955,Free,2025-04-12,,4,0.0
S002956,C02956,Enterprise,2025-12-30,,359,299.0
S002957,C02957,Free,2025-02-06,,2,0.0
S002958,C02958,Starter,2025-06-27,,6,9.0
S002959,C02959,Starter,2025-07-07,2026-06-30,15,9.0
S002960,C02960,Professional,2025-06-24,,11,19.0
S002961,C02961,Professional,2025-12-03,,25,19.0
S002962,C02962,Professional,2025-06-03,,45,19.0
S002963,C02963,Starter,2025-12-22,,3,9.0
S002964,C02964,Professional,2025-01-25,,12,19.0
S002965,C02965,Enterprise,2025-09-25,,352,299.0
S002966,C02966,Free,2025-08-05,,4,0.0
S002967,C02967,Starter,2025-03-29,,20,9.0
S002968,C02968,Starter,2025-03-25,,13,9.0
S002969,C02969,Professional,2025-09-20,,18,19.0
S002970,C02970,Free,2025-08-21,,3,0.0
S002971,C02971,Free,2025-08-12,,1,0.0
S002972,C02972,Professional,2025-01-19,,16,19.0
S002973,C02973,Professional,2025-08-07,,25,19.0
S002974,C02974,Starter,2025-12-25,,5,9.0
S002975,C02975,Professional,2025-01-07,,79,19.0
S002976,C02976,Professional,2025-06-21,2026-06-30,57,19.0
S002977,C02977,Free,2025-06-30,,3,0.0
S002978,C02978,Starter,2025-11-24,,3,9.0
S002979,C02979,Starter,2025-04-14,,5,9.0
S002980,C02980,Professional,2025-06-23,,18,19.0
S002981,C02981,Professional,2025-09-19,,54,19.0
S002982,C02982,Professional,2025-01-23,,64,19.0
S002983,C02983,Professional,2025-10-20,,53,19.0
S002984,C02984,Starter,2025-10-28,,6,9.0
S002985,C02985,Starter,2025-09-20,,7,9.0
S002986,C02986,Starter,2025-08-25,2026-06-30,11,9.0
S002987,C02987,Professional,2025-09-30,,41,19.0
S002988,C02988,Enterprise,2025-10-13,,139,299.0
S002989,C02989,Starter,2025-11-26,,10,9.0
S002990,C02990,Professional,2025-06-06,,26,19.0
S002991,C02991,Free,2025-06-16,,1,0.0
S002992,C02992,Professional,2025-08-21,,72,19.0
S002993,C02993,Professional,2025-03-12,,18,19.0
S002994,C02994,Professional,2025-11-09,,63,19.0
S002995,C02995,Enterprise,2025-10-09,,120,299.0
S002996,C02996,Enterprise,2025-08-19,,175,299.0
S002997,C02997,Starter,2025-04-21,,18,9.0
S002998,C02998,Professional,2025-05-07,,25,19.0
S002999,C02999,Professional,2025-06-08,,14,19.0
S003000,C03000,Starter,2025-08-30,,11,9.0
S003001,C03001,Free,2025-10-11,,2,0.0
S003002,C03002,Enterprise,2025-09-03,,353,299.0
S003003,C03003,Enterprise,2025-12-06,,322,299.0
S003004,C03004,Starter,2025-12-17,,13,9.0
S003005,C03005,Starter,2025-09-15,,3,9.0
S003006,C03006,Free,2025-05-16,,2,0.0
S003007,C03007,Free,2025-08-07,,1,0.0
S003008,C03008,Professional,2025-06-05,2026-03-04,77,19.0
S003009,C03009,Starter,2025-08-18,,4,9.0
S003010,C03010,Professional,2025-10-24,2026-06-30,69,19.0
S003011,C03011,Starter,2025-05-15,,18,9.0
S003012,C03012,Professional,2025-07-04,2026-06-30,56,19.0
S003013,C03013,Professional,2025-01-17,,67,19.0
S003014,C03014,Professional,2025-09-26,2026-02-12,74,19.0
S003015,C03015,Starter,2025-06-28,,19,9.0
S003016,C03016,Starter,2025-06-17,,8,9.0
S003017,C03017,Free,2025-07-14,2026-02-08,4,0.0
S003018,C03018,Professional,2025-03-20,,31,19.0
S003019,C03019,Professional,2025-08-07,2026-06-30,19,19.0
S003020,C03020,Starter,2025-09-29,,8,9.0
S003021,C03021,Starter,2025-05-08,,19,9.0
S003022,C03022,Professional,2025-02-17,,21,19.0
S003023,C03023,Professional,2025-05-22,,51,19.0
S003024,C03024,Professional,2025-03-14,,19,19.0
S003025,C03025,Free,2025-05-17,,3,0.0
S003026,C03026,Enterprise,2025-08-17,,464,299.0
S003027,C03027,Professional,2025-02-11,2025-07-26,77,19.0
S003028,C03028,Professional,2025-09-30,,70,19.0
S003029,C03029,Free,2025-03-23,,5,0.0
S003030,C03030,Free,2025-11-23,,3,0.0
S003031,C03031,Free,2025-09-25,2026-04-16,1,0.0
S003032,C03032,Starter,2025-04-10,,14,9.0
S003033,C03033,Enterprise,2025-07-25,,279,299.0
S003034,C03034,Professional,2025-02-10,,26,19.0
S003035,C03035,Enterprise,2025-02-06,,382,299.0
S003036,C03036,Professional,2025-12-15,,11,19.0
S003037,C03037,Free,2025-10-20,,1,0.0
S003038,C03038,Professional,2025-02-26,,41,19.0
S003039,C03039,Professional,2025-04-14,,22,19.0
S003040,C03040,Professional,2025-03-14,,57,19.0
S003041,C03041,Professional,2025-05-25,,66,19.0
S003042,C03042,Starter,2025-04-17,,15,9.0
S003043,C03043,Professional,2025-04-30,,19,19.0
S003044,C03044,Professional,2025-07-13,,52,19.0
S003045,C03045,Starter,2025-03-11,,19,9.0
S003046,C03046,Free,2025-11-19,,5,0.0
S003047,C03047,Starter,2025-09-23,,5,9.0
S003048,C03048,Professional,2025-10-05,,24,19.0
S003049,C03049,Starter,2025-03-03,,6,9.0
S003050,C03050,Professional,2025-09-16,,28,19.0
S003051,C03051,Starter,2025-11-02,2026-06-30,19,9.0
S003052,C03052,Starter,2025-03-05,2025-07-06,4,9.0
S003053,C03053,Starter,2025-10-02,,13,9.0
S003054,C03054,Free,2025-05-11,,5,0.0
S003055,C03055,Starter,2025-10-15,,17,9.0
S003056,C03056,Professional,2025-06-24,,42,19.0
S003057,C03057,Starter,2025-10-20,,12,9.0
S003058,C03058,Starter,2025-02-23,2025-05-19,10,9.0
S003059,C03059,Professional,2025-05-23,,57,19.0
S003060,C03060,Starter,2025-04-10,,20,9.0
S003061,C03061,Starter,2025-04-01,,13,9.0
S003062,C03062,Professional,2025-04-23,,40,19.0
S003063,C03063,Starter,2025-05-20,,19,9.0
S003064,C03064,Professional,2025-02-16,2026-02-01,33,19.0
S003065,C03065,Free,2025-09-16,,1,0.0
S003066,C03066,Starter,2025-07-20,,6,9.0
S003067,C03067,Starter,2025-10-30,,14,9.0
S003068,C03068,Professional,2025-09-15,,41,19.0
S003069,C03069,Free,2025-02-24,,5,0.0
S003070,C03070,Professional,2025-01-26,,58,19.0
S003071,C03071,Professional,2025-06-04,,50,19.0
S003072,C03072,Starter,2025-06-25,,19,9.0
S003073,C03073,Starter,2025-03-29,,16,9.0
S003074,C03074,Free,2025-10-13,,1,0.0
S003075,C03075,Starter,2025-08-01,2026-04-02,15,9.0
S003076,C03076,Enterprise,2025-10-01,,377,299.0
S003077,C03077,Free,2025-02-09,,5,0.0
S003078,C03078,Starter,2025-10-25,,3,9.0
S003079,C03079,Starter,2025-03-17,,5,9.0
S003080,C03080,Professional,2025-06-13,,66,19.0
S003081,C03081,Starter,2025-06-10,,20,9.0
S003082,C03082,Starter,2025-10-27,,8,9.0
S003083,C03083,Free,2025-04-12,2025-07-06,5,0.0
S003084,C03084,Enterprise,2025-03-29,,115,299.0
S003085,C03085,Starter,2025-05-04,,15,9.0
S003086,C03086,Free,2025-05-12,2026-02-28,2,0.0
S003087,C03087,Professional,2025-03-08,,55,19.0
S003088,C03088,Professional,2025-03-06,,73,19.0
S003089,C03089,Starter,2025-03-26,,13,9.0
S003090,C03090,Enterprise,2025-06-20,,193,299.0
S003091,C03091,Starter,2025-05-06,,20,9.0
S003092,C03092,Professional,2025-05-24,,30,19.0
S003093,C03093,Professional,2025-09-20,2026-06-30,45,19.0
S003094,C03094,Starter,2025-03-29,,6,9.0
S003095,C03095,Professional,2025-11-29,2026-05-30,72,19.0
S003096,C03096,Free,2025-10-02,2026-06-26,5,0.0
S003097,C03097,Free,2025-03-05,,2,0.0
S003098,C03098,Starter,2025-04-25,,10,9.0
S003099,C03099,Enterprise,2025-03-08,,286,299.0
S003100,C03100,Starter,2025-04-10,,20,9.0
S003101,C03101,Starter,2025-05-14,,13,9.0
S003102,C03102,Free,2025-02-17,,1,0.0
S003103,C03103,Starter,2025-01-06,2026-04-04,16,9.0
S003104,C03104,Starter,2025-06-10,,11,9.0
S003105,C03105,Enterprise,2025-09-13,2026-06-30,127,299.0
S003106,C03106,Free,2025-04-21,,3,0.0
S003107,C03107,Free,2025-11-11,,1,0.0
S003108,C03108,Free,2025-05-15,,2,0.0
S003109,C03109,Starter,2025-11-25,,16,9.0
S003110,C03110,Starter,2025-03-28,,11,9.0
S003111,C03111,Free,2025-07-16,,3,0.0
S003112,C03112,Starter,2025-10-06,,9,9.0
S003113,C03113,Starter,2025-01-22,,18,9.0
S003114,C03114,Free,2025-12-06,2026-06-30,2,0.0
S003115,C03115,Professional,2025-05-14,,76,19.0
S003116,C03116,Professional,2025-07-01,,35,19.0
S003117,C03117,Starter,2025-08-18,,10,9.0
S003118,C03118,Professional,2025-08-23,,55,19.0
S003119,C03119,Starter,2025-01-09,,16,9.0
S003120,C03120,Free,2025-11-13,,3,0.0
S003121,C03121,Professional,2025-08-16,,55,19.0
S003122,C03122,Professional,2025-12-31,,39,19.0
S003123,C03123,Starter,2025-06-22,,16,9.0
S003124,C03124,Starter,2025-08-12,,18,9.0
S003125,C03125,Starter,2025-06-10,,18,9.0
S003126,C03126,Starter,2025-11-21,,14,9.0
S003127,C03127,Starter,2025-10-31,,8,9.0
S003128,C03128,Professional,2025-11-28,,55,19.0
S003129,C03129,Free,2025-07-04,,4,0.0
S003130,C03130,Professional,2025-10-16,,25,19.0
S003131,C03131,Enterprise,2025-05-11,,442,299.0
S003132,C03132,Free,2025-06-18,,4,0.0
S003133,C03133,Starter,2025-10-05,,10,9.0
S003134,C03134,Starter,2025-01-30,,3,9.0
S003135,C03135,Professional,2025-09-17,,61,19.0
S003136,C03136,Professional,2025-01-06,,25,19.0
S003137,C03137,Professional,2025-07-31,2026-01-06,63,19.0
S003138,C03138,Starter,2025-06-24,2026-06-30,10,9.0
S003139,C03139,Professional,2025-06-21,,60,19.0
S003140,C03140,Starter,2025-06-30,,19,9.0
S003141,C03141,Professional,2025-06-29,,16,19.0
S003142,C03142,Professional,2025-05-29,,11,19.0
S003143,C03143,Professional,2025-06-14,,57,19.0
S003144,C03144,Free,2025-07-27,2026-06-30,3,0.0
S003145,C03145,Starter,2025-10-06,2026-04-18,15,9.0
S003146,C03146,Professional,2025-07-21,,18,19.0
S003147,C03147,Free,2025-08-23,,5,0.0
S003148,C03148,Starter,2025-11-02,,7,9.0
S003149,C03149,Professional,2025-12-28,2026-06-30,19,19.0
S003150,C03150,Professional,2025-02-09,,38,19.0
S003151,C03151,Professional,2025-09-18,,68,19.0
S003152,C03152,Free,2025-03-24,,1,0.0
S003153,C03153,Professional,2025-03-13,,45,19.0
S003154,C03154,Professional,2025-10-17,,68,19.0
S003155,C03155,Free,2025-01-26,,3,0.0
S003156,C03156,Starter,2025-11-06,,4,9.0
S003157,C03157,Professional,2025-10-09,,24,19.0
S003158,C03158,Starter,2025-12-30,,13,9.0
S003159,C03159,Starter,2025-09-01,,14,9.0
S003160,C03160,Free,2025-11-15,,1,0.0
S003161,C03161,Professional,2025-02-13,,37,19.0
S003162,C03162,Starter,2025-11-21,2026-06-30,4,9.0
S003163,C03163,Starter,2025-02-28,,13,9.0
S003164,C03164,Starter,2025-04-25,,11,9.0
S003165,C03165,Free,2025-02-16,,4,0.0
S003166,C03166,Starter,2025-05-27,,9,9.0
S003167,C03167,Free,2025-10-01,,5,0.0
S003168,C03168,Starter,2025-04-08,,3,9.0
S003169,C03169,Starter,2025-10-28,,7,9.0
S003170,C03170,Starter,2025-08-10,,4,9.0
S003171,C03171,Starter,2025-08-18,,18,9.0
S003172,C03172,Free,2025-12-09,,2,0.0
S003173,C03173,Starter,2025-06-07,,3,9.0
S003174,C03174,Free,2025-05-06,,4,0.0
S003175,C03175,Starter,2025-12-30,,19,9.0
S003176,C03176,Free,2025-07-23,,5,0.0
S003177,C03177,Free,2025-08-13,,2,0.0
S003178,C03178,Starter,2025-04-19,,4,9.0
S003179,C03179,Enterprise,2025-03-20,,217,299.0
S003180,C03180,Free,2025-03-03,2026-02-04,1,0.0
S003181,C03181,Professional,2025-03-23,2025-05-31,64,19.0
S003182,C03182,Free,2025-03-13,,2,0.0
S003183,C03183,Starter,2025-09-30,,11,9.0
S003184,C03184,Starter,2025-01-22,,14,9.0
S003185,C03185,Free,2025-08-18,,3,0.0
S003186,C03186,Professional,2025-12-13,,30,19.0
S003187,C03187,Free,2025-10-07,2026-06-30,2,0.0
S003188,C03188,Professional,2025-05-28,,25,19.0
S003189,C03189,Professional,2025-01-22,,19,19.0
S003190,C03190,Professional,2025-11-01,,51,19.0
S003191,C03191,Free,2025-01-02,,2,0.0
S003192,C03192,Starter,2025-09-06,2026-06-30,15,9.0
S003193,C03193,Professional,2025-09-02,,35,19.0
S003194,C03194,Starter,2025-03-12,2025-05-14,11,9.0
S003195,C03195,Professional,2025-09-28,,69,19.0
S003196,C03196,Starter,2025-03-06,,15,9.0
S003197,C03197,Professional,2025-03-24,,30,19.0
S003198,C03198,Professional,2025-10-24,,10,19.0
S003199,C03199,Starter,2025-12-24,,16,9.0
S003200,C03200,Professional,2025-04-07,,33,19.0
S003201,C03201,Professional,2025-12-03,2026-06-30,15,19.0
S003202,C03202,Free,2025-11-30,,4,0.0
S003203,C03203,Free,2025-10-08,,5,0.0
S003204,C03204,Professional,2025-02-21,,56,19.0
S003205,C03205,Professional,2025-04-20,,68,19.0
S003206,C03206,Enterprise,2025-09-05,,177,299.0
S003207,C03207,Professional,2025-12-31,2026-05-30,70,19.0
S003208,C03208,Starter,2025-10-25,,8,9.0
S003209,C03209,Free,2025-06-03,,3,0.0
S003210,C03210,Starter,2025-03-27,,7,9.0
S003211,C03211,Starter,2025-12-17,,14,9.0
S003212,C03212,Enterprise,2025-04-11,,460,299.0
S003213,C03213,Professional,2025-05-05,,79,19.0
S003214,C03214,Enterprise,2025-12-19,,218,299.0
S003215,C03215,Professional,2025-07-25,,38,19.0
S003216,C03216,Professional,2025-04-07,2026-03-28,72,19.0
S003217,C03217,Professional,2025-01-02,,32,19.0
S003218,C03218,Professional,2025-06-06,,72,19.0
S003219,C03219,Starter,2025-12-26,,12,9.0
S003220,C03220,Professional,2025-06-07,,47,19.0
S003221,C03221,Starter,2025-09-13,2026-06-30,19,9.0
S003222,C03222,Enterprise,2025-04-03,,449,299.0
S003223,C03223,Professional,2025-10-11,,75,19.0
S003224,C03224,Starter,2025-10-11,,4,9.0
S003225,C03225,Starter,2025-08-11,,5,9.0
S003226,C03226,Starter,2025-10-09,,5,9.0
S003227,C03227,Professional,2025-07-31,,48,19.0
S003228,C03228,Free,2025-05-19,,3,0.0
S003229,C03229,Free,2025-09-27,,2,0.0
S003230,C03230,Starter,2025-11-01,,15,9.0
S003231,C03231,Starter,2025-11-03,,7,9.0
S003232,C03232,Enterprise,2025-03-19,,489,299.0
S003233,C03233,Professional,2025-09-04,,35,19.0
S003234,C03234,Starter,2025-01-02,,11,9.0
S003235,C03235,Enterprise,2025-07-28,,123,299.0
S003236,C03236,Starter,2025-07-28,,3,9.0
S003237,C03237,Enterprise,2025-05-13,,164,299.0
S003238,C03238,Enterprise,2025-12-29,2026-04-08,172,299.0
S003239,C03239,Professional,2025-11-19,,16,19.0
S003240,C03240,Starter,2025-01-15,,10,9.0
S003241,C03241,Professional,2025-03-18,,59,19.0
S003242,C03242,Starter,2025-03-17,,15,9.0
S003243,C03243,Starter,2025-11-24,,17,9.0
S003244,C03244,Starter,2025-07-09,2026-06-30,13,9.0
S003245,C03245,Starter,2025-09-24,,5,9.0
S003246,C03246,Free,2025-10-23,2026-04-13,5,0.0
S003247,C03247,Professional,2025-10-08,,69,19.0
S003248,C03248,Free,2025-02-02,,2,0.0
S003249,C03249,Starter,2025-02-21,,18,9.0
S003250,C03250,Starter,2025-05-25,,12,9.0
S003251,C03251,Starter,2025-05-04,,9,9.0
S003252,C03252,Professional,2025-09-30,,20,19.0
S003253,C03253,Professional,2025-02-27,,76,19.0
S003254,C03254,Professional,2025-05-16,,55,19.0
S003255,C03255,Professional,2025-03-28,,41,19.0
S003256,C03256,Professional,2025-03-10,,64,19.0
S003257,C03257,Starter,2025-03-05,,16,9.0
S003258,C03258,Starter,2025-03-13,,12,9.0
S003259,C03259,Starter,2025-07-25,,6,9.0
S003260,C03260,Starter,2025-05-30,,11,9.0
S003261,C03261,Enterprise,2025-06-08,2026-06-30,344,299.0
S003262,C03262,Professional,2025-06-24,,23,19.0
S003263,C03263,Starter,2025-09-28,,5,9.0
S003264,C03264,Free,2025-11-11,,5,0.0
S003265,C03265,Professional,2025-07-12,,51,19.0
S003266,C03266,Enterprise,2025-08-23,,343,299.0
S003267,C03267,Enterprise,2025-09-27,,276,299.0
S003268,C03268,Professional,2025-09-09,2026-02-20,67,19.0
S003269,C03269,Professional,2025-02-19,,36,19.0
S003270,C03270,Free,2025-12-25,2026-06-30,1,0.0
S003271,C03271,Free,2025-03-02,,4,0.0
S003272,C03272,Starter,2025-05-31,,7,9.0
S003273,C03273,Professional,2025-08-27,,64,19.0
S003274,C03274,Enterprise,2025-05-28,,293,299.0
S003275,C03275,Professional,2025-03-30,,35,19.0
S003276,C03276,Starter,2025-12-04,,12,9.0
S003277,C03277,Starter,2025-01-27,,10,9.0
S003278,C03278,Starter,2025-03-31,,10,9.0
S003279,C03279,Starter,2025-12-29,,7,9.0
S003280,C03280,Professional,2025-09-24,,33,19.0
S003281,C03281,Professional,2025-02-01,,33,19.0
S003282,C03282,Professional,2025-10-03,,41,19.0
S003283,C03283,Starter,2025-12-20,,20,9.0
S003284,C03284,Professional,2025-02-05,,35,19.0
S003285,C03285,Enterprise,2025-06-01,,349,299.0
S003286,C03286,Professional,2025-06-20,,12,19.0
S003287,C03287,Free,2025-02-17,,1,0.0
S003288,C03288,Starter,2025-03-15,,15,9.0
S003289,C03289,Free,2025-03-05,,4,0.0
S003290,C03290,Free,2025-03-09,2026-02-08,4,0.0
S003291,C03291,Starter,2025-05-28,,13,9.0
S003292,C03292,Professional,2025-06-19,,32,19.0
S003293,C03293,Free,2025-03-28,,1,0.0
S003294,C03294,Starter,2025-04-16,,20,9.0
S003295,C03295,Starter,2025-03-12,,6,9.0
S003296,C03296,Professional,2025-10-18,,80,19.0
S003297,C03297,Free,2025-03-19,,2,0.0
S003298,C03298,Free,2025-11-28,,3,0.0
S003299,C03299,Professional,2025-07-16,,16,19.0
S003300,C03300,Starter,2025-10-20,,17,9.0
S003301,C03301,Free,2025-08-21,,3,0.0
S003302,C03302,Professional,2025-04-08,,48,19.0
S003303,C03303,Starter,2025-08-08,,5,9.0
S003304,C03304,Professional,2025-04-11,,28,19.0
S003305,C03305,Professional,2025-02-13,,38,19.0
S003306,C03306,Free,2025-04-03,,1,0.0
S003307,C03307,Free,2025-04-11,,4,0.0
S003308,C03308,Starter,2025-02-19,,9,9.0
S003309,C03309,Free,2025-01-09,,4,0.0
S003310,C03310,Free,2025-12-11,,1,0.0
S003311,C03311,Starter,2025-07-07,,3,9.0
S003312,C03312,Starter,2025-05-27,,19,9.0
S003313,C03313,Professional,2025-12-06,2026-06-30,25,19.0
S003314,C03314,Professional,2025-03-24,,78,19.0
S003315,C03315,Enterprise,2025-05-28,,379,299.0
S003316,C03316,Starter,2025-11-06,,12,9.0
S003317,C03317,Starter,2025-08-19,,14,9.0
S003318,C03318,Starter,2025-05-26,,13,9.0
S003319,C03319,Free,2025-04-04,,2,0.0
S003320,C03320,Free,2025-01-13,,5,0.0
S003321,C03321,Free,2025-02-01,,1,0.0
S003322,C03322,Professional,2025-03-01,2025-10-03,63,19.0
S003323,C03323,Starter,2025-10-15,2026-03-03,14,9.0
S003324,C03324,Free,2025-08-22,2026-06-30,1,0.0
S003325,C03325,Professional,2025-06-08,,57,19.0
S003326,C03326,Starter,2025-10-13,,20,9.0
S003327,C03327,Professional,2025-02-28,,30,19.0
S003328,C03328,Professional,2025-03-18,,50,19.0
S003329,C03329,Starter,2025-05-24,,9,9.0
S003330,C03330,Starter,2025-12-01,,3,9.0
S003331,C03331,Enterprise,2025-08-13,,122,299.0
S003332,C03332,Professional,2025-11-07,,23,19.0
S003333,C03333,Enterprise,2025-04-01,,354,299.0
S003334,C03334,Free,2025-11-06,,4,0.0
S003335,C03335,Professional,2025-01-27,,15,19.0
S003336,C03336,Starter,2025-03-25,,5,9.0
S003337,C03337,Starter,2025-07-10,,18,9.0
S003338,C03338,Free,2025-01-19,,5,0.0
S003339,C03339,Professional,2025-11-10,,47,19.0
S003340,C03340,Starter,2025-11-13,,17,9.0
S003341,C03341,Professional,2025-07-17,2026-05-09,25,19.0
S003342,C03342,Free,2025-04-22,,1,0.0
S003343,C03343,Enterprise,2025-02-06,,464,299.0
S003344,C03344,Starter,2025-08-14,,8,9.0
S003345,C03345,Enterprise,2025-07-16,,243,299.0
S003346,C03346,Professional,2025-10-05,,45,19.0
S003347,C03347,Free,2025-08-08,,4,0.0
S003348,C03348,Professional,2025-02-16,,15,19.0
S003349,C03349,Professional,2025-02-14,,51,19.0
S003350,C03350,Free,2025-10-13,,3,0.0
S003351,C03351,Free,2025-02-28,,4,0.0
S003352,C03352,Enterprise,2025-12-09,,493,299.0
S003353,C03353,Enterprise,2025-02-08,,387,299.0
S003354,C03354,Professional,2025-09-23,,52,19.0
S003355,C03355,Free,2025-12-22,,5,0.0
S003356,C03356,Starter,2025-06-11,,11,9.0
S003357,C03357,Starter,2025-01-21,2025-06-29,3,9.0
S003358,C03358,Professional,2025-11-16,,71,19.0
S003359,C03359,Starter,2025-03-10,,20,9.0
S003360,C03360,Starter,2025-07-12,,20,9.0
S003361,C03361,Professional,2025-12-26,,74,19.0
S003362,C03362,Enterprise,2025-09-29,,461,299.0
S003363,C03363,Free,2025-01-17,,4,0.0
S003364,C03364,Starter,2025-10-27,,3,9.0
S003365,C03365,Starter,2025-02-28,,16,9.0
S003366,C03366,Starter,2025-10-01,2026-04-15,4,9.0
S003367,C03367,Starter,2025-08-15,,5,9.0
S003368,C03368,Free,2025-04-16,,4,0.0
S003369,C03369,Free,2025-06-04,,5,0.0
S003370,C03370,Professional,2025-02-13,,26,19.0
S003371,C03371,Starter,2025-12-27,,5,9.0
S003372,C03372,Professional,2025-03-28,,46,19.0
S003373,C03373,Free,2025-04-23,,2,0.0
S003374,C03374,Professional,2025-07-03,,69,19.0
S003375,C03375,Professional,2025-09-03,,23,19.0
S003376,C03376,Professional,2025-07-04,,76,19.0
S003377,C03377,Starter,2025-07-04,2026-02-06,7,9.0
S003378,C03378,Professional,2025-08-01,,33,19.0
S003379,C03379,Enterprise,2025-11-10,,368,299.0
S003380,C03380,Starter,2025-05-25,2026-02-10,18,9.0
S003381,C03381,Free,2025-10-31,2026-06-30,3,0.0
S003382,C03382,Starter,2025-10-15,,12,9.0
S003383,C03383,Enterprise,2025-12-17,,357,299.0
S003384,C03384,Free,2025-11-30,,4,0.0
S003385,C03385,Free,2025-10-19,,4,0.0
S003386,C03386,Enterprise,2025-04-01,,150,299.0
S003387,C03387,Starter,2025-10-10,2026-06-30,20,9.0
S003388,C03388,Free,2025-09-26,,1,0.0
S003389,C03389,Professional,2025-04-16,2026-06-30,26,19.0
S003390,C03390,Free,2025-09-05,2026-02-04,4,0.0
S003391,C03391,Starter,2025-04-03,2025-10-28,8,9.0
S003392,C03392,Free,2025-07-10,,3,0.0
S003393,C03393,Professional,2025-10-18,,21,19.0
S003394,C03394,Professional,2025-03-10,,68,19.0
S003395,C03395,Free,2025-05-03,,2,0.0
S003396,C03396,Starter,2025-10-18,,5,9.0
S003397,C03397,Enterprise,2025-06-15,2026-06-30,144,299.0
S003398,C03398,Starter,2025-12-17,,6,9.0
S003399,C03399,Enterprise,2025-01-03,,393,299.0
S003400,C03400,Enterprise,2025-09-21,,125,299.0
S003401,C03401,Starter,2025-10-25,,13,9.0
S003402,C03402,Professional,2025-12-02,,56,19.0
S003403,C03403,Professional,2025-02-27,,33,19.0
S003404,C03404,Professional,2025-12-26,,53,19.0
S003405,C03405,Professional,2025-05-24,,30,19.0
S003406,C03406,Starter,2025-05-09,,10,9.0
S003407,C03407,Enterprise,2025-05-10,,111,299.0
S003408,C03408,Starter,2025-08-21,,5,9.0
S003409,C03409,Professional,2025-08-29,,17,19.0
S003410,C03410,Professional,2025-06-22,,11,19.0
S003411,C03411,Starter,2025-01-26,,9,9.0
S003412,C03412,Professional,2025-12-27,,28,19.0
S003413,C03413,Professional,2025-03-23,,28,19.0
S003414,C03414,Enterprise,2025-02-04,,101,299.0
S003415,C03415,Starter,2025-08-07,2025-10-19,17,9.0
S003416,C03416,Professional,2025-05-31,,77,19.0
S003417,C03417,Free,2025-08-13,,4,0.0
S003418,C03418,Free,2025-11-16,2026-06-30,1,0.0
S003419,C03419,Free,2025-02-05,,4,0.0
S003420,C03420,Starter,2025-04-14,,7,9.0
S003421,C03421,Professional,2025-07-08,2025-09-08,31,19.0
S003422,C03422,Free,2025-10-15,,4,0.0
S003423,C03423,Free,2025-08-08,,2,0.0
S003424,C03424,Starter,2025-05-20,,20,9.0
S003425,C03425,Professional,2025-08-11,,70,19.0
S003426,C03426,Free,2025-12-24,,4,0.0
S003427,C03427,Starter,2025-06-25,,12,9.0
S003428,C03428,Professional,2025-11-19,,27,19.0
S003429,C03429,Professional,2025-10-12,,56,19.0
S003430,C03430,Professional,2025-04-20,,42,19.0
S003431,C03431,Starter,2025-04-02,,14,9.0
S003432,C03432,Free,2025-10-09,,1,0.0
S003433,C03433,Free,2025-03-17,,2,0.0
S003434,C03434,Professional,2025-05-03,,17,19.0
S003435,C03435,Starter,2025-03-27,,10,9.0
S003436,C03436,Starter,2025-08-10,,15,9.0
S003437,C03437,Free,2025-04-18,,1,0.0
S003438,C03438,Starter,2025-08-29,,17,9.0
S003439,C03439,Starter,2025-12-08,,17,9.0
S003440,C03440,Starter,2025-10-30,,7,9.0
S003441,C03441,Free,2025-12-13,,1,0.0
S003442,C03442,Starter,2025-01-09,,16,9.0
S003443,C03443,Free,2025-06-16,,4,0.0
S003444,C03444,Starter,2025-03-22,,14,9.0
S003445,C03445,Professional,2025-12-02,,20,19.0
S003446,C03446,Professional,2025-09-17,,46,19.0
S003447,C03447,Free,2025-04-27,,2,0.0
S003448,C03448,Professional,2025-07-25,,30,19.0
S003449,C03449,Starter,2025-08-09,,13,9.0
S003450,C03450,Starter,2025-06-30,,20,9.0
S003451,C03451,Free,2025-06-23,,1,0.0
S003452,C03452,Enterprise,2025-01-21,,199,299.0
S003453,C03453,Starter,2025-06-15,,7,9.0
S003454,C03454,Starter,2025-05-08,,6,9.0
S003455,C03455,Free,2025-10-26,2026-06-30,5,0.0
S003456,C03456,Professional,2025-11-12,,17,19.0
S003457,C03457,Starter,2025-10-01,,6,9.0
S003458,C03458,Professional,2025-01-12,,56,19.0
S003459,C03459,Free,2025-11-04,,2,0.0
S003460,C03460,Starter,2025-05-25,,19,9.0
S003461,C03461,Professional,2025-06-01,,52,19.0
S003462,C03462,Starter,2025-12-11,,5,9.0
S003463,C03463,Free,2025-11-13,,3,0.0
S003464,C03464,Professional,2025-01-19,,17,19.0
S003465,C03465,Enterprise,2025-05-12,,271,299.0
S003466,C03466,Starter,2025-10-01,,19,9.0
S003467,C03467,Professional,2025-07-16,,44,19.0
S003468,C03468,Starter,2025-04-05,,14,9.0
S003469,C03469,Professional,2025-07-11,2026-05-07,37,19.0
S003470,C03470,Professional,2025-11-13,,78,19.0
S003471,C03471,Professional,2025-03-23,,52,19.0
S003472,C03472,Starter,2025-09-30,,15,9.0
S003473,C03473,Free,2025-09-26,,4,0.0
S003474,C03474,Professional,2025-11-20,2026-04-02,64,19.0
S003475,C03475,Professional,2025-04-19,,76,19.0
S003476,C03476,Professional,2025-03-20,,42,19.0
S003477,C03477,Free,2025-07-19,,1,0.0
S003478,C03478,Starter,2025-07-13,2026-06-30,7,9.0
S003479,C03479,Professional,2025-05-30,,27,19.0
S003480,C03480,Free,2025-10-12,,3,0.0
S003481,C03481,Professional,2025-10-19,2026-06-30,16,19.0
S003482,C03482,Starter,2025-03-31,,9,9.0
S003483,C03483,Professional,2025-10-18,,61,19.0
S003484,C03484,Starter,2025-03-26,,11,9.0
S003485,C03485,Starter,2025-05-29,,9,9.0
S003486,C03486,Enterprise,2025-01-10,,306,299.0
S003487,C03487,Professional,2025-05-05,,19,19.0
S003488,C03488,Free,2025-12-16,,1,0.0
S003489,C03489,Enterprise,2025-06-11,,388,299.0
S003490,C03490,Starter,2025-09-17,,13,9.0
S003491,C03491,Professional,2025-02-09,,58,19.0
S003492,C03492,Free,2025-08-20,2026-02-12,2,0.0
S003493,C03493,Professional,2025-05-16,,25,19.0
S003494,C03494,Enterprise,2025-09-29,,425,299.0
S003495,C03495,Starter,2025-12-05,,16,9.0
S003496,C03496,Free,2025-07-14,2026-03-03,1,0.0
S003497,C03497,Professional,2025-02-07,,78,19.0
S003498,C03498,Free,2025-06-23,,3,0.0
S003499,C03499,Starter,2025-02-14,2025-08-25,8,9.0
S003500,C03500,Professional,2025-06-14,,35,19.0
S003501,C03501,Free,2025-01-23,,3,0.0
S003502,C03502,Enterprise,2025-08-22,,137,299.0
S003503,C03503,Professional,2025-04-24,,15,19.0
S003504,C03504,Starter,2025-03-15,,10,9.0
S003505,C03505,Starter,2025-01-07,,20,9.0
S003506,C03506,Professional,2025-11-21,,39,19.0
S003507,C03507,Starter,2025-11-02,,18,9.0
S003508,C03508,Enterprise,2025-10-24,,402,299.0
S003509,C03509,Free,2025-01-22,,5,0.0
S003510,C03510,Starter,2025-05-08,,5,9.0
S003511,C03511,Starter,2025-12-21,,20,9.0
S003512,C03512,Free,2025-07-31,,5,0.0
S003513,C03513,Starter,2025-02-16,,18,9.0
S003514,C03514,Starter,2025-02-21,,3,9.0
S003515,C03515,Starter,2025-04-07,,7,9.0
S003516,C03516,Free,2025-12-21,,3,0.0
S003517,C03517,Starter,2025-03-03,,14,9.0
S003518,C03518,Free,2025-11-26,,4,0.0
S003519,C03519,Free,2025-09-05,,5,0.0
S003520,C03520,Free,2025-12-03,,1,0.0
S003521,C03521,Enterprise,2025-10-29,,200,299.0
S003522,C03522,Free,2025-05-02,,1,0.0
S003523,C03523,Free,2025-10-30,,3,0.0
S003524,C03524,Enterprise,2025-03-03,,209,299.0
S003525,C03525,Professional,2025-04-17,,53,19.0
S003526,C03526,Starter,2025-03-19,,9,9.0
S003527,C03527,Professional,2025-02-18,,28,19.0
S003528,C03528,Professional,2025-02-02,2026-06-16,34,19.0
S003529,C03529,Professional,2025-03-10,,54,19.0
S003530,C03530,Professional,2025-02-13,,78,19.0
S003531,C03531,Professional,2025-05-19,,22,19.0
S003532,C03532,Enterprise,2025-01-27,,166,299.0
S003533,C03533,Starter,2025-01-23,,20,9.0
S003534,C03534,Professional,2025-12-28,,73,19.0
S003535,C03535,Free,2025-02-02,,5,0.0
S003536,C03536,Professional,2025-01-28,,77,19.0
S003537,C03537,Enterprise,2025-01-11,,185,299.0
S003538,C03538,Free,2025-02-18,,1,0.0
S003539,C03539,Starter,2025-07-12,,14,9.0
S003540,C03540,Professional,2025-10-29,,63,19.0
S003541,C03541,Professional,2025-09-26,,69,19.0
S003542,C03542,Professional,2025-07-31,,80,19.0
S003543,C03543,Enterprise,2025-02-01,,459,299.0
S003544,C03544,Free,2025-10-10,,2,0.0
S003545,C03545,Professional,2025-01-14,,30,19.0
S003546,C03546,Professional,2025-08-19,,45,19.0
S003547,C03547,Starter,2025-05-30,,8,9.0
S003548,C03548,Starter,2025-11-18,,16,9.0
S003549,C03549,Professional,2025-04-23,,68,19.0
S003550,C03550,Professional,2025-08-22,,62,19.0
S003551,C03551,Professional,2025-06-10,,10,19.0
S003552,C03552,Starter,2025-07-10,2026-06-30,17,9.0
S003553,C03553,Professional,2025-12-09,,30,19.0
S003554,C03554,Starter,2025-09-18,,9,9.0
S003555,C03555,Starter,2025-06-01,,13,9.0
S003556,C03556,Professional,2025-06-13,2026-03-14,18,19.0
S003557,C03557,Professional,2025-09-15,,61,19.0
S003558,C03558,Professional,2025-05-07,,58,19.0
S003559,C03559,Starter,2025-03-03,,11,9.0
S003560,C03560,Professional,2025-06-20,,34,19.0
S003561,C03561,Enterprise,2025-01-25,,214,299.0
S003562,C03562,Starter,2025-03-03,,14,9.0
S003563,C03563,Professional,2025-06-03,,80,19.0
S003564,C03564,Enterprise,2025-10-18,,289,299.0
S003565,C03565,Starter,2025-10-13,,20,9.0
S003566,C03566,Professional,2025-04-06,,42,19.0
S003567,C03567,Professional,2025-06-04,2025-09-24,10,19.0
S003568,C03568,Starter,2025-02-26,,18,9.0
S003569,C03569,Professional,2025-10-03,,34,19.0
S003570,C03570,Free,2025-03-31,,4,0.0
S003571,C03571,Free,2025-10-19,,3,0.0
S003572,C03572,Starter,2025-11-04,,14,9.0
S003573,C03573,Professional,2025-09-09,,64,19.0
S003574,C03574,Starter,2025-05-01,,20,9.0
S003575,C03575,Professional,2025-12-14,,78,19.0
S003576,C03576,Starter,2025-09-08,,7,9.0
S003577,C03577,Starter,2025-08-24,,3,9.0
S003578,C03578,Starter,2025-11-09,,15,9.0
S003579,C03579,Starter,2025-11-18,,6,9.0
S003580,C03580,Starter,2025-01-29,,9,9.0
S003581,C03581,Starter,2025-11-18,2026-06-30,16,9.0
S003582,C03582,Free,2025-10-07,,3,0.0
S003583,C03583,Starter,2025-03-17,,13,9.0
S003584,C03584,Professional,2025-04-23,2025-08-21,68,19.0
S003585,C03585,Free,2025-10-02,,4,0.0
S003586,C03586,Starter,2025-03-21,,19,9.0
S003587,C03587,Starter,2025-06-15,,6,9.0
S003588,C03588,Enterprise,2025-09-09,,271,299.0
S003589,C03589,Professional,2025-08-26,,41,19.0
S003590,C03590,Enterprise,2025-11-29,,433,299.0
S003591,C03591,Starter,2025-02-10,,18,9.0
S003592,C03592,Professional,2025-04-18,2025-12-03,33,19.0
S003593,C03593,Free,2025-12-26,2026-05-06,5,0.0
S003594,C03594,Professional,2025-07-27,,56,19.0
S003595,C03595,Starter,2025-04-01,,7,9.0
S003596,C03596,Professional,2025-04-16,,72,19.0
S003597,C03597,Professional,2025-05-04,,22,19.0
S003598,C03598,Professional,2025-07-22,,58,19.0
S003599,C03599,Free,2025-04-14,,5,0.0
S003600,C03600,Professional,2025-08-15,,60,19.0
S003601,C03601,Professional,2025-06-12,,45,19.0
S003602,C03602,Free,2025-08-11,,5,0.0
S003603,C03603,Free,2025-02-26,,1,0.0
S003604,C03604,Professional,2025-08-16,2026-06-30,27,19.0
S003605,C03605,Starter,2025-12-04,2026-06-30,14,9.0
S003606,C03606,Free,2025-02-19,2026-01-09,4,0.0
S003607,C03607,Professional,2025-04-30,,29,19.0
S003608,C03608,Enterprise,2025-09-11,,355,299.0
S003609,C03609,Starter,2025-08-14,,17,9.0
S003610,C03610,Enterprise,2025-09-04,,318,299.0
S003611,C03611,Professional,2025-07-24,,21,19.0
S003612,C03612,Professional,2025-09-07,,79,19.0
S003613,C03613,Professional,2025-08-11,,35,19.0
S003614,C03614,Enterprise,2025-01-28,,265,299.0
S003615,C03615,Professional,2025-10-02,,50,19.0
S003616,C03616,Starter,2025-06-13,,7,9.0
S003617,C03617,Free,2025-01-19,,1,0.0
S003618,C03618,Starter,2025-05-30,,18,9.0
S003619,C03619,Free,2025-06-08,2026-06-30,4,0.0
S003620,C03620,Free,2025-02-01,,1,0.0
S003621,C03621,Starter,2025-12-30,,12,9.0
S003622,C03622,Starter,2025-03-23,,16,9.0
S003623,C03623,Free,2025-05-01,,5,0.0
S003624,C03624,Professional,2025-06-10,,75,19.0
S003625,C03625,Free,2025-10-31,,1,0.0
S003626,C03626,Professional,2025-09-29,,68,19.0
S003627,C03627,Professional,2025-10-09,,20,19.0
S003628,C03628,Enterprise,2025-03-28,,353,299.0
S003629,C03629,Starter,2025-11-05,,13,9.0
S003630,C03630,Starter,2025-10-30,,19,9.0
S003631,C03631,Professional,2025-06-19,,51,19.0
S003632,C03632,Professional,2025-07-19,,44,19.0
S003633,C03633,Professional,2025-01-14,2026-01-02,53,19.0
S003634,C03634,Free,2025-10-05,,1,0.0
S003635,C03635,Starter,2025-12-17,,3,9.0
S003636,C03636,Free,2025-06-22,,4,0.0
S003637,C03637,Professional,2025-07-17,,45,19.0
S003638,C03638,Starter,2025-07-02,,15,9.0
S003639,C03639,Starter,2025-01-31,,11,9.0
S003640,C03640,Professional,2025-08-15,,71,19.0
S003641,C03641,Starter,2025-09-21,2026-06-30,8,9.0
S003642,C03642,Free,2025-12-05,,3,0.0
S003643,C03643,Starter,2025-12-06,,7,9.0
S003644,C03644,Professional,2025-06-29,,20,19.0
S003645,C03645,Professional,2025-12-17,,18,19.0
S003646,C03646,Starter,2025-07-12,,4,9.0
S003647,C03647,Starter,2025-08-23,,4,9.0
S003648,C03648,Enterprise,2025-08-08,,238,299.0
S003649,C03649,Free,2025-12-31,,3,0.0
S003650,C03650,Free,2025-09-27,,4,0.0
S003651,C03651,Professional,2025-02-13,,68,19.0
S003652,C03652,Starter,2025-01-27,,12,9.0
S003653,C03653,Enterprise,2025-05-30,,337,299.0
S003654,C03654,Professional,2025-07-08,,22,19.0
S003655,C03655,Professional,2025-09-02,,28,19.0
S003656,C03656,Professional,2025-06-25,2026-06-30,27,19.0
S003657,C03657,Free,2025-07-07,,3,0.0
S003658,C03658,Enterprise,2025-12-03,,239,299.0
S003659,C03659,Starter,2025-05-03,,6,9.0
S003660,C03660,Free,2025-06-30,,3,0.0
S003661,C03661,Starter,2025-07-23,,5,9.0
S003662,C03662,Starter,2025-06-20,,18,9.0
S003663,C03663,Starter,2025-12-20,2026-06-30,16,9.0
S003664,C03664,Free,2025-12-18,2026-03-21,5,0.0
S003665,C03665,Starter,2025-07-07,,7,9.0
S003666,C03666,Professional,2025-06-14,,52,19.0
S003667,C03667,Professional,2025-08-03,,67,19.0
S003668,C03668,Starter,2025-03-08,,10,9.0
S003669,C03669,Free,2025-06-05,,5,0.0
S003670,C03670,Professional,2025-03-21,,23,19.0
S003671,C03671,Professional,2025-02-22,,22,19.0
S003672,C03672,Free,2025-02-04,,3,0.0
S003673,C03673,Enterprise,2025-08-03,,242,299.0
S003674,C03674,Starter,2025-01-01,,14,9.0
S003675,C03675,Starter,2025-08-24,,18,9.0
S003676,C03676,Starter,2025-06-07,,8,9.0
S003677,C03677,Enterprise,2025-05-14,,396,299.0
S003678,C03678,Professional,2025-10-08,,32,19.0
S003679,C03679,Professional,2025-07-16,,13,19.0
S003680,C03680,Starter,2025-09-25,,17,9.0
S003681,C03681,Starter,2025-09-16,,12,9.0
S003682,C03682,Starter,2025-01-12,,14,9.0
S003683,C03683,Starter,2025-03-20,,9,9.0
S003684,C03684,Professional,2025-07-28,2026-05-23,41,19.0
S003685,C03685,Professional,2025-12-23,,68,19.0
S003686,C03686,Starter,2025-02-26,,13,9.0
S003687,C03687,Enterprise,2025-02-08,,159,299.0
S003688,C03688,Free,2025-12-10,,3,0.0
S003689,C03689,Free,2025-12-19,,1,0.0
S003690,C03690,Starter,2025-03-03,,6,9.0
S003691,C03691,Enterprise,2025-05-27,,495,299.0
S003692,C03692,Free,2025-08-17,,5,0.0
S003693,C03693,Free,2025-03-13,,5,0.0
S003694,C03694,Starter,2025-04-30,,4,9.0
S003695,C03695,Enterprise,2025-05-25,,500,299.0
S003696,C03696,Starter,2025-08-23,,6,9.0
S003697,C03697,Professional,2025-04-23,,22,19.0
S003698,C03698,Professional,2025-05-31,,49,19.0
S003699,C03699,Professional,2025-04-16,2026-06-30,37,19.0
S003700,C03700,Free,2025-10-05,,3,0.0
S003701,C03701,Free,2025-02-25,,5,0.0
S003702,C03702,Starter,2025-03-26,,13,9.0
S003703,C03703,Professional,2025-04-02,2026-03-20,31,19.0
S003704,C03704,Professional,2025-11-27,,75,19.0
S003705,C03705,Free,2025-12-11,,4,0.0
S003706,C03706,Starter,2025-07-02,2026-01-07,8,9.0
S003707,C03707,Free,2025-02-27,2025-12-05,1,0.0
S003708,C03708,Starter,2025-10-03,,5,9.0
S003709,C03709,Starter,2025-06-29,,6,9.0
S003710,C03710,Enterprise,2025-11-07,,148,299.0
S003711,C03711,Starter,2025-05-12,,19,9.0
S003712,C03712,Free,2025-12-31,,1,0.0
S003713,C03713,Starter,2025-10-22,2026-06-30,20,9.0
S003714,C03714,Enterprise,2025-03-23,2026-02-02,417,299.0
S003715,C03715,Starter,2025-09-22,,4,9.0
S003716,C03716,Professional,2025-04-15,,42,19.0
S003717,C03717,Starter,2025-05-08,,3,9.0
S003718,C03718,Professional,2025-04-02,,28,19.0
S003719,C03719,Starter,2025-09-07,,7,9.0
S003720,C03720,Professional,2025-04-06,,57,19.0
S003721,C03721,Professional,2025-08-22,2026-06-30,23,19.0
S003722,C03722,Starter,2025-08-01,2026-05-23,16,9.0
S003723,C03723,Professional,2025-10-02,2026-03-20,60,19.0
S003724,C03724,Free,2025-12-29,,5,0.0
S003725,C03725,Starter,2025-01-04,2025-05-20,12,9.0
S003726,C03726,Starter,2025-12-28,,10,9.0
S003727,C03727,Professional,2025-02-09,2025-08-19,61,19.0
S003728,C03728,Professional,2025-07-12,,58,19.0
S003729,C03729,Professional,2025-05-05,,24,19.0
S003730,C03730,Starter,2025-08-22,,7,9.0
S003731,C03731,Free,2025-09-21,,4,0.0
S003732,C03732,Enterprise,2025-11-10,,447,299.0
S003733,C03733,Starter,2025-05-27,,12,9.0
S003734,C03734,Free,2025-12-07,,5,0.0
S003735,C03735,Professional,2025-04-28,2025-08-25,48,19.0
S003736,C03736,Professional,2025-03-16,,54,19.0
S003737,C03737,Starter,2025-05-19,,9,9.0
S003738,C03738,Professional,2025-07-12,,56,19.0
S003739,C03739,Professional,2025-09-01,2026-01-09,15,19.0
S003740,C03740,Free,2025-10-31,,4,0.0
S003741,C03741,Enterprise,2025-03-24,,260,299.0
S003742,C03742,Starter,2025-04-21,,13,9.0
S003743,C03743,Starter,2025-12-09,,20,9.0
S003744,C03744,Free,2025-06-10,,3,0.0
S003745,C03745,Free,2025-03-30,,4,0.0
S003746,C03746,Free,2025-12-26,,4,0.0
S003747,C03747,Starter,2025-06-13,2026-06-30,6,9.0
S003748,C03748,Enterprise,2025-12-26,,491,299.0
S003749,C03749,Starter,2025-12-02,,12,9.0
S003750,C03750,Starter,2025-11-27,,16,9.0
S003751,C03751,Starter,2025-08-01,,5,9.0
S003752,C03752,Starter,2025-10-19,2026-06-04,8,9.0
S003753,C03753,Professional,2025-12-17,,76,19.0
S003754,C03754,Starter,2025-04-09,,12,9.0
S003755,C03755,Starter,2025-01-14,2025-07-19,3,9.0
S003756,C03756,Professional,2025-04-28,,52,19.0
S003757,C03757,Starter,2025-08-21,,18,9.0
S003758,C03758,Professional,2025-07-19,,15,19.0
S003759,C03759,Professional,2025-01-30,,23,19.0
S003760,C03760,Starter,2025-07-24,2025-10-12,11,9.0
S003761,C03761,Free,2025-03-05,,3,0.0
S003762,C03762,Starter,2025-07-04,,4,9.0
S003763,C03763,Enterprise,2025-07-30,,177,299.0
S003764,C03764,Professional,2025-08-21,,46,19.0
S003765,C03765,Enterprise,2025-05-31,,340,299.0
S003766,C03766,Professional,2025-05-30,,16,19.0
S003767,C03767,Enterprise,2025-09-05,,387,299.0
S003768,C03768,Starter,2025-10-01,,9,9.0
S003769,C03769,Professional,2025-10-22,2026-06-30,80,19.0
S003770,C03770,Starter,2025-05-02,,20,9.0
S003771,C03771,Professional,2025-06-04,,53,19.0
S003772,C03772,Enterprise,2025-05-01,,102,299.0
S003773,C03773,Professional,2025-07-12,,19,19.0
S003774,C03774,Professional,2025-02-16,,29,19.0
S003775,C03775,Professional,2025-06-06,,41,19.0
S003776,C03776,Free,2025-03-10,,2,0.0
S003777,C03777,Starter,2025-07-14,,16,9.0
S003778,C03778,Professional,2025-11-07,,51,19.0
S003779,C03779,Professional,2025-12-26,,31,19.0
S003780,C03780,Professional,2025-06-12,,78,19.0
S003781,C03781,Starter,2025-01-21,,19,9.0
S003782,C03782,Starter,2025-03-25,2026-06-30,14,9.0
S003783,C03783,Enterprise,2025-02-08,,187,299.0
S003784,C03784,Professional,2025-10-05,,73,19.0
S003785,C03785,Professional,2025-12-26,2026-06-30,61,19.0
S003786,C03786,Free,2025-07-22,,1,0.0
S003787,C03787,Free,2025-03-06,,1,0.0
S003788,C03788,Starter,2025-01-08,,8,9.0
S003789,C03789,Free,2025-12-23,,4,0.0
S003790,C03790,Free,2025-04-26,,5,0.0
S003791,C03791,Free,2025-02-10,,1,0.0
S003792,C03792,Starter,2025-03-06,,3,9.0
S003793,C03793,Free,2025-04-04,,4,0.0
S003794,C03794,Professional,2025-08-28,,42,19.0
S003795,C03795,Professional,2025-11-22,,15,19.0
S003796,C03796,Starter,2025-04-11,,11,9.0
S003797,C03797,Enterprise,2025-09-08,,115,299.0
S003798,C03798,Starter,2025-01-24,,20,9.0
S003799,C03799,Professional,2025-01-04,,71,19.0
S003800,C03800,Free,2025-01-21,,3,0.0
S003801,C03801,Starter,2025-12-03,,17,9.0
S003802,C03802,Starter,2025-08-01,,19,9.0
S003803,C03803,Enterprise,2025-10-21,,112,299.0
S003804,C03804,Enterprise,2025-01-08,,334,299.0
S003805,C03805,Starter,2025-01-09,,6,9.0
S003806,C03806,Professional,2025-11-06,,31,19.0
S003807,C03807,Starter,2025-02-07,,14,9.0
S003808,C03808,Professional,2025-02-26,2025-07-06,20,19.0
S003809,C03809,Free,2025-07-09,2026-06-30,5,0.0
S003810,C03810,Professional,2025-08-10,,44,19.0
S003811,C03811,Starter,2025-03-25,,18,9.0
S003812,C03812,Professional,2025-06-12,,11,19.0
S003813,C03813,Starter,2025-09-04,,17,9.0
S003814,C03814,Professional,2025-06-11,,33,19.0
S003815,C03815,Free,2025-05-20,,4,0.0
S003816,C03816,Starter,2025-01-27,,12,9.0
S003817,C03817,Starter,2025-06-14,,13,9.0
S003818,C03818,Free,2025-10-21,2026-04-15,3,0.0
S003819,C03819,Starter,2025-08-17,,11,9.0
S003820,C03820,Free,2025-11-22,2026-06-30,3,0.0
S003821,C03821,Starter,2025-02-16,,20,9.0
S003822,C03822,Starter,2025-01-05,,20,9.0
S003823,C03823,Professional,2025-07-20,,51,19.0
S003824,C03824,Starter,2025-03-07,,5,9.0
S003825,C03825,Free,2025-08-05,,1,0.0
S003826,C03826,Starter,2025-11-26,2026-06-30,20,9.0
S003827,C03827,Professional,2025-05-04,2025-10-15,23,19.0
S003828,C03828,Professional,2025-07-20,,59,19.0
S003829,C03829,Free,2025-09-06,2026-02-01,4,0.0
S003830,C03830,Free,2025-02-24,,5,0.0
S003831,C03831,Professional,2025-11-24,,31,19.0
S003832,C03832,Starter,2025-03-16,,14,9.0
S003833,C03833,Starter,2025-10-23,,11,9.0
S003834,C03834,Starter,2025-08-29,,6,9.0
S003835,C03835,Enterprise,2025-02-21,,391,299.0
S003836,C03836,Starter,2025-09-22,,16,9.0
S003837,C03837,Free,2025-03-13,,3,0.0
S003838,C03838,Starter,2025-08-07,,18,9.0
S003839,C03839,Starter,2025-12-17,,14,9.0
S003840,C03840,Free,2025-12-14,,4,0.0
S003841,C03841,Enterprise,2025-11-15,,400,299.0
S003842,C03842,Starter,2025-06-30,,18,9.0
S003843,C03843,Professional,2025-07-24,2025-10-31,55,19.0
S003844,C03844,Professional,2025-04-20,,14,19.0
S003845,C03845,Starter,2025-12-03,,20,9.0
S003846,C03846,Free,2025-06-24,,5,0.0
S003847,C03847,Starter,2025-10-09,,16,9.0
S003848,C03848,Professional,2025-05-12,,76,19.0
S003849,C03849,Starter,2025-09-28,,6,9.0
S003850,C03850,Starter,2025-03-23,,19,9.0
S003851,C03851,Free,2025-09-25,,1,0.0
S003852,C03852,Free,2025-01-17,,4,0.0
S003853,C03853,Starter,2025-02-08,,12,9.0
S003854,C03854,Free,2025-05-09,,5,0.0
S003855,C03855,Professional,2025-06-25,,47,19.0
S003856,C03856,Enterprise,2025-09-17,,342,299.0
S003857,C03857,Enterprise,2025-05-12,,226,299.0
S003858,C03858,Starter,2025-01-07,2025-10-19,11,9.0
S003859,C03859,Starter,2025-04-29,,9,9.0
S003860,C03860,Starter,2025-06-10,,19,9.0
S003861,C03861,Free,2025-07-18,2026-01-10,3,0.0
S003862,C03862,Enterprise,2025-08-24,,183,299.0
S003863,C03863,Professional,2025-04-01,,13,19.0
S003864,C03864,Starter,2025-08-11,2025-12-19,18,9.0
S003865,C03865,Professional,2025-08-19,,54,19.0
S003866,C03866,Starter,2025-10-11,,10,9.0
S003867,C03867,Professional,2025-07-10,,30,19.0
S003868,C03868,Starter,2025-10-23,,8,9.0
S003869,C03869,Professional,2025-03-22,,54,19.0
S003870,C03870,Enterprise,2025-09-17,2026-06-30,302,299.0
S003871,C03871,Starter,2025-01-17,,12,9.0
S003872,C03872,Professional,2025-02-07,,55,19.0
S003873,C03873,Starter,2025-11-12,,19,9.0
S003874,C03874,Professional,2025-06-23,2026-04-06,22,19.0
S003875,C03875,Starter,2025-08-15,,14,9.0
S003876,C03876,Enterprise,2025-08-09,,401,299.0
S003877,C03877,Professional,2025-09-11,,44,19.0
S003878,C03878,Starter,2025-03-31,,10,9.0
S003879,C03879,Free,2025-03-07,,3,0.0
S003880,C03880,Professional,2025-01-16,,59,19.0
S003881,C03881,Starter,2025-11-12,2026-04-22,9,9.0
S003882,C03882,Starter,2025-03-23,,5,9.0
S003883,C03883,Professional,2025-07-29,,15,19.0
S003884,C03884,Starter,2025-06-16,,4,9.0
S003885,C03885,Starter,2025-03-01,,19,9.0
S003886,C03886,Starter,2025-06-01,,5,9.0
S003887,C03887,Free,2025-01-31,2026-01-31,4,0.0
S003888,C03888,Free,2025-03-06,2025-10-07,1,0.0
S003889,C03889,Professional,2025-02-20,,47,19.0
S003890,C03890,Starter,2025-10-28,,16,9.0
S003891,C03891,Starter,2025-07-27,,5,9.0
S003892,C03892,Enterprise,2025-12-04,,297,299.0
S003893,C03893,Enterprise,2025-06-09,,269,299.0
S003894,C03894,Free,2025-03-15,,4,0.0
S003895,C03895,Professional,2025-08-11,,50,19.0
S003896,C03896,Starter,2025-12-06,,16,9.0
S003897,C03897,Professional,2025-07-14,,51,19.0
S003898,C03898,Free,2025-01-07,,2,0.0
S003899,C03899,Free,2025-04-21,,3,0.0
S003900,C03900,Enterprise,2025-12-04,,465,299.0
S003901,C03901,Professional,2025-07-09,,38,19.0
S003902,C03902,Starter,2025-12-14,,16,9.0
S003903,C03903,Professional,2025-07-05,2026-05-04,57,19.0
S003904,C03904,Starter,2025-01-05,2025-09-07,4,9.0
S003905,C03905,Free,2025-11-15,,1,0.0
S003906,C03906,Starter,2025-10-06,,13,9.0
S003907,C03907,Professional,2025-09-19,,23,19.0
S003908,C03908,Professional,2025-12-21,,39,19.0
S003909,C03909,Starter,2025-03-13,,11,9.0
S003910,C03910,Starter,2025-11-27,,11,9.0
S003911,C03911,Starter,2025-03-26,,16,9.0
S003912,C03912,Starter,2025-12-21,,9,9.0
S003913,C03913,Free,2025-03-11,,1,0.0
S003914,C03914,Free,2025-07-20,2026-06-30,3,0.0
S003915,C03915,Professional,2025-10-16,,71,19.0
S003916,C03916,Professional,2025-01-29,,35,19.0
S003917,C03917,Starter,2025-01-25,,16,9.0
S003918,C03918,Starter,2025-11-07,,11,9.0
S003919,C03919,Professional,2025-01-23,,23,19.0
S003920,C03920,Free,2025-08-13,,3,0.0
S003921,C03921,Professional,2025-12-09,,44,19.0
S003922,C03922,Starter,2025-08-13,,16,9.0
S003923,C03923,Starter,2025-06-25,,15,9.0
S003924,C03924,Free,2025-06-02,,1,0.0
S003925,C03925,Enterprise,2025-08-21,,122,299.0
S003926,C03926,Free,2025-07-28,,1,0.0
S003927,C03927,Free,2025-07-03,,4,0.0
S003928,C03928,Starter,2025-02-26,,11,9.0
S003929,C03929,Professional,2025-08-30,,36,19.0
S003930,C03930,Professional,2025-09-28,,43,19.0
S003931,C03931,Starter,2025-09-16,,3,9.0
S003932,C03932,Professional,2025-01-28,,50,19.0
S003933,C03933,Starter,2025-09-14,,5,9.0
S003934,C03934,Free,2025-09-24,,4,0.0
S003935,C03935,Starter,2025-03-08,,5,9.0
S003936,C03936,Starter,2025-11-06,,7,9.0
S003937,C03937,Professional,2025-07-11,,77,19.0
S003938,C03938,Professional,2025-06-22,,55,19.0
S003939,C03939,Enterprise,2025-09-21,,454,299.0
S003940,C03940,Starter,2025-07-06,,11,9.0
S003941,C03941,Professional,2025-07-18,,61,19.0
S003942,C03942,Enterprise,2025-04-24,,298,299.0
S003943,C03943,Starter,2025-12-05,,14,9.0
S003944,C03944,Starter,2025-12-20,,13,9.0
S003945,C03945,Professional,2025-02-17,,10,19.0
S003946,C03946,Professional,2025-09-25,,53,19.0
S003947,C03947,Professional,2025-01-09,,19,19.0
S003948,C03948,Professional,2025-05-15,,53,19.0
S003949,C03949,Enterprise,2025-12-21,,148,299.0
S003950,C03950,Free,2025-03-05,,5,0.0
S003951,C03951,Professional,2025-05-18,,51,19.0
S003952,C03952,Starter,2025-03-22,,11,9.0
S003953,C03953,Free,2025-09-23,,5,0.0
S003954,C03954,Free,2025-06-19,,5,0.0
S003955,C03955,Professional,2025-08-05,,29,19.0
S003956,C03956,Starter,2025-12-11,2026-06-30,20,9.0
S003957,C03957,Free,2025-07-10,2026-02-23,3,0.0
S003958,C03958,Professional,2025-09-25,,33,19.0
S003959,C03959,Starter,2025-02-05,,19,9.0
S003960,C03960,Starter,2025-03-20,,18,9.0
S003961,C03961,Starter,2025-12-12,,18,9.0
S003962,C03962,Professional,2025-11-10,,39,19.0
S003963,C03963,Professional,2025-08-28,,51,19.0
S003964,C03964,Starter,2025-05-19,2025-09-11,20,9.0
S003965,C03965,Professional,2025-03-14,,12,19.0
S003966,C03966,Professional,2025-11-07,,75,19.0
S003967,C03967,Starter,2025-10-14,,19,9.0
S003968,C03968,Free,2025-03-30,,3,0.0
S003969,C03969,Free,2025-08-04,,1,0.0
S003970,C03970,Professional,2025-08-14,,34,19.0
S003971,C03971,Enterprise,2025-06-24,,142,299.0
S003972,C03972,Free,2025-12-05,,4,0.0
S003973,C03973,Starter,2025-02-15,,9,9.0
S003974,C03974,Free,2025-04-05,,2,0.0
S003975,C03975,Starter,2025-02-04,,13,9.0
S003976,C03976,Professional,2025-09-10,,56,19.0
S003977,C03977,Professional,2025-08-24,,19,19.0
S003978,C03978,Enterprise,2025-12-27,,268,299.0
S003979,C03979,Starter,2025-07-17,,4,9.0
S003980,C03980,Professional,2025-02-24,,45,19.0
S003981,C03981,Professional,2025-06-14,,33,19.0
S003982,C03982,Professional,2025-02-02,,36,19.0
S003983,C03983,Enterprise,2025-09-02,,172,299.0
S003984,C03984,Starter,2025-09-04,,17,9.0
S003985,C03985,Free,2025-11-10,,2,0.0
S003986,C03986,Free,2025-05-05,,4,0.0
S003987,C03987,Professional,2025-04-24,,55,19.0
S003988,C03988,Free,2025-01-27,,4,0.0
S003989,C03989,Professional,2025-06-01,,10,19.0
S003990,C03990,Starter,2025-06-23,,17,9.0
S003991,C03991,Professional,2025-10-03,,56,19.0
S003992,C03992,Professional,2025-10-03,,66,19.0
S003993,C03993,Starter,2025-02-21,,16,9.0
S003994,C03994,Free,2025-04-15,,3,0.0
S003995,C03995,Professional,2025-07-06,,62,19.0
S003996,C03996,Enterprise,2025-05-03,,201,299.0
S003997,C03997,Free,2025-01-10,,2,0.0
S003998,C03998,Starter,2025-11-05,,9,9.0
S003999,C03999,Professional,2025-09-24,,37,19.0
S004000,C04000,Free,2025-07-09,,3,0.0
S004001,C04001,Free,2025-04-26,,4,0.0
S004002,C04002,Professional,2025-11-04,,26,19.0
S004003,C04003,Professional,2025-01-13,,33,19.0
S004004,C04004,Starter,2025-06-12,,17,9.0
S004005,C04005,Enterprise,2025-10-20,,413,299.0
S004006,C04006,Professional,2025-12-14,,26,19.0
S004007,C04007,Free,2025-04-02,,1,0.0
S004008,C04008,Starter,2025-08-26,,9,9.0
S004009,C04009,Professional,2025-03-11,2025-06-27,18,19.0
S004010,C04010,Professional,2025-02-12,2025-08-08,54,19.0
S004011,C04011,Professional,2025-05-09,2026-02-12,61,19.0
S004012,C04012,Starter,2025-11-20,,15,9.0
S004013,C04013,Starter,2025-09-09,2026-04-15,9,9.0
S004014,C04014,Professional,2025-06-28,,38,19.0
S004015,C04015,Free,2025-04-14,,3,0.0
S004016,C04016,Professional,2025-02-21,,63,19.0
S004017,C04017,Starter,2025-04-09,,20,9.0
S004018,C04018,Free,2025-02-25,,5,0.0
S004019,C04019,Free,2025-03-10,,2,0.0
S004020,C04020,Professional,2025-09-08,,21,19.0
S004021,C04021,Starter,2025-02-18,,3,9.0
S004022,C04022,Starter,2025-01-18,,19,9.0
S004023,C04023,Starter,2025-07-17,2025-10-14,19,9.0
S004024,C04024,Professional,2025-04-15,,48,19.0
S004025,C04025,Professional,2025-06-15,,14,19.0
S004026,C04026,Starter,2025-02-21,,11,9.0
S004027,C04027,Free,2025-03-18,,4,0.0
S004028,C04028,Professional,2025-06-10,2025-09-22,66,19.0
S004029,C04029,Starter,2025-09-09,,17,9.0
S004030,C04030,Professional,2025-06-01,,65,19.0
S004031,C04031,Free,2025-07-17,2026-02-28,1,0.0
S004032,C04032,Professional,2025-07-10,,58,19.0
S004033,C04033,Enterprise,2025-04-09,,497,299.0
S004034,C04034,Starter,2025-04-13,2025-11-13,10,9.0
S004035,C04035,Free,2025-06-05,,3,0.0
S004036,C04036,Free,2025-01-12,,2,0.0
S004037,C04037,Starter,2025-09-08,,17,9.0
S004038,C04038,Starter,2025-08-13,,9,9.0
S004039,C04039,Starter,2025-04-22,,20,9.0
S004040,C04040,Professional,2025-05-17,,50,19.0
S004041,C04041,Starter,2025-04-30,,9,9.0
S004042,C04042,Starter,2025-08-26,,13,9.0
S004043,C04043,Enterprise,2025-10-05,,115,299.0
S004044,C04044,Starter,2025-02-09,,19,9.0
S004045,C04045,Enterprise,2025-05-31,,283,299.0
S004046,C04046,Professional,2025-01-06,,42,19.0
S004047,C04047,Free,2025-06-15,,3,0.0
S004048,C04048,Professional,2025-04-01,,57,19.0
S004049,C04049,Enterprise,2025-05-03,,413,299.0
S004050,C04050,Professional,2025-06-16,,56,19.0
S004051,C04051,Starter,2025-04-29,2026-01-02,5,9.0
S004052,C04052,Free,2025-05-24,,4,0.0
S004053,C04053,Starter,2025-10-07,,14,9.0
S004054,C04054,Free,2025-10-23,,5,0.0
S004055,C04055,Starter,2025-01-03,,7,9.0
S004056,C04056,Enterprise,2025-05-18,,421,299.0
S004057,C04057,Professional,2025-11-06,,72,19.0
S004058,C04058,Professional,2025-07-13,,12,19.0
S004059,C04059,Professional,2025-03-16,,75,19.0
S004060,C04060,Free,2025-08-05,2026-06-30,5,0.0
S004061,C04061,Free,2025-02-22,,5,0.0
S004062,C04062,Professional,2025-01-08,,80,19.0
S004063,C04063,Starter,2025-08-19,,6,9.0
S004064,C04064,Starter,2025-07-08,,3,9.0
S004065,C04065,Free,2025-10-04,,4,0.0
S004066,C04066,Starter,2025-05-06,,13,9.0
S004067,C04067,Free,2025-11-08,,5,0.0
S004068,C04068,Starter,2025-06-03,,13,9.0
S004069,C04069,Professional,2025-09-27,,17,19.0
S004070,C04070,Professional,2025-02-06,2026-03-23,47,19.0
S004071,C04071,Professional,2025-02-05,,37,19.0
S004072,C04072,Professional,2025-10-13,,72,19.0
S004073,C04073,Professional,2025-11-01,,60,19.0
S004074,C04074,Starter,2025-12-10,,17,9.0
S004075,C04075,Starter,2025-04-29,,16,9.0
S004076,C04076,Free,2025-01-09,,1,0.0
S004077,C04077,Professional,2025-12-24,,71,19.0
S004078,C04078,Professional,2025-08-08,2026-05-22,17,19.0
S004079,C04079,Starter,2025-04-01,,7,9.0
S004080,C04080,Starter,2025-10-06,,5,9.0
S004081,C04081,Free,2025-11-26,,1,0.0
S004082,C04082,Free,2025-04-14,2025-08-24,5,0.0
S004083,C04083,Starter,2025-10-08,,5,9.0
S004084,C04084,Enterprise,2025-10-15,,139,299.0
S004085,C04085,Free,2025-07-03,,1,0.0
S004086,C04086,Enterprise,2025-08-19,,359,299.0
S004087,C04087,Starter,2025-04-09,,7,9.0
S004088,C04088,Starter,2025-12-06,,15,9.0
S004089,C04089,Free,2025-12-25,,2,0.0
S004090,C04090,Free,2025-12-25,,2,0.0
S004091,C04091,Professional,2025-09-27,,21,19.0
S004092,C04092,Professional,2025-01-16,2025-04-30,26,19.0
S004093,C04093,Starter,2025-05-14,,7,9.0
S004094,C04094,Starter,2025-06-12,2026-06-30,18,9.0
S004095,C04095,Free,2025-12-17,,3,0.0
S004096,C04096,Starter,2025-07-19,,10,9.0
S004097,C04097,Professional,2025-07-15,,74,19.0
S004098,C04098,Professional,2025-02-23,,45,19.0
S004099,C04099,Free,2025-10-17,,5,0.0
S004100,C04100,Professional,2025-05-03,,38,19.0
S004101,C04101,Free,2025-02-03,,5,0.0
S004102,C04102,Professional,2025-12-27,,23,19.0
S004103,C04103,Starter,2025-03-11,,12,9.0
S004104,C04104,Professional,2025-01-06,,41,19.0
S004105,C04105,Free,2025-01-29,,5,0.0
S004106,C04106,Professional,2025-06-15,,29,19.0
S004107,C04107,Professional,2025-02-07,,34,19.0
S004108,C04108,Free,2025-11-04,,2,0.0
S004109,C04109,Free,2025-07-07,,4,0.0
S004110,C04110,Professional,2025-04-29,,24,19.0
S004111,C04111,Starter,2025-01-02,,11,9.0
S004112,C04112,Professional,2025-06-25,,54,19.0
S004113,C04113,Free,2025-02-25,,2,0.0
S004114,C04114,Free,2025-12-23,,2,0.0
S004115,C04115,Professional,2025-04-17,,19,19.0
S004116,C04116,Free,2025-06-23,,1,0.0
S004117,C04117,Free,2025-01-07,2025-11-13,5,0.0
S004118,C04118,Free,2025-02-17,,5,0.0
S004119,C04119,Professional,2025-03-17,,23,19.0
S004120,C04120,Starter,2025-01-19,,13,9.0
S004121,C04121,Starter,2025-09-22,,4,9.0
S004122,C04122,Professional,2025-12-12,2026-06-30,70,19.0
S004123,C04123,Starter,2025-12-26,,16,9.0
S004124,C04124,Free,2025-04-08,,4,0.0
S004125,C04125,Starter,2025-10-15,,8,9.0
S004126,C04126,Free,2025-07-03,,2,0.0
S004127,C04127,Enterprise,2025-01-17,,450,299.0
S004128,C04128,Professional,2025-02-03,,49,19.0
S004129,C04129,Professional,2025-07-19,,51,19.0
S004130,C04130,Professional,2025-06-04,,80,19.0
S004131,C04131,Free,2025-01-04,,5,0.0
S004132,C04132,Professional,2025-12-06,,35,19.0
S004133,C04133,Starter,2025-09-24,,3,9.0
S004134,C04134,Professional,2025-07-03,2026-06-04,27,19.0
S004135,C04135,Enterprise,2025-12-27,,403,299.0
S004136,C04136,Starter,2025-12-21,,5,9.0
S004137,C04137,Professional,2025-12-22,,31,19.0
S004138,C04138,Starter,2025-04-05,2025-09-01,19,9.0
S004139,C04139,Professional,2025-11-18,,41,19.0
S004140,C04140,Starter,2025-07-04,2025-12-09,7,9.0
S004141,C04141,Starter,2025-09-23,,12,9.0
S004142,C04142,Professional,2025-11-10,,75,19.0
S004143,C04143,Free,2025-03-01,,2,0.0
S004144,C04144,Starter,2025-06-13,,13,9.0
S004145,C04145,Professional,2025-02-17,,66,19.0
S004146,C04146,Professional,2025-04-13,,51,19.0
S004147,C04147,Free,2025-05-31,,5,0.0
S004148,C04148,Free,2025-11-09,2026-06-30,3,0.0
S004149,C04149,Starter,2025-11-11,,17,9.0
S004150,C04150,Starter,2025-05-23,,10,9.0
S004151,C04151,Enterprise,2025-05-01,,124,299.0
S004152,C04152,Professional,2025-07-13,,32,19.0
S004153,C04153,Professional,2025-11-29,,20,19.0
S004154,C04154,Starter,2025-12-23,,16,9.0
S004155,C04155,Enterprise,2025-03-24,,260,299.0
S004156,C04156,Free,2025-03-10,2026-04-21,4,0.0
S004157,C04157,Enterprise,2025-09-15,,399,299.0
S004158,C04158,Enterprise,2025-04-21,,313,299.0
S004159,C04159,Enterprise,2025-03-14,,472,299.0
S004160,C04160,Starter,2025-01-12,,11,9.0
S004161,C04161,Free,2025-05-28,,4,0.0
S004162,C04162,Professional,2025-05-24,2025-11-30,55,19.0
S004163,C04163,Starter,2025-07-25,,15,9.0
S004164,C04164,Starter,2025-03-15,,11,9.0
S004165,C04165,Professional,2025-09-18,,40,19.0
S004166,C04166,Professional,2025-09-06,,68,19.0
S004167,C04167,Starter,2025-06-18,,19,9.0
S004168,C04168,Starter,2025-03-08,,4,9.0
S004169,C04169,Professional,2025-07-05,,79,19.0
S004170,C04170,Free,2025-09-04,2026-06-12,5,0.0
S004171,C04171,Professional,2025-05-17,,51,19.0
S004172,C04172,Professional,2025-04-07,,47,19.0
S004173,C04173,Professional,2025-07-04,,42,19.0
S004174,C04174,Professional,2025-05-10,,46,19.0
S004175,C04175,Starter,2025-05-27,,6,9.0
S004176,C04176,Professional,2025-05-08,,37,19.0
S004177,C04177,Starter,2025-04-21,,20,9.0
S004178,C04178,Professional,2025-09-19,,47,19.0
S004179,C04179,Free,2025-06-17,,2,0.0
S004180,C04180,Professional,2025-06-20,,25,19.0
S004181,C04181,Free,2025-08-27,,4,0.0
S004182,C04182,Free,2025-05-12,,3,0.0
S004183,C04183,Starter,2025-02-06,,13,9.0
S004184,C04184,Free,2025-11-08,,2,0.0
S004185,C04185,Starter,2025-01-21,,3,9.0
S004186,C04186,Professional,2025-07-28,,30,19.0
S004187,C04187,Professional,2025-04-08,,52,19.0
S004188,C04188,Professional,2025-03-20,,25,19.0
S004189,C04189,Professional,2025-01-16,,45,19.0
S004190,C04190,Starter,2025-11-25,,18,9.0
S004191,C04191,Enterprise,2025-06-06,,175,299.0
S004192,C04192,Starter,2025-05-06,,18,9.0
S004193,C04193,Free,2025-09-28,2026-02-12,1,0.0
S004194,C04194,Starter,2025-01-15,,11,9.0
S004195,C04195,Professional,2025-07-26,,56,19.0
S004196,C04196,Free,2025-06-30,,2,0.0
S004197,C04197,Starter,2025-07-22,,7,9.0
S004198,C04198,Professional,2025-02-15,,41,19.0
S004199,C04199,Professional,2025-12-14,,11,19.0
S004200,C04200,Professional,2025-03-29,,75,19.0
S004201,C04201,Starter,2025-09-05,,7,9.0
S004202,C04202,Starter,2025-09-30,,17,9.0
S004203,C04203,Professional,2025-05-06,,30,19.0
S004204,C04204,Professional,2025-02-17,,67,19.0
S004205,C04205,Free,2025-04-19,,1,0.0
S004206,C04206,Professional,2025-10-22,,59,19.0
S004207,C04207,Starter,2025-11-27,,15,9.0
S004208,C04208,Free,2025-12-08,,4,0.0
S004209,C04209,Starter,2025-03-24,,3,9.0
S004210,C04210,Professional,2025-08-10,,20,19.0
S004211,C04211,Professional,2025-02-25,,71,19.0
S004212,C04212,Starter,2025-09-17,,9,9.0
S004213,C04213,Professional,2025-06-01,,66,19.0
S004214,C04214,Starter,2025-09-18,,17,9.0
S004215,C04215,Starter,2025-09-08,,15,9.0
S004216,C04216,Professional,2025-12-29,,22,19.0
S004217,C04217,Free,2025-06-28,,2,0.0
S004218,C04218,Enterprise,2025-05-05,2025-12-19,130,299.0
S004219,C04219,Professional,2025-07-12,,10,19.0
S004220,C04220,Professional,2025-03-01,,70,19.0
S004221,C04221,Professional,2025-02-10,,43,19.0
S004222,C04222,Professional,2025-07-09,,65,19.0
S004223,C04223,Free,2025-10-29,,1,0.0
S004224,C04224,Professional,2025-07-14,,21,19.0
S004225,C04225,Starter,2025-10-13,2026-06-30,13,9.0
S004226,C04226,Professional,2025-03-06,,47,19.0
S004227,C04227,Professional,2025-06-14,,39,19.0
S004228,C04228,Starter,2025-08-12,,3,9.0
S004229,C04229,Free,2025-05-07,,2,0.0
S004230,C04230,Professional,2025-01-06,,20,19.0
S004231,C04231,Enterprise,2025-01-27,,166,299.0
S004232,C04232,Professional,2025-12-05,,28,19.0
S004233,C04233,Starter,2025-08-09,,14,9.0
S004234,C04234,Enterprise,2025-04-07,,382,299.0
S004235,C04235,Professional,2025-04-05,,66,19.0
S004236,C04236,Professional,2025-01-15,,31,19.0
S004237,C04237,Starter,2025-12-11,,12,9.0
S004238,C04238,Starter,2025-02-09,,17,9.0
S004239,C04239,Starter,2025-10-05,,11,9.0
S004240,C04240,Professional,2025-03-29,,11,19.0
S004241,C04241,Starter,2025-05-03,,11,9.0
S004242,C04242,Professional,2025-04-10,,10,19.0
S004243,C04243,Professional,2025-10-28,2026-05-06,37,19.0
S004244,C04244,Professional,2025-01-12,,31,19.0
S004245,C04245,Free,2025-05-09,,5,0.0
S004246,C04246,Free,2025-04-12,,4,0.0
S004247,C04247,Professional,2025-04-10,,56,19.0
S004248,C04248,Starter,2025-03-12,,20,9.0
S004249,C04249,Free,2025-11-30,,5,0.0
S004250,C04250,Starter,2025-05-19,,8,9.0
S004251,C04251,Professional,2025-06-02,,49,19.0
S004252,C04252,Professional,2025-05-21,,49,19.0
S004253,C04253,Free,2025-12-24,,1,0.0
S004254,C04254,Professional,2025-05-04,,12,19.0
S004255,C04255,Starter,2025-05-05,,9,9.0
S004256,C04256,Starter,2025-04-30,,3,9.0
S004257,C04257,Professional,2025-04-30,,58,19.0
S004258,C04258,Free,2025-02-02,,1,0.0
S004259,C04259,Starter,2025-08-09,,7,9.0
S004260,C04260,Free,2025-01-10,2025-05-20,1,0.0
S004261,C04261,Free,2025-03-24,,3,0.0
S004262,C04262,Professional,2025-03-15,,72,19.0
S004263,C04263,Professional,2025-04-17,,13,19.0
S004264,C04264,Professional,2025-10-04,,55,19.0
S004265,C04265,Enterprise,2025-08-07,,317,299.0
S004266,C04266,Professional,2025-12-28,2026-06-30,73,19.0
S004267,C04267,Free,2025-05-09,,3,0.0
S004268,C04268,Professional,2025-12-05,,69,19.0
S004269,C04269,Professional,2025-01-17,,59,19.0
S004270,C04270,Professional,2025-07-04,,64,19.0
S004271,C04271,Starter,2025-10-19,,11,9.0
S004272,C04272,Enterprise,2025-07-14,,241,299.0
S004273,C04273,Starter,2025-12-07,,12,9.0
S004274,C04274,Professional,2025-04-25,,19,19.0
S004275,C04275,Starter,2025-01-13,,15,9.0
S004276,C04276,Professional,2025-10-10,,17,19.0
S004277,C04277,Starter,2025-01-25,,19,9.0
S004278,C04278,Free,2025-10-07,,1,0.0
S004279,C04279,Starter,2025-09-25,,5,9.0
S004280,C04280,Professional,2025-11-05,2026-06-15,22,19.0
S004281,C04281,Free,2025-06-24,,1,0.0
S004282,C04282,Professional,2025-11-23,,11,19.0
S004283,C04283,Professional,2025-03-03,,79,19.0
S004284,C04284,Professional,2025-06-08,,58,19.0
S004285,C04285,Starter,2025-02-14,,8,9.0
S004286,C04286,Starter,2025-10-07,,9,9.0
S004287,C04287,Professional,2025-09-18,,26,19.0
S004288,C04288,Enterprise,2025-10-22,,311,299.0
S004289,C04289,Free,2025-10-06,2026-05-17,2,0.0
S004290,C04290,Free,2025-04-23,,3,0.0
S004291,C04291,Free,2025-01-25,,2,0.0
S004292,C04292,Starter,2025-12-06,,8,9.0
S004293,C04293,Professional,2025-06-29,,45,19.0
S004294,C04294,Free,2025-02-04,,1,0.0
S004295,C04295,Professional,2025-12-05,,49,19.0
S004296,C04296,Free,2025-12-29,,3,0.0
S004297,C04297,Free,2025-06-12,,1,0.0
S004298,C04298,Professional,2025-10-09,,71,19.0
S004299,C04299,Professional,2025-01-14,,77,19.0
S004300,C04300,Starter,2025-02-04,,16,9.0
S004301,C04301,Starter,2025-04-11,2026-02-11,20,9.0
S004302,C04302,Starter,2025-08-28,,19,9.0
S004303,C04303,Enterprise,2025-02-18,,396,299.0
S004304,C04304,Professional,2025-01-13,,35,19.0
S004305,C04305,Starter,2025-09-02,2026-05-23,6,9.0
S004306,C04306,Enterprise,2025-10-09,,439,299.0
S004307,C04307,Professional,2025-09-27,,44,19.0
S004308,C04308,Free,2025-10-19,,4,0.0
S004309,C04309,Starter,2025-10-21,,19,9.0
S004310,C04310,Professional,2025-08-08,2026-05-10,76,19.0
S004311,C04311,Professional,2025-07-09,,58,19.0
S004312,C04312,Enterprise,2025-11-09,,215,299.0
S004313,C04313,Starter,2025-05-08,,4,9.0
S004314,C04314,Enterprise,2025-02-05,,422,299.0
S004315,C04315,Professional,2025-10-02,,11,19.0
S004316,C04316,Professional,2025-04-11,,46,19.0
S004317,C04317,Enterprise,2025-12-24,,217,299.0
S004318,C04318,Starter,2025-06-01,,10,9.0
S004319,C04319,Professional,2025-11-07,,72,19.0
S004320,C04320,Starter,2025-01-16,,11,9.0
S004321,C04321,Professional,2025-08-29,,20,19.0
S004322,C04322,Professional,2025-06-13,,40,19.0
S004323,C04323,Free,2025-06-18,,1,0.0
S004324,C04324,Starter,2025-04-07,,18,9.0
S004325,C04325,Free,2025-12-21,,1,0.0
S004326,C04326,Starter,2025-05-24,,19,9.0
S004327,C04327,Free,2025-11-07,,2,0.0
S004328,C04328,Enterprise,2025-06-05,,365,299.0
S004329,C04329,Professional,2025-01-18,,72,19.0
S004330,C04330,Enterprise,2025-11-17,,177,299.0
S004331,C04331,Free,2025-03-09,,5,0.0
S004332,C04332,Starter,2025-04-09,,10,9.0
S004333,C04333,Enterprise,2025-11-11,,304,299.0
S004334,C04334,Professional,2025-11-23,,35,19.0
S004335,C04335,Free,2025-12-01,2026-06-07,5,0.0
S004336,C04336,Professional,2025-06-05,,57,19.0
S004337,C04337,Free,2025-10-04,,2,0.0
S004338,C04338,Starter,2025-04-30,,4,9.0
S004339,C04339,Professional,2025-09-28,,73,19.0
S004340,C04340,Professional,2025-07-03,,56,19.0
S004341,C04341,Professional,2025-01-19,,18,19.0
S004342,C04342,Free,2025-06-02,,3,0.0
S004343,C04343,Starter,2025-06-20,,7,9.0
S004344,C04344,Starter,2025-04-04,,7,9.0
S004345,C04345,Starter,2025-05-17,,11,9.0
S004346,C04346,Free,2025-07-03,,1,0.0
S004347,C04347,Professional,2025-01-19,,27,19.0
S004348,C04348,Professional,2025-02-25,,13,19.0
S004349,C04349,Enterprise,2025-10-07,,476,299.0
S004350,C04350,Professional,2025-05-09,,73,19.0
S004351,C04351,Starter,2025-08-11,,5,9.0
S004352,C04352,Starter,2025-07-26,,13,9.0
S004353,C04353,Enterprise,2025-07-21,,190,299.0
S004354,C04354,Free,2025-05-31,,3,0.0
S004355,C04355,Starter,2025-06-26,,11,9.0
S004356,C04356,Starter,2025-10-28,,3,9.0
S004357,C04357,Professional,2025-12-19,,66,19.0
S004358,C04358,Enterprise,2025-04-04,,409,299.0
S004359,C04359,Starter,2025-09-02,,4,9.0
S004360,C04360,Professional,2025-12-20,,24,19.0
S004361,C04361,Professional,2025-01-03,2026-02-22,18,19.0
S004362,C04362,Professional,2025-10-14,,37,19.0
S004363,C04363,Starter,2025-07-01,,11,9.0
S004364,C04364,Professional,2025-12-20,,55,19.0
S004365,C04365,Enterprise,2025-07-31,,353,299.0
S004366,C04366,Enterprise,2025-11-02,,153,299.0
S004367,C04367,Starter,2025-03-02,,11,9.0
S004368,C04368,Free,2025-02-21,2026-02-17,4,0.0
S004369,C04369,Enterprise,2025-12-05,,456,299.0
S004370,C04370,Enterprise,2025-07-12,,434,299.0
S004371,C04371,Free,2025-07-23,,2,0.0
S004372,C04372,Free,2025-03-04,,3,0.0
S004373,C04373,Free,2025-03-24,2026-04-04,1,0.0
S004374,C04374,Professional,2025-10-26,,35,19.0
S004375,C04375,Starter,2025-04-21,,8,9.0
S004376,C04376,Starter,2025-08-02,,7,9.0
S004377,C04377,Professional,2025-04-26,,72,19.0
S004378,C04378,Starter,2025-04-07,,16,9.0
S004379,C04379,Enterprise,2025-03-02,,440,299.0
S004380,C04380,Starter,2025-12-06,2026-06-30,9,9.0
S004381,C04381,Starter,2025-12-10,2026-06-30,10,9.0
S004382,C04382,Enterprise,2025-02-12,,424,299.0
S004383,C04383,Free,2025-05-09,,1,0.0
S004384,C04384,Free,2025-07-25,,4,0.0
S004385,C04385,Starter,2025-05-20,,15,9.0
S004386,C04386,Professional,2025-09-21,,35,19.0
S004387,C04387,Starter,2025-04-05,,19,9.0
S004388,C04388,Enterprise,2025-01-22,,191,299.0
S004389,C04389,Enterprise,2025-05-03,,235,299.0
S004390,C04390,Free,2025-08-07,2026-06-30,2,0.0
S004391,C04391,Free,2025-03-07,,2,0.0
S004392,C04392,Professional,2025-10-25,,34,19.0
S004393,C04393,Enterprise,2025-01-05,,290,299.0
S004394,C04394,Starter,2025-01-25,2026-02-26,20,9.0
S004395,C04395,Starter,2025-07-05,,11,9.0
S004396,C04396,Starter,2025-07-06,,14,9.0
S004397,C04397,Enterprise,2025-04-18,,367,299.0
S004398,C04398,Free,2025-04-05,2026-04-06,4,0.0
S004399,C04399,Professional,2025-01-26,,33,19.0
S004400,C04400,Free,2025-08-30,,2,0.0
S004401,C04401,Professional,2025-05-19,,35,19.0
S004402,C04402,Starter,2025-02-13,,9,9.0
S004403,C04403,Professional,2025-05-26,,68,19.0
S004404,C04404,Free,2025-12-09,,3,0.0
S004405,C04405,Free,2025-04-06,2026-03-15,5,0.0
S004406,C04406,Free,2025-11-23,,5,0.0
S004407,C04407,Professional,2025-04-05,,58,19.0
S004408,C04408,Professional,2025-03-09,,57,19.0
S004409,C04409,Free,2025-04-06,,1,0.0
S004410,C04410,Starter,2025-04-28,,5,9.0
S004411,C04411,Starter,2025-02-14,,15,9.0
S004412,C04412,Free,2025-08-03,,5,0.0
S004413,C04413,Professional,2025-05-02,,67,19.0
S004414,C04414,Starter,2025-09-20,,7,9.0
S004415,C04415,Professional,2025-06-29,,58,19.0
S004416,C04416,Professional,2025-06-11,,54,19.0
S004417,C04417,Enterprise,2025-06-21,,121,299.0
S004418,C04418,Professional,2025-02-27,,72,19.0
S004419,C04419,Free,2025-09-18,,2,0.0
S004420,C04420,Free,2025-02-08,2025-11-03,4,0.0
S004421,C04421,Starter,2025-09-21,,9,9.0
S004422,C04422,Free,2025-12-31,,5,0.0
S004423,C04423,Starter,2025-10-06,,11,9.0
S004424,C04424,Enterprise,2025-06-16,,440,299.0
S004425,C04425,Starter,2025-04-25,,19,9.0
S004426,C04426,Professional,2025-11-15,,12,19.0
S004427,C04427,Starter,2025-04-04,2026-04-28,10,9.0
S004428,C04428,Free,2025-06-26,,4,0.0
S004429,C04429,Free,2025-10-09,,5,0.0
S004430,C04430,Free,2025-12-03,,4,0.0
S004431,C04431,Starter,2025-12-03,,14,9.0
S004432,C04432,Enterprise,2025-02-02,,249,299.0
S004433,C04433,Professional,2025-11-24,,21,19.0
S004434,C04434,Free,2025-02-11,,5,0.0
S004435,C04435,Free,2025-08-02,,1,0.0
S004436,C04436,Enterprise,2025-12-06,,421,299.0
S004437,C04437,Free,2025-08-28,,1,0.0
S004438,C04438,Starter,2025-12-12,,9,9.0
S004439,C04439,Professional,2025-05-06,,71,19.0
S004440,C04440,Professional,2025-04-25,,25,19.0
S004441,C04441,Starter,2025-04-30,,7,9.0
S004442,C04442,Professional,2025-05-10,,25,19.0
S004443,C04443,Starter,2025-09-07,2025-11-16,15,9.0
S004444,C04444,Professional,2025-06-15,,25,19.0
S004445,C04445,Free,2025-09-27,,4,0.0
S004446,C04446,Professional,2025-06-01,,51,19.0
S004447,C04447,Professional,2025-04-23,,73,19.0
S004448,C04448,Free,2025-03-11,2026-06-22,4,0.0
S004449,C04449,Professional,2025-07-21,,38,19.0
S004450,C04450,Starter,2025-11-24,,5,9.0
S004451,C04451,Enterprise,2025-11-10,,277,299.0
S004452,C04452,Free,2025-04-03,,3,0.0
S004453,C04453,Starter,2025-06-24,,19,9.0
S004454,C04454,Professional,2025-09-15,,27,19.0
S004455,C04455,Starter,2025-08-12,,9,9.0
S004456,C04456,Starter,2025-01-25,,19,9.0
S004457,C04457,Professional,2025-08-04,2025-11-06,75,19.0
S004458,C04458,Professional,2025-01-15,2025-10-02,70,19.0
S004459,C04459,Starter,2025-02-12,,6,9.0
S004460,C04460,Starter,2025-08-27,,5,9.0
S004461,C04461,Professional,2025-02-07,,36,19.0
S004462,C04462,Professional,2025-05-04,2025-08-18,27,19.0
S004463,C04463,Professional,2025-08-03,2026-05-10,32,19.0
S004464,C04464,Professional,2025-08-28,,77,19.0
S004465,C04465,Professional,2025-06-12,,48,19.0
S004466,C04466,Starter,2025-02-04,,8,9.0
S004467,C04467,Starter,2025-10-19,,16,9.0
S004468,C04468,Professional,2025-12-13,,67,19.0
S004469,C04469,Starter,2025-11-21,,10,9.0
S004470,C04470,Starter,2025-10-01,2026-06-30,3,9.0
S004471,C04471,Free,2025-05-27,,3,0.0
S004472,C04472,Professional,2025-11-16,,37,19.0
S004473,C04473,Professional,2025-06-28,,23,19.0
S004474,C04474,Professional,2025-02-19,,53,19.0
S004475,C04475,Free,2025-11-07,,4,0.0
S004476,C04476,Professional,2025-04-27,,38,19.0
S004477,C04477,Free,2025-12-09,,2,0.0
S004478,C04478,Professional,2025-05-15,,66,19.0
S004479,C04479,Professional,2025-11-14,,22,19.0
S004480,C04480,Starter,2025-07-16,,20,9.0
S004481,C04481,Enterprise,2025-06-20,,268,299.0
S004482,C04482,Starter,2025-04-19,,12,9.0
S004483,C04483,Free,2025-11-02,,3,0.0
S004484,C04484,Starter,2025-01-23,,11,9.0
S004485,C04485,Starter,2025-06-21,,3,9.0
S004486,C04486,Professional,2025-05-15,2026-03-24,60,19.0
S004487,C04487,Starter,2025-07-18,,19,9.0
S004488,C04488,Free,2025-04-03,,4,0.0
S004489,C04489,Starter,2025-08-31,,15,9.0
S004490,C04490,Professional,2025-05-21,,14,19.0
S004491,C04491,Professional,2025-03-10,,65,19.0
S004492,C04492,Professional,2025-03-13,,41,19.0
S004493,C04493,Starter,2025-09-12,,8,9.0
S004494,C04494,Professional,2025-04-06,,45,19.0
S004495,C04495,Enterprise,2025-04-23,,191,299.0
S004496,C04496,Starter,2025-08-17,,8,9.0
S004497,C04497,Starter,2025-05-01,,17,9.0
S004498,C04498,Enterprise,2025-05-22,,404,299.0
S004499,C04499,Free,2025-03-31,,3,0.0
S004500,C04500,Professional,2025-05-07,,72,19.0
S004501,C04501,Starter,2025-09-10,,5,9.0
S004502,C04502,Free,2025-07-14,,5,0.0
S004503,C04503,Professional,2025-12-31,,43,19.0
S004504,C04504,Free,2025-10-09,,4,0.0
S004505,C04505,Professional,2025-01-07,,69,19.0
S004506,C04506,Starter,2025-05-19,2026-06-30,17,9.0
S004507,C04507,Free,2025-04-16,,5,0.0
S004508,C04508,Starter,2025-08-03,,7,9.0
S004509,C04509,Professional,2025-04-07,,22,19.0
S004510,C04510,Starter,2025-12-19,2026-06-30,3,9.0
S004511,C04511,Starter,2025-04-20,2025-12-06,15,9.0
S004512,C04512,Starter,2025-07-10,,12,9.0
S004513,C04513,Professional,2025-02-14,,57,19.0
S004514,C04514,Starter,2025-11-29,,10,9.0
S004515,C04515,Enterprise,2025-11-29,,240,299.0
S004516,C04516,Free,2025-10-17,,5,0.0
S004517,C04517,Free,2025-05-09,,1,0.0
S004518,C04518,Starter,2025-01-22,,17,9.0
S004519,C04519,Starter,2025-09-17,,4,9.0
S004520,C04520,Professional,2025-06-06,,37,19.0
S004521,C04521,Enterprise,2025-12-28,,119,299.0
S004522,C04522,Professional,2025-09-12,,11,19.0
S004523,C04523,Professional,2025-07-16,,12,19.0
S004524,C04524,Professional,2025-12-27,,29,19.0
S004525,C04525,Free,2025-10-20,,5,0.0
S004526,C04526,Free,2025-06-17,,2,0.0
S004527,C04527,Professional,2025-01-07,,53,19.0
S004528,C04528,Enterprise,2025-02-03,,371,299.0
S004529,C04529,Professional,2025-06-11,,72,19.0
S004530,C04530,Professional,2025-07-25,,74,19.0
S004531,C04531,Free,2025-01-12,,1,0.0
S004532,C04532,Professional,2025-02-16,2025-07-28,25,19.0
S004533,C04533,Professional,2025-09-15,2025-11-22,64,19.0
S004534,C04534,Enterprise,2025-10-02,,415,299.0
S004535,C04535,Professional,2025-01-11,,79,19.0
S004536,C04536,Free,2025-07-05,,4,0.0
S004537,C04537,Professional,2025-01-30,,48,19.0
S004538,C04538,Starter,2025-09-22,,9,9.0
S004539,C04539,Starter,2025-11-01,2026-06-30,11,9.0
S004540,C04540,Professional,2025-11-14,,11,19.0
S004541,C04541,Professional,2025-08-07,,58,19.0
S004542,C04542,Professional,2025-08-18,,12,19.0
S004543,C04543,Free,2025-12-05,,4,0.0
S004544,C04544,Free,2025-08-12,,4,0.0
S004545,C04545,Starter,2025-06-12,,20,9.0
S004546,C04546,Professional,2025-10-03,,70,19.0
S004547,C04547,Professional,2025-08-04,,61,19.0
S004548,C04548,Starter,2025-11-04,,14,9.0
S004549,C04549,Starter,2025-07-11,,8,9.0
S004550,C04550,Professional,2025-11-14,,64,19.0
S004551,C04551,Free,2025-01-17,2025-11-28,3,0.0
S004552,C04552,Professional,2025-01-14,,45,19.0
S004553,C04553,Professional,2025-02-06,,54,19.0
S004554,C04554,Starter,2025-07-23,,7,9.0
S004555,C04555,Starter,2025-09-16,,7,9.0
S004556,C04556,Professional,2025-03-20,,12,19.0
S004557,C04557,Free,2025-02-26,,2,0.0
S004558,C04558,Starter,2025-11-11,,17,9.0
S004559,C04559,Enterprise,2025-10-01,,133,299.0
S004560,C04560,Free,2025-08-25,,3,0.0
S004561,C04561,Enterprise,2025-06-28,2026-02-01,440,299.0
S004562,C04562,Free,2025-06-03,,5,0.0
S004563,C04563,Starter,2025-01-08,,19,9.0
S004564,C04564,Free,2025-03-10,,2,0.0
S004565,C04565,Professional,2025-11-24,,33,19.0
S004566,C04566,Enterprise,2025-05-04,,210,299.0
S004567,C04567,Starter,2025-09-15,,10,9.0
S004568,C04568,Enterprise,2025-09-14,,367,299.0
S004569,C04569,Professional,2025-04-23,,58,19.0
S004570,C04570,Enterprise,2025-03-16,,342,299.0
S004571,C04571,Professional,2025-09-10,,42,19.0
S004572,C04572,Professional,2025-02-04,,60,19.0
S004573,C04573,Enterprise,2025-06-30,,237,299.0
S004574,C04574,Professional,2025-11-21,,16,19.0
S004575,C04575,Professional,2025-09-17,,78,19.0
S004576,C04576,Starter,2025-10-06,,4,9.0
S004577,C04577,Free,2025-01-31,,5,0.0
S004578,C04578,Professional,2025-03-14,,50,19.0
S004579,C04579,Starter,2025-04-11,,20,9.0
S004580,C04580,Starter,2025-04-17,,12,9.0
S004581,C04581,Professional,2025-03-12,,13,19.0
S004582,C04582,Professional,2025-12-21,,16,19.0
S004583,C04583,Enterprise,2025-03-02,,134,299.0
S004584,C04584,Starter,2025-09-16,,10,9.0
S004585,C04585,Starter,2025-08-03,,16,9.0
S004586,C04586,Starter,2025-08-11,,14,9.0
S004587,C04587,Enterprise,2025-03-20,,426,299.0
S004588,C04588,Starter,2025-04-23,,12,9.0
S004589,C04589,Enterprise,2025-08-10,,150,299.0
S004590,C04590,Starter,2025-04-20,2026-01-13,6,9.0
S004591,C04591,Starter,2025-09-11,,5,9.0
S004592,C04592,Professional,2025-01-15,,75,19.0
S004593,C04593,Professional,2025-01-27,,66,19.0
S004594,C04594,Starter,2025-09-23,,3,9.0
S004595,C04595,Starter,2025-08-14,,6,9.0
S004596,C04596,Starter,2025-01-16,,7,9.0
S004597,C04597,Professional,2025-11-25,,60,19.0
S004598,C04598,Free,2025-01-02,,1,0.0
S004599,C04599,Free,2025-12-15,,5,0.0
S004600,C04600,Free,2025-09-24,,2,0.0
S004601,C04601,Starter,2025-12-27,2026-06-30,18,9.0
S004602,C04602,Professional,2025-12-13,,58,19.0
S004603,C04603,Professional,2025-04-25,,37,19.0
S004604,C04604,Enterprise,2025-10-04,,109,299.0
S004605,C04605,Professional,2025-03-18,,49,19.0
S004606,C04606,Starter,2025-06-22,,3,9.0
S004607,C04607,Professional,2025-03-29,,60,19.0
S004608,C04608,Professional,2025-06-27,,24,19.0
S004609,C04609,Free,2025-11-15,,5,0.0
S004610,C04610,Starter,2025-06-09,,3,9.0
S004611,C04611,Starter,2025-02-03,,9,9.0
S004612,C04612,Enterprise,2025-04-29,,256,299.0
S004613,C04613,Free,2025-10-15,,4,0.0
S004614,C04614,Free,2025-07-10,,2,0.0
S004615,C04615,Professional,2025-07-24,,65,19.0
S004616,C04616,Professional,2025-06-07,,32,19.0
S004617,C04617,Starter,2025-04-17,,4,9.0
S004618,C04618,Starter,2025-08-07,2026-05-21,18,9.0
S004619,C04619,Professional,2025-08-20,,23,19.0
S004620,C04620,Starter,2025-11-24,,10,9.0
S004621,C04621,Starter,2025-08-14,2026-01-01,13,9.0
S004622,C04622,Free,2025-12-30,,1,0.0
S004623,C04623,Professional,2025-10-29,2026-06-30,55,19.0
S004624,C04624,Starter,2025-01-29,,12,9.0
S004625,C04625,Professional,2025-05-24,,65,19.0
S004626,C04626,Starter,2025-05-21,,4,9.0
S004627,C04627,Free,2025-01-02,,5,0.0
S004628,C04628,Professional,2025-03-07,,14,19.0
S004629,C04629,Starter,2025-10-06,,19,9.0
S004630,C04630,Free,2025-05-09,,2,0.0
S004631,C04631,Enterprise,2025-02-23,,129,299.0
S004632,C04632,Professional,2025-04-15,,29,19.0
S004633,C04633,Professional,2025-04-11,,45,19.0
S004634,C04634,Professional,2025-03-05,,17,19.0
S004635,C04635,Professional,2025-02-06,,31,19.0
S004636,C04636,Starter,2025-10-06,,8,9.0
S004637,C04637,Starter,2025-10-28,2026-02-05,5,9.0
S004638,C04638,Professional,2025-07-01,,44,19.0
S004639,C04639,Professional,2025-08-13,,11,19.0
S004640,C04640,Starter,2025-12-02,,7,9.0
S004641,C04641,Professional,2025-11-04,,20,19.0
S004642,C04642,Starter,2025-01-12,2025-08-15,3,9.0
S004643,C04643,Starter,2025-12-14,,11,9.0
S004644,C04644,Starter,2025-01-25,,19,9.0
S004645,C04645,Professional,2025-01-10,,34,19.0
S004646,C04646,Free,2025-05-28,,4,0.0
S004647,C04647,Starter,2025-09-30,,5,9.0
S004648,C04648,Professional,2025-01-30,,60,19.0
S004649,C04649,Professional,2025-04-17,,58,19.0
S004650,C04650,Starter,2025-04-06,,10,9.0
S004651,C04651,Professional,2025-05-26,,29,19.0
S004652,C04652,Enterprise,2025-12-26,,329,299.0
S004653,C04653,Starter,2025-05-01,,13,9.0
S004654,C04654,Professional,2025-03-18,,59,19.0
S004655,C04655,Free,2025-02-14,,1,0.0
S004656,C04656,Starter,2025-03-14,2025-05-15,9,9.0
S004657,C04657,Starter,2025-02-18,,17,9.0
S004658,C04658,Enterprise,2025-07-29,,433,299.0
S004659,C04659,Starter,2025-06-03,2026-04-12,17,9.0
S004660,C04660,Enterprise,2025-07-01,,409,299.0
S004661,C04661,Starter,2025-10-31,,4,9.0
S004662,C04662,Starter,2025-07-31,,8,9.0
S004663,C04663,Starter,2025-02-26,,8,9.0
S004664,C04664,Starter,2025-05-18,,8,9.0
S004665,C04665,Starter,2025-04-25,,11,9.0
S004666,C04666,Starter,2025-10-29,,6,9.0
S004667,C04667,Professional,2025-04-23,,65,19.0
S004668,C04668,Professional,2025-02-20,,45,19.0
S004669,C04669,Enterprise,2025-09-26,,133,299.0
S004670,C04670,Free,2025-06-06,,5,0.0
S004671,C04671,Professional,2025-02-04,2025-08-04,32,19.0
S004672,C04672,Free,2025-09-09,,3,0.0
S004673,C04673,Starter,2025-03-18,,10,9.0
S004674,C04674,Free,2025-11-13,,2,0.0
S004675,C04675,Enterprise,2025-10-31,,232,299.0
S004676,C04676,Starter,2025-05-15,2026-03-20,10,9.0
S004677,C04677,Starter,2025-07-22,,4,9.0
S004678,C04678,Starter,2025-07-27,,15,9.0
S004679,C04679,Starter,2025-08-27,,14,9.0
S004680,C04680,Free,2025-01-26,,3,0.0
S004681,C04681,Professional,2025-04-29,,72,19.0
S004682,C04682,Professional,2025-03-04,,49,19.0
S004683,C04683,Free,2025-09-12,2026-06-30,2,0.0
S004684,C04684,Free,2025-01-26,,4,0.0
S004685,C04685,Starter,2025-07-08,,17,9.0
S004686,C04686,Starter,2025-09-23,,16,9.0
S004687,C04687,Starter,2025-12-13,,13,9.0
S004688,C04688,Free,2025-04-16,,4,0.0
S004689,C04689,Free,2025-01-03,,5,0.0
S004690,C04690,Starter,2025-09-22,,15,9.0
S004691,C04691,Professional,2025-01-01,,59,19.0
S004692,C04692,Professional,2025-01-25,,57,19.0
S004693,C04693,Starter,2025-12-28,,20,9.0
S004694,C04694,Starter,2025-11-11,,19,9.0
S004695,C04695,Professional,2025-09-16,,34,19.0
S004696,C04696,Starter,2025-11-01,2026-06-30,16,9.0
S004697,C04697,Enterprise,2025-01-28,,361,299.0
S004698,C04698,Professional,2025-02-02,,48,19.0
S004699,C04699,Professional,2025-04-20,,46,19.0
S004700,C04700,Starter,2025-01-09,2026-02-20,19,9.0
S004701,C04701,Starter,2025-11-21,,19,9.0
S004702,C04702,Starter,2025-01-21,2025-07-09,19,9.0
S004703,C04703,Free,2025-07-18,,2,0.0
S004704,C04704,Professional,2025-11-08,,34,19.0
S004705,C04705,Enterprise,2025-09-26,,135,299.0
S004706,C04706,Enterprise,2025-03-27,,422,299.0
S004707,C04707,Starter,2025-06-21,,15,9.0
S004708,C04708,Enterprise,2025-07-20,,493,299.0
S004709,C04709,Professional,2025-10-08,,62,19.0
S004710,C04710,Starter,2025-06-05,,6,9.0
S004711,C04711,Enterprise,2025-04-15,,218,299.0
S004712,C04712,Enterprise,2025-10-18,,259,299.0
S004713,C04713,Starter,2025-11-20,,16,9.0
S004714,C04714,Professional,2025-06-28,,39,19.0
S004715,C04715,Professional,2025-01-11,,78,19.0
S004716,C04716,Professional,2025-07-02,,53,19.0
S004717,C04717,Starter,2025-11-21,,9,9.0
S004718,C04718,Free,2025-12-28,,5,0.0
S004719,C04719,Enterprise,2025-05-27,,317,299.0
S004720,C04720,Free,2025-02-24,,2,0.0
S004721,C04721,Free,2025-07-28,,2,0.0
S004722,C04722,Starter,2025-10-31,,16,9.0
S004723,C04723,Starter,2025-12-11,2026-02-19,4,9.0
S004724,C04724,Starter,2025-01-19,,17,9.0
S004725,C04725,Free,2025-04-17,,1,0.0
S004726,C04726,Professional,2025-06-24,,59,19.0
S004727,C04727,Starter,2025-02-05,2025-08-08,15,9.0
S004728,C04728,Enterprise,2025-11-20,,335,299.0
S004729,C04729,Professional,2025-02-10,,23,19.0
S004730,C04730,Starter,2025-08-31,,13,9.0
S004731,C04731,Starter,2025-12-02,,17,9.0
S004732,C04732,Starter,2025-09-08,,8,9.0
S004733,C04733,Enterprise,2025-10-06,,468,299.0
S004734,C04734,Professional,2025-04-07,,19,19.0
S004735,C04735,Professional,2025-10-30,,73,19.0
S004736,C04736,Enterprise,2025-06-02,,233,299.0
S004737,C04737,Starter,2025-01-23,,15,9.0
S004738,C04738,Enterprise,2025-05-14,,192,299.0
S004739,C04739,Professional,2025-05-08,,54,19.0
S004740,C04740,Starter,2025-07-10,,14,9.0
S004741,C04741,Enterprise,2025-04-07,,296,299.0
S004742,C04742,Professional,2025-06-18,,70,19.0
S004743,C04743,Starter,2025-06-06,,19,9.0
S004744,C04744,Free,2025-04-30,,1,0.0
S004745,C04745,Professional,2025-09-12,,67,19.0
S004746,C04746,Professional,2025-04-22,,56,19.0
S004747,C04747,Starter,2025-10-07,,12,9.0
S004748,C04748,Starter,2025-04-02,,5,9.0
S004749,C04749,Free,2025-11-12,,4,0.0
S004750,C04750,Professional,2025-05-14,,36,19.0
S004751,C04751,Professional,2025-01-15,,12,19.0
S004752,C04752,Professional,2025-02-24,,22,19.0
S004753,C04753,Free,2025-10-22,,1,0.0
S004754,C04754,Free,2025-11-15,2026-05-22,2,0.0
S004755,C04755,Free,2025-03-19,,1,0.0
S004756,C04756,Enterprise,2025-08-08,,444,299.0
S004757,C04757,Starter,2025-07-29,,8,9.0
S004758,C04758,Starter,2025-02-18,2026-05-13,10,9.0
S004759,C04759,Free,2025-06-14,,4,0.0
S004760,C04760,Free,2025-09-11,2026-04-08,1,0.0
S004761,C04761,Professional,2025-12-20,,35,19.0
S004762,C04762,Starter,2025-11-06,,6,9.0
S004763,C04763,Professional,2025-02-05,2025-05-31,46,19.0
S004764,C04764,Starter,2025-03-28,2025-08-10,18,9.0
S004765,C04765,Starter,2025-06-09,,12,9.0
S004766,C04766,Professional,2025-02-24,,39,19.0
S004767,C04767,Starter,2025-07-28,,4,9.0
S004768,C04768,Starter,2025-01-04,,19,9.0
S004769,C04769,Free,2025-02-11,2026-03-14,3,0.0
S004770,C04770,Professional,2025-01-18,,49,19.0
S004771,C04771,Professional,2025-04-18,,45,19.0
S004772,C04772,Starter,2025-10-06,2026-05-14,12,9.0
S004773,C04773,Professional,2025-03-06,2025-05-22,17,19.0
S004774,C04774,Free,2025-12-27,,3,0.0
S004775,C04775,Professional,2025-04-09,,39,19.0
S004776,C04776,Professional,2025-01-17,,64,19.0
S004777,C04777,Free,2025-05-03,,3,0.0
S004778,C04778,Professional,2025-10-01,2026-03-15,69,19.0
S004779,C04779,Starter,2025-02-08,,14,9.0
S004780,C04780,Starter,2025-01-27,,5,9.0
S004781,C04781,Starter,2025-11-07,,18,9.0
S004782,C04782,Professional,2025-08-05,,38,19.0
S004783,C04783,Free,2025-05-06,,4,0.0
S004784,C04784,Starter,2025-10-03,,8,9.0
S004785,C04785,Enterprise,2025-11-05,,401,299.0
S004786,C04786,Enterprise,2025-05-12,,460,299.0
S004787,C04787,Professional,2025-07-24,,11,19.0
S004788,C04788,Free,2025-01-04,2025-05-07,4,0.0
S004789,C04789,Professional,2025-04-22,,63,19.0
S004790,C04790,Starter,2025-08-06,,8,9.0
S004791,C04791,Free,2025-03-13,,2,0.0
S004792,C04792,Free,2025-12-28,2026-06-30,3,0.0
S004793,C04793,Professional,2025-12-21,,41,19.0
S004794,C04794,Free,2025-04-05,,3,0.0
S004795,C04795,Starter,2025-05-25,,19,9.0
S004796,C04796,Free,2025-03-11,,5,0.0
S004797,C04797,Professional,2025-07-03,,77,19.0
S004798,C04798,Professional,2025-02-15,,43,19.0
S004799,C04799,Starter,2025-05-23,,15,9.0
S004800,C04800,Professional,2025-07-22,,11,19.0
S004801,C04801,Free,2025-08-12,,1,0.0
S004802,C04802,Starter,2025-08-06,2026-06-30,16,9.0
S004803,C04803,Starter,2025-03-22,2026-05-08,14,9.0
S004804,C04804,Starter,2025-10-17,,4,9.0
S004805,C04805,Enterprise,2025-09-10,,365,299.0
S004806,C04806,Professional,2025-10-02,2026-06-30,54,19.0
S004807,C04807,Starter,2025-06-20,,16,9.0
S004808,C04808,Enterprise,2025-11-22,,305,299.0
S004809,C04809,Professional,2025-05-23,,64,19.0
S004810,C04810,Starter,2025-10-22,2026-06-30,16,9.0
S004811,C04811,Enterprise,2025-03-16,,338,299.0
S004812,C04812,Professional,2025-04-01,,49,19.0
S004813,C04813,Professional,2025-07-12,,66,19.0
S004814,C04814,Starter,2025-07-22,,6,9.0
S004815,C04815,Free,2025-09-30,,5,0.0
S004816,C04816,Professional,2025-04-19,,73,19.0
S004817,C04817,Professional,2025-11-15,,47,19.0
S004818,C04818,Professional,2025-05-01,,74,19.0
S004819,C04819,Professional,2025-07-14,,61,19.0
S004820,C04820,Enterprise,2025-12-07,,268,299.0
S004821,C04821,Starter,2025-07-16,,10,9.0
S004822,C04822,Starter,2025-09-06,2026-03-01,13,9.0
S004823,C04823,Starter,2025-11-28,,7,9.0
S004824,C04824,Free,2025-12-22,,3,0.0
S004825,C04825,Starter,2025-07-02,,10,9.0
S004826,C04826,Starter,2025-06-02,,12,9.0
S004827,C04827,Free,2025-03-13,2026-06-06,3,0.0
S004828,C04828,Professional,2025-07-16,,16,19.0
S004829,C04829,Starter,2025-12-02,,15,9.0
S004830,C04830,Starter,2025-06-27,,11,9.0
S004831,C04831,Starter,2025-05-08,,6,9.0
S004832,C04832,Starter,2025-02-09,,7,9.0
S004833,C04833,Professional,2025-05-23,,46,19.0
S004834,C04834,Starter,2025-03-28,,17,9.0
S004835,C04835,Starter,2025-12-23,,7,9.0
S004836,C04836,Starter,2025-07-12,,18,9.0
S004837,C04837,Free,2025-02-20,,4,0.0
S004838,C04838,Professional,2025-01-25,,11,19.0
S004839,C04839,Enterprise,2025-11-07,,155,299.0
S004840,C04840,Free,2025-12-06,,4,0.0
S004841,C04841,Starter,2025-10-06,,12,9.0
S004842,C04842,Professional,2025-02-15,,18,19.0
S004843,C04843,Professional,2025-02-05,,80,19.0
S004844,C04844,Starter,2025-03-14,,3,9.0
S004845,C04845,Professional,2025-10-02,,38,19.0
S004846,C04846,Enterprise,2025-10-07,,105,299.0
S004847,C04847,Starter,2025-11-02,2026-06-30,19,9.0
S004848,C04848,Professional,2025-02-05,,43,19.0
S004849,C04849,Professional,2025-02-25,,54,19.0
S004850,C04850,Free,2025-11-25,,5,0.0
S004851,C04851,Enterprise,2025-12-05,,204,299.0
S004852,C04852,Enterprise,2025-09-22,,224,299.0
S004853,C04853,Professional,2025-02-08,,54,19.0
S004854,C04854,Starter,2025-01-26,,19,9.0
S004855,C04855,Professional,2025-01-21,,23,19.0
S004856,C04856,Professional,2025-09-10,,39,19.0
S004857,C04857,Free,2025-11-05,,2,0.0
S004858,C04858,Starter,2025-08-19,,6,9.0
S004859,C04859,Free,2025-04-06,,1,0.0
S004860,C04860,Starter,2025-10-04,,11,9.0
S004861,C04861,Professional,2025-01-22,,17,19.0
S004862,C04862,Professional,2025-10-30,,54,19.0
S004863,C04863,Starter,2025-11-22,,6,9.0
S004864,C04864,Professional,2025-09-20,,45,19.0
S004865,C04865,Professional,2025-11-17,,26,19.0
S004866,C04866,Starter,2025-08-02,,10,9.0
S004867,C04867,Professional,2025-06-20,,20,19.0
S004868,C04868,Free,2025-04-28,,1,0.0
S004869,C04869,Free,2025-12-03,,2,0.0
S004870,C04870,Starter,2025-09-12,,15,9.0
S004871,C04871,Enterprise,2025-03-11,,270,299.0
S004872,C04872,Enterprise,2025-12-16,,240,299.0
S004873,C04873,Professional,2025-01-22,2025-09-12,50,19.0
S004874,C04874,Professional,2025-08-03,,78,19.0
S004875,C04875,Professional,2025-03-11,,67,19.0
S004876,C04876,Starter,2025-08-31,,10,9.0
S004877,C04877,Starter,2025-05-31,2026-06-30,12,9.0
S004878,C04878,Free,2025-06-09,,2,0.0
S004879,C04879,Free,2025-09-03,2025-11-08,4,0.0
S004880,C04880,Enterprise,2025-10-03,,444,299.0
S004881,C04881,Professional,2025-05-19,,71,19.0
S004882,C04882,Professional,2025-12-31,,24,19.0
S004883,C04883,Professional,2025-07-01,,63,19.0
S004884,C04884,Professional,2025-02-28,,21,19.0
S004885,C04885,Professional,2025-01-03,,10,19.0
S004886,C04886,Professional,2025-03-15,,61,19.0
S004887,C04887,Free,2025-09-10,,3,0.0
S004888,C04888,Free,2025-07-16,2026-06-30,2,0.0
S004889,C04889,Professional,2025-05-04,,45,19.0
S004890,C04890,Free,2025-06-25,,3,0.0
S004891,C04891,Professional,2025-11-02,,27,19.0
S004892,C04892,Professional,2025-07-28,2026-06-30,42,19.0
S004893,C04893,Professional,2025-01-22,,12,19.0
S004894,C04894,Starter,2025-01-18,,17,9.0
S004895,C04895,Starter,2025-06-25,,19,9.0
S004896,C04896,Enterprise,2025-05-28,,330,299.0
S004897,C04897,Enterprise,2025-11-07,2026-05-11,349,299.0
S004898,C04898,Starter,2025-08-01,,16,9.0
S004899,C04899,Professional,2025-10-04,,44,19.0
S004900,C04900,Professional,2025-08-02,,80,19.0
S004901,C04901,Starter,2025-05-07,,8,9.0
S004902,C04902,Starter,2025-08-28,,15,9.0
S004903,C04903,Enterprise,2025-08-15,2026-04-28,212,299.0
S004904,C04904,Professional,2025-09-20,,29,19.0
S004905,C04905,Professional,2025-03-11,,40,19.0
S004906,C04906,Enterprise,2025-08-23,,407,299.0
S004907,C04907,Professional,2025-04-15,,38,19.0
S004908,C04908,Free,2025-10-16,,5,0.0
S004909,C04909,Starter,2025-10-19,,9,9.0
S004910,C04910,Professional,2025-08-17,,40,19.0
S004911,C04911,Free,2025-12-12,,3,0.0
S004912,C04912,Free,2025-07-16,,4,0.0
S004913,C04913,Professional,2025-01-10,,40,19.0
S004914,C04914,Professional,2025-08-10,,44,19.0
S004915,C04915,Free,2025-10-11,,1,0.0
S004916,C04916,Free,2025-02-06,,1,0.0
S004917,C04917,Professional,2025-02-08,,19,19.0
S004918,C04918,Starter,2025-04-10,,16,9.0
S004919,C04919,Free,2025-11-05,,2,0.0
S004920,C04920,Enterprise,2025-07-12,,277,299.0
S004921,C04921,Professional,2025-12-23,,48,19.0
S004922,C04922,Starter,2025-11-15,2026-06-30,9,9.0
S004923,C04923,Professional,2025-07-22,,18,19.0
S004924,C04924,Starter,2025-09-05,,11,9.0
S004925,C04925,Starter,2025-05-01,2026-03-01,9,9.0
S004926,C04926,Enterprise,2025-02-02,,333,299.0
S004927,C04927,Professional,2025-05-26,,54,19.0
S004928,C04928,Professional,2025-08-05,,63,19.0
S004929,C04929,Starter,2025-03-08,,12,9.0
S004930,C04930,Starter,2025-03-22,,19,9.0
S004931,C04931,Starter,2025-01-06,2025-04-27,20,9.0
S004932,C04932,Starter,2025-09-25,,15,9.0
S004933,C04933,Professional,2025-11-25,,76,19.0
S004934,C04934,Professional,2025-10-30,,80,19.0
S004935,C04935,Professional,2025-05-19,,69,19.0
S004936,C04936,Free,2025-08-05,,1,0.0
S004937,C04937,Starter,2025-12-17,,15,9.0
S004938,C04938,Starter,2025-08-04,,5,9.0
S004939,C04939,Professional,2025-04-18,,30,19.0
S004940,C04940,Professional,2025-05-04,,66,19.0
S004941,C04941,Professional,2025-09-23,,48,19.0
S004942,C04942,Starter,2025-06-12,2025-09-02,14,9.0
S004943,C04943,Professional,2025-11-02,2026-06-30,38,19.0
S004944,C04944,Free,2025-11-12,,5,0.0
S004945,C04945,Free,2025-01-14,,2,0.0
S004946,C04946,Starter,2025-09-22,,15,9.0
S004947,C04947,Starter,2025-05-16,,16,9.0
S004948,C04948,Starter,2025-07-09,,3,9.0
S004949,C04949,Starter,2025-04-07,,18,9.0
S004950,C04950,Professional,2025-05-15,2025-12-12,57,19.0
S004951,C04951,Free,2025-05-01,2026-03-03,1,0.0
S004952,C04952,Starter,2025-01-19,,6,9.0
S004953,C04953,Starter,2025-10-13,,4,9.0
S004954,C04954,Starter,2025-02-22,2025-07-30,11,9.0
S004955,C04955,Starter,2025-05-18,,4,9.0
S004956,C04956,Free,2025-03-12,2025-11-13,4,0.0
S004957,C04957,Starter,2025-02-28,,4,9.0
S004958,C04958,Professional,2025-05-17,,56,19.0
S004959,C04959,Starter,2025-12-02,,16,9.0
S004960,C04960,Professional,2025-12-11,2026-06-30,37,19.0
S004961,C04961,Starter,2025-05-20,,9,9.0
S004962,C04962,Professional,2025-07-04,2026-03-06,60,19.0
S004963,C04963,Free,2025-12-26,,5,0.0
S004964,C04964,Enterprise,2025-03-27,,478,299.0
S004965,C04965,Free,2025-12-11,,4,0.0
S004966,C04966,Enterprise,2025-02-08,,192,299.0
S004967,C04967,Starter,2025-03-24,,9,9.0
S004968,C04968,Professional,2025-05-04,2025-08-20,18,19.0
S004969,C04969,Starter,2025-01-14,,3,9.0
S004970,C04970,Free,2025-10-25,,1,0.0
S004971,C04971,Free,2025-11-09,,4,0.0
S004972,C04972,Free,2025-05-20,,3,0.0
S004973,C04973,Starter,2025-11-02,,13,9.0
S004974,C04974,Professional,2025-10-09,2026-06-30,31,19.0
S004975,C04975,Starter,2025-10-20,,4,9.0
S004976,C04976,Professional,2025-10-20,2026-04-14,43,19.0
S004977,C04977,Free,2025-07-29,,3,0.0
S004978,C04978,Professional,2025-02-10,,15,19.0
S004979,C04979,Professional,2025-12-04,2026-06-30,57,19.0
S004980,C04980,Starter,2025-08-11,,7,9.0
S004981,C04981,Professional,2025-11-25,2026-03-05,45,19.0
S004982,C04982,Starter,2025-12-17,,9,9.0
S004983,C04983,Starter,2025-03-10,,4,9.0
S004984,C04984,Professional,2025-05-27,2025-12-12,76,19.0
S004985,C04985,Professional,2025-03-12,,54,19.0
S004986,C04986,Starter,2025-01-19,,8,9.0
S004987,C04987,Starter,2025-12-19,,7,9.0
S004988,C04988,Professional,2025-12-04,2026-02-21,13,19.0
S004989,C04989,Starter,2025-12-07,,16,9.0
S004990,C04990,Enterprise,2025-11-19,,224,299.0
S004991,C04991,Professional,2025-08-25,,25,19.0
S004992,C04992,Free,2025-07-10,,5,0.0
S004993,C04993,Starter,2025-12-28,,20,9.0
S004994,C04994,Professional,2025-07-21,,40,19.0
S004995,C04995,Professional,2025-08-23,,52,19.0
S004996,C04996,Free,2025-03-19,2026-03-07,5,0.0
S004997,C04997,Professional,2025-09-30,,53,19.0
S004998,C04998,Professional,2025-10-27,,28,19.0
S004999,C04999,Free,2025-09-05,,4,0.0
S005000,C05000,Free,2025-07-01,,1,0.0
S005001,C05001,Professional,2025-03-14,,48,19.0
S005002,C05002,Professional,2025-01-13,,45,19.0
S005003,C05003,Starter,2025-08-17,,13,9.0
S005004,C05004,Free,2025-09-07,2026-05-29,4,0.0
S005005,C05005,Starter,2025-10-10,,4,9.0
S005006,C05006,Starter,2025-12-13,2026-05-15,18,9.0
S005007,C05007,Professional,2025-07-01,,31,19.0
S005008,C05008,Free,2025-10-30,,2,0.0
S005009,C05009,Professional,2025-09-19,2026-06-30,47,19.0
S005010,C05010,Starter,2025-04-12,2025-07-20,20,9.0
S005011,C05011,Professional,2025-11-05,,69,19.0
S005012,C05012,Enterprise,2025-01-20,,296,299.0
S005013,C05013,Free,2025-08-07,2026-06-30,3,0.0
S005014,C05014,Enterprise,2025-12-10,,301,299.0
S005015,C05015,Professional,2025-08-29,,58,19.0
S005016,C05016,Professional,2025-12-09,,70,19.0
S005017,C05017,Starter,2025-01-21,,5,9.0
S005018,C05018,Professional,2025-07-14,,38,19.0
S005019,C05019,Starter,2025-10-12,2026-05-07,13,9.0
S005020,C05020,Free,2025-08-23,,4,0.0
S005021,C05021,Enterprise,2025-11-18,,138,299.0
S005022,C05022,Enterprise,2025-06-18,,327,299.0
S005023,C05023,Free,2025-09-07,,4,0.0
S005024,C05024,Starter,2025-06-03,,5,9.0
S005025,C05025,Enterprise,2025-11-15,,168,299.0
S005026,C05026,Professional,2025-02-13,2026-04-01,12,19.0
S005027,C05027,Starter,2025-04-03,,18,9.0
S005028,C05028,Free,2025-02-05,,5,0.0
S005029,C05029,Starter,2025-09-14,,11,9.0
S005030,C05030,Starter,2025-03-26,,18,9.0
S005031,C05031,Professional,2025-04-26,,52,19.0
S005032,C05032,Starter,2025-11-02,,20,9.0
S005033,C05033,Professional,2025-05-12,,17,19.0
S005034,C05034,Free,2025-02-23,,4,0.0
S005035,C05035,Professional,2025-01-08,,61,19.0
S005036,C05036,Free,2025-03-24,,4,0.0
S005037,C05037,Professional,2025-11-30,,45,19.0
S005038,C05038,Professional,2025-07-20,2025-12-30,24,19.0
S005039,C05039,Professional,2025-12-30,,22,19.0
S005040,C05040,Free,2025-03-20,,4,0.0
S005041,C05041,Professional,2025-05-09,,51,19.0
S005042,C05042,Free,2025-03-01,,3,0.0
S005043,C05043,Free,2025-05-26,2025-10-23,1,0.0
S005044,C05044,Professional,2025-07-25,,36,19.0
S005045,C05045,Free,2025-10-22,,5,0.0
S005046,C05046,Starter,2025-05-15,,15,9.0
S005047,C05047,Enterprise,2025-10-09,,404,299.0
S005048,C05048,Starter,2025-08-17,,4,9.0
S005049,C05049,Professional,2025-04-17,,42,19.0
S005050,C05050,Professional,2025-11-29,,45,19.0
S005051,C05051,Starter,2025-06-08,,17,9.0
S005052,C05052,Starter,2025-02-25,,16,9.0
S005053,C05053,Starter,2025-12-18,2026-06-30,4,9.0
S005054,C05054,Professional,2025-11-30,,68,19.0
S005055,C05055,Professional,2025-01-19,,12,19.0
S005056,C05056,Starter,2025-11-26,,11,9.0
S005057,C05057,Professional,2025-12-12,,27,19.0
S005058,C05058,Starter,2025-10-30,,9,9.0
S005059,C05059,Professional,2025-04-04,,40,19.0
S005060,C05060,Free,2025-08-19,2026-06-30,3,0.0
S005061,C05061,Starter,2025-07-16,2026-03-05,3,9.0
S005062,C05062,Starter,2025-08-15,,5,9.0
S005063,C05063,Professional,2025-08-14,,58,19.0
S005064,C05064,Starter,2025-08-22,,4,9.0
S005065,C05065,Starter,2025-07-07,,7,9.0
S005066,C05066,Enterprise,2025-09-10,,428,299.0
S005067,C05067,Free,2025-07-12,2025-10-20,2,0.0
S005068,C05068,Starter,2025-01-07,,5,9.0
S005069,C05069,Free,2025-01-13,,3,0.0
S005070,C05070,Professional,2025-12-16,,39,19.0
S005071,C05071,Starter,2025-11-28,,5,9.0
S005072,C05072,Enterprise,2025-08-02,2026-06-11,265,299.0
S005073,C05073,Starter,2025-03-05,,18,9.0
S005074,C05074,Enterprise,2025-10-13,,494,299.0
S005075,C05075,Free,2025-02-22,,1,0.0
S005076,C05076,Professional,2025-05-18,2026-06-30,60,19.0
S005077,C05077,Starter,2025-05-01,,15,9.0
S005078,C05078,Starter,2025-01-05,,16,9.0
S005079,C05079,Professional,2025-10-22,,64,19.0
S005080,C05080,Starter,2025-07-06,2025-12-01,15,9.0
S005081,C05081,Professional,2025-04-26,,71,19.0
S005082,C05082,Professional,2025-07-05,2026-01-25,29,19.0
S005083,C05083,Starter,2025-01-01,,5,9.0
S005084,C05084,Free,2025-06-09,,2,0.0
S005085,C05085,Enterprise,2025-07-09,,178,299.0
S005086,C05086,Professional,2025-05-04,,23,19.0
S005087,C05087,Professional,2025-10-31,,13,19.0
S005088,C05088,Professional,2025-04-02,,48,19.0
S005089,C05089,Professional,2025-02-20,,68,19.0
S005090,C05090,Professional,2025-07-12,,15,19.0
S005091,C05091,Free,2025-11-20,,4,0.0
S005092,C05092,Professional,2025-05-17,,74,19.0
S005093,C05093,Professional,2025-01-18,,44,19.0
S005094,C05094,Professional,2025-12-21,,23,19.0
S005095,C05095,Professional,2025-06-12,,57,19.0
S005096,C05096,Free,2025-03-05,2026-02-28,2,0.0
S005097,C05097,Starter,2025-08-13,,5,9.0
S005098,C05098,Free,2025-04-27,,3,0.0
S005099,C05099,Professional,2025-12-09,,11,19.0
S005100,C05100,Starter,2025-04-18,,8,9.0
S005101,C05101,Free,2025-07-20,,4,0.0
S005102,C05102,Professional,2025-07-18,,21,19.0
S005103,C05103,Starter,2025-03-30,,12,9.0
S005104,C05104,Starter,2025-07-02,,20,9.0
S005105,C05105,Starter,2025-02-09,,6,9.0
S005106,C05106,Free,2025-08-23,,2,0.0
S005107,C05107,Starter,2025-10-04,,15,9.0
S005108,C05108,Starter,2025-12-13,,16,9.0
S005109,C05109,Starter,2025-04-29,,11,9.0
S005110,C05110,Starter,2025-04-15,,16,9.0
S005111,C05111,Enterprise,2025-07-20,,353,299.0
S005112,C05112,Free,2025-09-10,,2,0.0
S005113,C05113,Starter,2025-12-29,,17,9.0
S005114,C05114,Professional,2025-01-10,,29,19.0
S005115,C05115,Starter,2025-03-28,2025-07-07,15,9.0
S005116,C05116,Starter,2025-04-06,2026-03-29,12,9.0
S005117,C05117,Professional,2025-04-04,,48,19.0
S005118,C05118,Free,2025-06-19,,5,0.0
S005119,C05119,Enterprise,2025-11-15,,463,299.0
S005120,C05120,Starter,2025-01-12,,16,9.0
S005121,C05121,Professional,2025-10-25,,52,19.0
S005122,C05122,Enterprise,2025-08-14,,221,299.0
S005123,C05123,Professional,2025-08-13,,61,19.0
S005124,C05124,Starter,2025-09-05,,3,9.0
S005125,C05125,Professional,2025-02-12,,17,19.0
S005126,C05126,Starter,2025-09-30,,13,9.0
S005127,C05127,Starter,2025-04-01,,7,9.0
S005128,C05128,Professional,2025-07-08,,43,19.0
S005129,C05129,Starter,2025-09-05,,19,9.0
S005130,C05130,Starter,2025-08-09,,9,9.0
S005131,C05131,Professional,2025-04-28,2026-04-06,39,19.0
S005132,C05132,Starter,2025-05-25,,14,9.0
S005133,C05133,Professional,2025-06-23,,62,19.0
S005134,C05134,Free,2025-01-16,,5,0.0
S005135,C05135,Professional,2025-09-23,,32,19.0
S005136,C05136,Free,2025-02-06,,5,0.0
S005137,C05137,Professional,2025-06-17,2026-01-30,25,19.0
S005138,C05138,Free,2025-08-28,,4,0.0
S005139,C05139,Professional,2025-01-30,,15,19.0
S005140,C05140,Professional,2025-12-30,,78,19.0
S005141,C05141,Starter,2025-05-18,,17,9.0
S005142,C05142,Professional,2025-01-06,2026-03-26,38,19.0
S005143,C05143,Professional,2025-08-29,,73,19.0
S005144,C05144,Free,2025-07-23,2025-10-19,1,0.0
S005145,C05145,Professional,2025-08-22,,35,19.0
S005146,C05146,Starter,2025-10-02,,11,9.0
S005147,C05147,Professional,2025-06-23,2026-06-30,56,19.0
S005148,C05148,Professional,2025-10-29,,56,19.0
S005149,C05149,Professional,2025-05-16,,13,19.0
S005150,C05150,Free,2025-07-18,,5,0.0
S005151,C05151,Starter,2025-02-27,,5,9.0
S005152,C05152,Professional,2025-08-15,,76,19.0
S005153,C05153,Free,2025-04-06,,3,0.0
S005154,C05154,Professional,2025-09-12,,46,19.0
S005155,C05155,Professional,2025-10-20,,37,19.0
S005156,C05156,Professional,2025-11-10,,36,19.0
S005157,C05157,Free,2025-12-06,,3,0.0
S005158,C05158,Professional,2025-02-14,,29,19.0
S005159,C05159,Starter,2025-02-20,2025-10-02,19,9.0
S005160,C05160,Starter,2025-12-05,2026-05-25,13,9.0
S005161,C05161,Starter,2025-05-20,,11,9.0
S005162,C05162,Professional,2025-01-10,,59,19.0
S005163,C05163,Starter,2025-04-15,,4,9.0
S005164,C05164,Professional,2025-11-02,,54,19.0
S005165,C05165,Free,2025-05-10,,1,0.0
S005166,C05166,Starter,2025-01-29,2026-03-15,6,9.0
S005167,C05167,Starter,2025-09-21,2026-06-01,14,9.0
S005168,C05168,Free,2025-03-13,,3,0.0
S005169,C05169,Starter,2025-05-09,2025-11-30,6,9.0
S005170,C05170,Professional,2025-01-02,,15,19.0
S005171,C05171,Starter,2025-08-08,,13,9.0
S005172,C05172,Starter,2025-06-12,,12,9.0
S005173,C05173,Starter,2025-11-13,,7,9.0
S005174,C05174,Starter,2025-05-03,,6,9.0
S005175,C05175,Free,2025-03-16,,4,0.0
S005176,C05176,Professional,2025-03-02,,73,19.0
S005177,C05177,Professional,2025-03-15,,76,19.0
S005178,C05178,Professional,2025-06-14,,67,19.0
S005179,C05179,Starter,2025-02-01,,7,9.0
S005180,C05180,Starter,2025-05-27,,16,9.0
S005181,C05181,Professional,2025-11-08,,37,19.0
S005182,C05182,Professional,2025-10-08,2026-06-30,17,19.0
S005183,C05183,Free,2025-08-21,2026-06-30,1,0.0
S005184,C05184,Free,2025-11-22,,3,0.0
S005185,C05185,Enterprise,2025-10-12,,212,299.0
S005186,C05186,Free,2025-08-27,,1,0.0
S005187,C05187,Enterprise,2025-11-12,,409,299.0
S005188,C05188,Professional,2025-02-15,,13,19.0
S005189,C05189,Starter,2025-10-26,,20,9.0
S005190,C05190,Free,2025-04-18,,3,0.0
S005191,C05191,Professional,2025-09-25,,33,19.0
S005192,C05192,Free,2025-11-30,,2,0.0
S005193,C05193,Starter,2025-07-01,,15,9.0
S005194,C05194,Free,2025-02-02,,5,0.0
S005195,C05195,Free,2025-05-16,2026-06-30,2,0.0
S005196,C05196,Professional,2025-05-29,,75,19.0
S005197,C05197,Starter,2025-12-08,,19,9.0
S005198,C05198,Professional,2025-12-11,2026-06-30,76,19.0
S005199,C05199,Professional,2025-07-27,,53,19.0
S005200,C05200,Starter,2025-12-13,,3,9.0
S005201,C05201,Professional,2025-06-09,,32,19.0
S005202,C05202,Starter,2025-05-31,,12,9.0
S005203,C05203,Professional,2025-11-02,,66,19.0
S005204,C05204,Starter,2025-09-01,,3,9.0
S005205,C05205,Professional,2025-07-10,,51,19.0
S005206,C05206,Professional,2025-06-16,,52,19.0
S005207,C05207,Professional,2025-09-15,,12,19.0
S005208,C05208,Free,2025-10-03,2026-01-28,3,0.0
S005209,C05209,Starter,2025-06-29,,10,9.0
S005210,C05210,Professional,2025-01-12,,40,19.0
S005211,C05211,Professional,2025-02-07,,62,19.0
S005212,C05212,Professional,2025-02-22,,13,19.0
S005213,C05213,Free,2025-06-18,,4,0.0
S005214,C05214,Starter,2025-08-13,2026-06-30,4,9.0
S005215,C05215,Enterprise,2025-10-21,,384,299.0
S005216,C05216,Free,2025-03-26,,2,0.0
S005217,C05217,Professional,2025-10-15,,46,19.0
S005218,C05218,Starter,2025-09-01,,7,9.0
S005219,C05219,Professional,2025-01-19,,79,19.0
S005220,C05220,Free,2025-05-09,,1,0.0
S005221,C05221,Free,2025-04-21,,3,0.0
S005222,C05222,Starter,2025-11-20,2026-06-30,18,9.0
S005223,C05223,Professional,2025-12-03,2026-06-30,36,19.0
S005224,C05224,Professional,2025-10-27,,12,19.0
S005225,C05225,Professional,2025-07-12,,24,19.0
S005226,C05226,Enterprise,2025-06-29,,187,299.0
S005227,C05227,Starter,2025-04-24,,4,9.0
S005228,C05228,Professional,2025-10-10,2026-06-21,75,19.0
S005229,C05229,Free,2025-02-01,2026-05-03,5,0.0
S005230,C05230,Free,2025-04-09,,5,0.0
S005231,C05231,Starter,2025-02-19,,12,9.0
S005232,C05232,Enterprise,2025-06-30,,242,299.0
S005233,C05233,Professional,2025-04-20,2026-04-06,70,19.0
S005234,C05234,Free,2025-03-14,,5,0.0
S005235,C05235,Enterprise,2025-05-18,,391,299.0
S005236,C05236,Professional,2025-11-11,,20,19.0
S005237,C05237,Professional,2025-07-23,,69,19.0
S005238,C05238,Professional,2025-10-28,,55,19.0
S005239,C05239,Starter,2025-11-30,,15,9.0
S005240,C05240,Free,2025-11-26,2026-06-30,5,0.0
S005241,C05241,Professional,2025-05-09,,28,19.0
S005242,C05242,Free,2025-11-17,,3,0.0
S005243,C05243,Professional,2025-11-28,,34,19.0
S005244,C05244,Starter,2025-12-17,,6,9.0
S005245,C05245,Professional,2025-05-09,,46,19.0
S005246,C05246,Professional,2025-03-25,,51,19.0
S005247,C05247,Starter,2025-08-02,,7,9.0
S005248,C05248,Starter,2025-12-07,,16,9.0
S005249,C05249,Free,2025-11-25,,2,0.0
S005250,C05250,Starter,2025-07-28,,18,9.0
S005251,C05251,Free,2025-02-24,,4,0.0
S005252,C05252,Free,2025-06-04,,2,0.0
S005253,C05253,Starter,2025-09-18,,16,9.0
S005254,C05254,Starter,2025-07-24,,8,9.0
S005255,C05255,Enterprise,2025-05-07,,339,299.0
S005256,C05256,Free,2025-05-06,,4,0.0
S005257,C05257,Free,2025-01-22,2025-10-11,2,0.0
S005258,C05258,Professional,2025-04-16,2026-06-30,27,19.0
S005259,C05259,Free,2025-09-02,,1,0.0
S005260,C05260,Professional,2025-03-30,,27,19.0
S005261,C05261,Professional,2025-12-29,,59,19.0
S005262,C05262,Professional,2025-01-31,2026-04-21,22,19.0
S005263,C05263,Starter,2025-08-03,,18,9.0
S005264,C05264,Free,2025-07-01,,2,0.0
S005265,C05265,Enterprise,2025-11-01,,220,299.0
S005266,C05266,Professional,2025-11-21,,41,19.0
S005267,C05267,Professional,2025-07-18,,55,19.0
S005268,C05268,Free,2025-08-19,,4,0.0
S005269,C05269,Starter,2025-09-13,,15,9.0
S005270,C05270,Professional,2025-07-10,,17,19.0
S005271,C05271,Free,2025-03-09,,5,0.0
S005272,C05272,Enterprise,2025-06-06,,270,299.0
S005273,C05273,Enterprise,2025-03-30,,445,299.0
S005274,C05274,Free,2025-06-19,,4,0.0
S005275,C05275,Free,2025-08-13,,1,0.0
S005276,C05276,Starter,2025-03-18,,12,9.0
S005277,C05277,Starter,2025-04-02,,17,9.0
S005278,C05278,Starter,2025-10-28,,17,9.0
S005279,C05279,Professional,2025-05-18,,61,19.0
S005280,C05280,Starter,2025-03-14,2025-07-19,19,9.0
S005281,C05281,Free,2025-09-18,,3,0.0
S005282,C05282,Starter,2025-09-19,,6,9.0
S005283,C05283,Starter,2025-10-29,,3,9.0
S005284,C05284,Starter,2025-10-05,,19,9.0
S005285,C05285,Enterprise,2025-12-29,,359,299.0
S005286,C05286,Free,2025-07-29,,5,0.0
S005287,C05287,Professional,2025-04-15,,66,19.0
S005288,C05288,Starter,2025-11-11,,9,9.0
S005289,C05289,Professional,2025-04-07,,21,19.0
S005290,C05290,Starter,2025-04-17,2025-09-10,17,9.0
S005291,C05291,Starter,2025-10-30,,18,9.0
S005292,C05292,Starter,2025-11-18,,12,9.0
S005293,C05293,Professional,2025-05-04,,27,19.0
S005294,C05294,Free,2025-09-24,,5,0.0
S005295,C05295,Starter,2025-12-03,,18,9.0
S005296,C05296,Starter,2025-10-19,,16,9.0
S005297,C05297,Professional,2025-01-02,,47,19.0
S005298,C05298,Free,2025-08-31,,5,0.0
S005299,C05299,Free,2025-03-04,,5,0.0
S005300,C05300,Professional,2025-11-05,,25,19.0
S005301,C05301,Starter,2025-01-25,,8,9.0
S005302,C05302,Free,2025-12-29,,4,0.0
S005303,C05303,Starter,2025-03-06,,5,9.0
S005304,C05304,Professional,2025-06-03,,10,19.0
S005305,C05305,Enterprise,2025-03-27,,306,299.0
S005306,C05306,Professional,2025-10-25,,75,19.0
S005307,C05307,Professional,2025-05-24,,72,19.0
S005308,C05308,Professional,2025-09-29,,24,19.0
S005309,C05309,Starter,2025-01-25,,7,9.0
S005310,C05310,Enterprise,2025-06-15,,249,299.0
S005311,C05311,Free,2025-11-29,,5,0.0
S005312,C05312,Professional,2025-12-05,,69,19.0
S005313,C05313,Starter,2025-03-18,,19,9.0
S005314,C05314,Professional,2025-05-24,,43,19.0
S005315,C05315,Enterprise,2025-05-30,,131,299.0
S005316,C05316,Professional,2025-07-26,,57,19.0
S005317,C05317,Professional,2025-07-16,,73,19.0
S005318,C05318,Professional,2025-02-08,2026-05-12,35,19.0
S005319,C05319,Starter,2025-10-06,,7,9.0
S005320,C05320,Starter,2025-03-24,,12,9.0
S005321,C05321,Starter,2025-04-25,2025-09-02,7,9.0
S005322,C05322,Starter,2025-11-03,,18,9.0
S005323,C05323,Starter,2025-09-09,2026-06-30,10,9.0
S005324,C05324,Free,2025-05-25,,5,0.0
S005325,C05325,Professional,2025-11-30,,52,19.0
S005326,C05326,Professional,2025-05-24,,42,19.0
S005327,C05327,Free,2025-07-26,2026-06-30,3,0.0
S005328,C05328,Professional,2025-03-31,2026-05-14,61,19.0
S005329,C05329,Professional,2025-03-08,,27,19.0
S005330,C05330,Professional,2025-06-29,,43,19.0
S005331,C05331,Starter,2025-07-25,2026-06-30,18,9.0
S005332,C05332,Professional,2025-10-22,,76,19.0
S005333,C05333,Starter,2025-05-23,,3,9.0
S005334,C05334,Professional,2025-11-23,,61,19.0
S005335,C05335,Professional,2025-08-10,,69,19.0
S005336,C05336,Free,2025-01-26,,3,0.0
S005337,C05337,Starter,2025-09-27,,7,9.0
S005338,C05338,Free,2025-07-29,,3,0.0
S005339,C05339,Starter,2025-05-23,,19,9.0
S005340,C05340,Free,2025-06-20,,1,0.0
S005341,C05341,Professional,2025-04-21,,32,19.0
S005342,C05342,Starter,2025-08-13,,19,9.0
S005343,C05343,Starter,2025-07-26,2026-06-30,14,9.0
S005344,C05344,Professional,2025-06-13,,28,19.0
S005345,C05345,Professional,2025-04-15,,58,19.0
S005346,C05346,Starter,2025-05-26,2025-07-30,6,9.0
S005347,C05347,Professional,2025-07-01,,61,19.0
S005348,C05348,Professional,2025-06-22,,42,19.0
S005349,C05349,Starter,2025-04-23,,18,9.0
S005350,C05350,Free,2025-08-01,,4,0.0
S005351,C05351,Professional,2025-03-24,,18,19.0
S005352,C05352,Free,2025-07-02,,4,0.0
S005353,C05353,Free,2025-02-14,,4,0.0
S005354,C05354,Starter,2025-06-22,,7,9.0
S005355,C05355,Enterprise,2025-10-14,,307,299.0
S005356,C05356,Professional,2025-10-26,,28,19.0
S005357,C05357,Professional,2025-09-11,,62,19.0
S005358,C05358,Starter,2025-09-30,2026-06-30,7,9.0
S005359,C05359,Professional,2025-01-25,,38,19.0
S005360,C05360,Starter,2025-05-05,,13,9.0
S005361,C05361,Enterprise,2025-08-27,,119,299.0
S005362,C05362,Professional,2025-10-20,,77,19.0
S005363,C05363,Professional,2025-08-01,,12,19.0
S005364,C05364,Enterprise,2025-11-08,,456,299.0
S005365,C05365,Enterprise,2025-04-10,,361,299.0
S005366,C05366,Free,2025-02-26,,3,0.0
S005367,C05367,Starter,2025-02-01,,11,9.0
S005368,C05368,Professional,2025-08-01,,36,19.0
S005369,C05369,Free,2025-08-31,,4,0.0
S005370,C05370,Starter,2025-04-15,,10,9.0
S005371,C05371,Free,2025-10-14,,3,0.0
S005372,C05372,Starter,2025-09-27,,17,9.0
S005373,C05373,Professional,2025-05-12,,56,19.0
S005374,C05374,Free,2025-03-29,,4,0.0
S005375,C05375,Starter,2025-09-28,,13,9.0
S005376,C05376,Starter,2025-09-03,,3,9.0
S005377,C05377,Enterprise,2025-03-04,,127,299.0
S005378,C05378,Free,2025-04-04,,1,0.0
S005379,C05379,Professional,2025-06-27,,29,19.0
S005380,C05380,Enterprise,2025-07-06,,293,299.0
S005381,C05381,Professional,2025-03-02,,27,19.0
S005382,C05382,Professional,2025-12-13,,47,19.0
S005383,C05383,Free,2025-05-22,,5,0.0
S005384,C05384,Starter,2025-05-20,,20,9.0
S005385,C05385,Free,2025-01-23,2025-04-10,4,0.0
S005386,C05386,Professional,2025-11-16,,20,19.0
S005387,C05387,Enterprise,2025-03-27,,398,299.0
S005388,C05388,Free,2025-12-27,,5,0.0
S005389,C05389,Starter,2025-07-01,,17,9.0
S005390,C05390,Professional,2025-11-16,,73,19.0
S005391,C05391,Starter,2025-03-07,,3,9.0
S005392,C05392,Starter,2025-03-02,,9,9.0
S005393,C05393,Starter,2025-10-20,,13,9.0
S005394,C05394,Professional,2025-10-27,,21,19.0
S005395,C05395,Free,2025-07-18,,2,0.0
S005396,C05396,Professional,2025-01-12,,27,19.0
S005397,C05397,Starter,2025-12-11,,6,9.0
S005398,C05398,Free,2025-05-24,2026-06-30,4,0.0
S005399,C05399,Starter,2025-12-08,,14,9.0
S005400,C05400,Starter,2025-11-14,,4,9.0
S005401,C05401,Professional,2025-11-07,,58,19.0
S005402,C05402,Professional,2025-09-09,2026-06-30,72,19.0
S005403,C05403,Starter,2025-09-03,,3,9.0
S005404,C05404,Professional,2025-07-14,,63,19.0
S005405,C05405,Starter,2025-01-10,,15,9.0
S005406,C05406,Starter,2025-05-22,,17,9.0
S005407,C05407,Starter,2025-09-24,,20,9.0
S005408,C05408,Starter,2025-10-24,,16,9.0
S005409,C05409,Professional,2025-07-24,,35,19.0
S005410,C05410,Professional,2025-09-16,,19,19.0
S005411,C05411,Free,2025-01-08,,5,0.0
S005412,C05412,Starter,2025-06-20,2025-11-18,16,9.0
S005413,C05413,Free,2025-07-05,,3,0.0
S005414,C05414,Professional,2025-11-22,,52,19.0
S005415,C05415,Enterprise,2025-04-24,2025-09-03,313,299.0
S005416,C05416,Professional,2025-03-25,,13,19.0
S005417,C05417,Starter,2025-05-09,,7,9.0
S005418,C05418,Free,2025-03-04,,2,0.0
S005419,C05419,Starter,2025-07-23,2025-11-24,14,9.0
S005420,C05420,Starter,2025-08-23,,10,9.0
S005421,C05421,Professional,2025-10-20,,40,19.0
S005422,C05422,Starter,2025-12-21,,12,9.0
S005423,C05423,Enterprise,2025-01-27,2025-12-23,456,299.0
S005424,C05424,Starter,2025-04-01,,6,9.0
S005425,C05425,Free,2025-04-20,,1,0.0
S005426,C05426,Professional,2025-04-02,,47,19.0
S005427,C05427,Starter,2025-10-29,,18,9.0
S005428,C05428,Starter,2025-02-20,,20,9.0
S005429,C05429,Free,2025-01-11,,2,0.0
S005430,C05430,Starter,2025-11-11,,9,9.0
S005431,C05431,Starter,2025-12-17,,17,9.0
S005432,C05432,Enterprise,2025-03-24,,160,299.0
S005433,C05433,Professional,2025-05-02,,35,19.0
S005434,C05434,Professional,2025-07-03,,43,19.0
S005435,C05435,Starter,2025-07-11,,8,9.0
S005436,C05436,Free,2025-12-28,,3,0.0
S005437,C05437,Professional,2025-05-28,,80,19.0
S005438,C05438,Free,2025-01-05,,5,0.0
S005439,C05439,Starter,2025-06-04,,9,9.0
S005440,C05440,Free,2025-07-23,,3,0.0
S005441,C05441,Professional,2025-07-08,2026-06-30,75,19.0
S005442,C05442,Professional,2025-07-06,,27,19.0
S005443,C05443,Starter,2025-12-03,,13,9.0
S005444,C05444,Professional,2025-10-22,,25,19.0
S005445,C05445,Starter,2025-04-02,2025-07-31,14,9.0
S005446,C05446,Starter,2025-05-10,,3,9.0
S005447,C05447,Starter,2025-09-01,,6,9.0
S005448,C05448,Professional,2025-05-30,,62,19.0
S005449,C05449,Free,2025-06-06,2026-06-30,4,0.0
S005450,C05450,Professional,2025-03-03,,29,19.0
S005451,C05451,Starter,2025-04-03,,6,9.0
S005452,C05452,Free,2025-09-28,,4,0.0
S005453,C05453,Professional,2025-11-04,,79,19.0
S005454,C05454,Starter,2025-10-14,,12,9.0
S005455,C05455,Starter,2025-04-23,,15,9.0
S005456,C05456,Free,2025-02-19,,4,0.0
S005457,C05457,Starter,2025-02-28,,19,9.0
S005458,C05458,Starter,2025-05-24,,6,9.0
S005459,C05459,Free,2025-07-08,,3,0.0
S005460,C05460,Starter,2025-11-22,,5,9.0
S005461,C05461,Professional,2025-11-25,,33,19.0
S005462,C05462,Professional,2025-01-01,,39,19.0
S005463,C05463,Starter,2025-09-16,,19,9.0
S005464,C05464,Enterprise,2025-04-20,,243,299.0
S005465,C05465,Free,2025-03-14,,1,0.0
S005466,C05466,Professional,2025-07-22,,45,19.0
S005467,C05467,Enterprise,2025-01-13,,270,299.0
S005468,C05468,Professional,2025-05-02,,63,19.0
S005469,C05469,Free,2025-07-21,,1,0.0
S005470,C05470,Enterprise,2025-04-10,,464,299.0
S005471,C05471,Starter,2025-08-05,,16,9.0
S005472,C05472,Free,2025-06-17,2025-11-03,3,0.0
S005473,C05473,Professional,2025-10-19,2026-06-30,71,19.0
S005474,C05474,Starter,2025-03-08,,7,9.0
S005475,C05475,Starter,2025-01-21,2025-12-14,10,9.0
S005476,C05476,Professional,2025-07-13,,30,19.0
S005477,C05477,Enterprise,2025-04-04,,210,299.0
S005478,C05478,Starter,2025-09-15,,19,9.0
S005479,C05479,Professional,2025-02-04,,74,19.0
S005480,C05480,Free,2025-07-29,,2,0.0
S005481,C05481,Professional,2025-12-28,,27,19.0
S005482,C05482,Starter,2025-02-03,2025-12-05,4,9.0
S005483,C05483,Starter,2025-04-21,,5,9.0
S005484,C05484,Starter,2025-11-05,,19,9.0
S005485,C05485,Free,2025-07-14,,1,0.0
S005486,C05486,Starter,2025-03-05,2025-12-08,3,9.0
S005487,C05487,Professional,2025-03-19,,72,19.0
S005488,C05488,Starter,2025-10-07,,16,9.0
S005489,C05489,Professional,2025-11-11,,60,19.0
S005490,C05490,Professional,2025-05-12,,20,19.0
S005491,C05491,Professional,2025-06-22,,11,19.0
S005492,C05492,Professional,2025-10-13,,57,19.0
S005493,C05493,Professional,2025-03-06,,49,19.0
S005494,C05494,Enterprise,2025-03-17,,174,299.0
S005495,C05495,Professional,2025-10-10,2026-06-30,42,19.0
S005496,C05496,Starter,2025-03-10,,19,9.0
S005497,C05497,Professional,2025-10-09,2026-06-30,74,19.0
S005498,C05498,Professional,2025-07-01,,13,19.0
S005499,C05499,Professional,2025-12-28,2026-06-30,12,19.0
S005500,C05500,Starter,2025-01-13,2025-05-12,8,9.0
S005501,C05501,Starter,2025-12-12,,16,9.0
S005502,C05502,Professional,2025-03-24,,65,19.0
S005503,C05503,Enterprise,2025-01-13,,309,299.0
S005504,C05504,Starter,2025-09-22,,13,9.0
S005505,C05505,Starter,2025-07-14,,11,9.0
S005506,C05506,Starter,2025-11-02,,10,9.0
S005507,C05507,Professional,2025-02-09,,18,19.0
S005508,C05508,Free,2025-01-30,,3,0.0
S005509,C05509,Enterprise,2025-07-27,,494,299.0
S005510,C05510,Professional,2025-11-18,,45,19.0
S005511,C05511,Starter,2025-05-29,,13,9.0
S005512,C05512,Free,2025-10-19,,5,0.0
S005513,C05513,Professional,2025-11-27,,12,19.0
S005514,C05514,Professional,2025-11-14,,57,19.0
S005515,C05515,Professional,2025-07-05,,28,19.0
S005516,C05516,Starter,2025-09-12,,11,9.0
S005517,C05517,Starter,2025-07-11,,3,9.0
S005518,C05518,Starter,2025-09-04,,8,9.0
S005519,C05519,Free,2025-07-26,2025-12-06,3,0.0
S005520,C05520,Starter,2025-07-11,,12,9.0
S005521,C05521,Starter,2025-06-09,,10,9.0
S005522,C05522,Professional,2025-08-27,,75,19.0
S005523,C05523,Free,2025-10-02,,2,0.0
S005524,C05524,Professional,2025-12-02,,25,19.0
S005525,C05525,Free,2025-08-12,2026-06-30,3,0.0
S005526,C05526,Free,2025-02-06,2025-04-30,2,0.0
S005527,C05527,Starter,2025-08-03,,8,9.0
S005528,C05528,Starter,2025-04-26,,4,9.0
S005529,C05529,Free,2025-01-10,,3,0.0
S005530,C05530,Professional,2025-01-27,2025-06-27,54,19.0
S005531,C05531,Starter,2025-08-04,,13,9.0
S005532,C05532,Starter,2025-12-11,,16,9.0
S005533,C05533,Enterprise,2025-07-04,,365,299.0
S005534,C05534,Starter,2025-06-12,,14,9.0
S005535,C05535,Professional,2025-02-02,,32,19.0
S005536,C05536,Professional,2025-09-04,,67,19.0
S005537,C05537,Starter,2025-01-21,,19,9.0
S005538,C05538,Free,2025-11-04,2026-06-30,4,0.0
S005539,C05539,Professional,2025-10-25,,17,19.0
S005540,C05540,Starter,2025-12-28,,20,9.0
S005541,C05541,Starter,2025-04-14,,12,9.0
S005542,C05542,Starter,2025-03-01,,11,9.0
S005543,C05543,Free,2025-04-20,,2,0.0
S005544,C05544,Professional,2025-10-19,2026-06-30,15,19.0
S005545,C05545,Professional,2025-03-21,,69,19.0
S005546,C05546,Professional,2025-11-20,,48,19.0
S005547,C05547,Free,2025-02-26,,5,0.0
S005548,C05548,Enterprise,2025-01-18,,409,299.0
S005549,C05549,Professional,2025-03-22,,67,19.0
S005550,C05550,Professional,2025-10-03,,38,19.0
S005551,C05551,Professional,2025-08-08,,36,19.0
S005552,C05552,Professional,2025-05-10,,41,19.0
S005553,C05553,Starter,2025-08-28,,3,9.0
S005554,C05554,Professional,2025-08-25,,62,19.0
S005555,C05555,Professional,2025-07-22,2026-06-30,73,19.0
S005556,C05556,Free,2025-07-07,,1,0.0
S005557,C05557,Free,2025-02-07,,5,0.0
S005558,C05558,Starter,2025-04-05,2026-06-11,14,9.0
S005559,C05559,Professional,2025-07-12,2026-06-30,49,19.0
S005560,C05560,Professional,2025-02-19,,60,19.0
S005561,C05561,Professional,2025-06-23,,11,19.0
S005562,C05562,Professional,2025-02-12,,78,19.0
S005563,C05563,Starter,2025-10-15,,18,9.0
S005564,C05564,Professional,2025-02-07,,61,19.0
S005565,C05565,Starter,2025-02-03,,8,9.0
S005566,C05566,Professional,2025-08-21,,19,19.0
S005567,C05567,Starter,2025-03-22,,8,9.0
S005568,C05568,Professional,2025-05-09,,45,19.0
S005569,C05569,Free,2025-04-25,,5,0.0
S005570,C05570,Professional,2025-03-21,,38,19.0
S005571,C05571,Starter,2025-10-06,,16,9.0
S005572,C05572,Free,2025-09-10,,3,0.0
S005573,C05573,Professional,2025-03-29,,14,19.0
S005574,C05574,Starter,2025-09-08,,17,9.0
S005575,C05575,Starter,2025-09-18,,9,9.0
S005576,C05576,Starter,2025-07-16,2025-10-31,13,9.0
S005577,C05577,Starter,2025-07-31,,9,9.0
S005578,C05578,Starter,2025-12-08,,16,9.0
S005579,C05579,Starter,2025-06-15,,17,9.0
S005580,C05580,Free,2025-05-21,,4,0.0
S005581,C05581,Starter,2025-07-16,,19,9.0
S005582,C05582,Starter,2025-11-02,,15,9.0
S005583,C05583,Professional,2025-09-16,,47,19.0
S005584,C05584,Starter,2025-01-28,,16,9.0
S005585,C05585,Free,2025-06-17,,4,0.0
S005586,C05586,Professional,2025-09-28,,25,19.0
S005587,C05587,Free,2025-03-23,,2,0.0
S005588,C05588,Starter,2025-12-27,2026-06-30,4,9.0
S005589,C05589,Professional,2025-10-22,2026-06-30,64,19.0
S005590,C05590,Professional,2025-11-06,,21,19.0
S005591,C05591,Free,2025-01-30,,1,0.0
S005592,C05592,Starter,2025-07-31,,17,9.0
S005593,C05593,Starter,2025-07-12,,3,9.0
S005594,C05594,Starter,2025-08-17,,20,9.0
S005595,C05595,Professional,2025-11-07,,25,19.0
S005596,C05596,Professional,2025-05-09,,76,19.0
S005597,C05597,Free,2025-07-14,,4,0.0
S005598,C05598,Professional,2025-09-06,,10,19.0
S005599,C05599,Professional,2025-10-02,,65,19.0
S005600,C05600,Enterprise,2025-10-09,,499,299.0
S005601,C05601,Free,2025-05-03,,5,0.0
S005602,C05602,Professional,2025-12-31,,72,19.0
S005603,C05603,Free,2025-01-04,,2,0.0
S005604,C05604,Starter,2025-06-29,,6,9.0
S005605,C05605,Starter,2025-08-11,,8,9.0
S005606,C05606,Starter,2025-01-23,,13,9.0
S005607,C05607,Starter,2025-06-14,2026-03-10,16,9.0
S005608,C05608,Free,2025-08-06,2026-01-19,5,0.0
S005609,C05609,Professional,2025-08-10,,44,19.0
S005610,C05610,Professional,2025-02-13,,43,19.0
S005611,C05611,Professional,2025-04-12,,70,19.0
S005612,C05612,Starter,2025-03-31,,20,9.0
S005613,C05613,Starter,2025-08-22,,10,9.0
S005614,C05614,Professional,2025-05-01,,48,19.0
S005615,C05615,Professional,2025-07-28,,28,19.0
S005616,C05616,Free,2025-09-24,,2,0.0
S005617,C05617,Enterprise,2025-10-19,2026-06-30,405,299.0
S005618,C05618,Professional,2025-03-09,,21,19.0
S005619,C05619,Professional,2025-11-26,,30,19.0
S005620,C05620,Professional,2025-03-02,,17,19.0
S005621,C05621,Professional,2025-01-08,,27,19.0
S005622,C05622,Professional,2025-01-17,,60,19.0
S005623,C05623,Professional,2025-03-15,,70,19.0
S005624,C05624,Free,2025-11-15,,2,0.0
S005625,C05625,Free,2025-03-17,,5,0.0
S005626,C05626,Starter,2025-09-11,,10,9.0
S005627,C05627,Enterprise,2025-06-02,,206,299.0
S005628,C05628,Starter,2025-01-15,,19,9.0
S005629,C05629,Starter,2025-06-12,,12,9.0
S005630,C05630,Starter,2025-01-11,,6,9.0
S005631,C05631,Starter,2025-06-23,,6,9.0
S005632,C05632,Enterprise,2025-07-23,2026-04-18,249,299.0
S005633,C05633,Professional,2025-07-10,,17,19.0
S005634,C05634,Free,2025-04-14,,5,0.0
S005635,C05635,Professional,2025-10-07,,53,19.0
S005636,C05636,Enterprise,2025-08-06,,477,299.0
S005637,C05637,Professional,2025-04-03,,27,19.0
S005638,C05638,Professional,2025-06-08,,66,19.0
S005639,C05639,Professional,2025-02-09,,57,19.0
S005640,C05640,Professional,2025-12-04,,37,19.0
S005641,C05641,Professional,2025-10-02,,34,19.0
S005642,C05642,Professional,2025-04-16,,18,19.0
S005643,C05643,Starter,2025-09-04,,17,9.0
S005644,C05644,Free,2025-09-05,,4,0.0
S005645,C05645,Starter,2025-08-11,,13,9.0
S005646,C05646,Free,2025-01-20,,5,0.0
S005647,C05647,Professional,2025-11-17,,54,19.0
S005648,C05648,Enterprise,2025-12-15,,386,299.0
S005649,C05649,Free,2025-12-22,2026-06-30,5,0.0
S005650,C05650,Starter,2025-12-24,,9,9.0
S005651,C05651,Professional,2025-12-06,,56,19.0
S005652,C05652,Free,2025-09-27,,4,0.0
S005653,C05653,Starter,2025-01-21,,19,9.0
S005654,C05654,Professional,2025-06-19,,59,19.0
S005655,C05655,Starter,2025-03-31,,7,9.0
S005656,C05656,Professional,2025-03-22,,73,19.0
S005657,C05657,Professional,2025-10-31,,67,19.0
S005658,C05658,Professional,2025-10-24,,19,19.0
S005659,C05659,Starter,2025-07-10,,16,9.0
S005660,C05660,Free,2025-09-26,,2,0.0
S005661,C05661,Free,2025-02-17,,2,0.0
S005662,C05662,Starter,2025-03-23,,10,9.0
S005663,C05663,Free,2025-11-11,,2,0.0
S005664,C05664,Professional,2025-06-14,,67,19.0
S005665,C05665,Professional,2025-07-19,,23,19.0
S005666,C05666,Professional,2025-06-18,,73,19.0
S005667,C05667,Professional,2025-03-15,,13,19.0
S005668,C05668,Starter,2025-10-29,,8,9.0
S005669,C05669,Starter,2025-10-04,,11,9.0
S005670,C05670,Free,2025-09-07,,3,0.0
S005671,C05671,Professional,2025-05-09,2025-07-19,72,19.0
S005672,C05672,Starter,2025-08-23,,13,9.0
S005673,C05673,Starter,2025-12-14,,12,9.0
S005674,C05674,Professional,2025-08-26,,21,19.0
S005675,C05675,Starter,2025-06-30,,3,9.0
S005676,C05676,Starter,2025-04-09,,17,9.0
S005677,C05677,Starter,2025-07-10,2026-02-05,13,9.0
S005678,C05678,Starter,2025-05-16,,11,9.0
S005679,C05679,Professional,2025-08-12,,45,19.0
S005680,C05680,Professional,2025-01-17,,73,19.0
S005681,C05681,Starter,2025-03-11,,11,9.0
S005682,C05682,Professional,2025-10-15,,48,19.0
S005683,C05683,Free,2025-05-19,,3,0.0
S005684,C05684,Starter,2025-06-08,2026-06-30,17,9.0
S005685,C05685,Professional,2025-07-18,,25,19.0
S005686,C05686,Starter,2025-06-09,,3,9.0
S005687,C05687,Professional,2025-10-04,,78,19.0
S005688,C05688,Starter,2025-03-31,2025-11-25,10,9.0
S005689,C05689,Starter,2025-10-04,,13,9.0
S005690,C05690,Starter,2025-03-18,,10,9.0
S005691,C05691,Professional,2025-05-16,,30,19.0
S005692,C05692,Free,2025-08-03,,1,0.0
S005693,C05693,Professional,2025-11-20,,58,19.0
S005694,C05694,Free,2025-03-26,,3,0.0
S005695,C05695,Free,2025-08-03,2026-06-12,4,0.0
S005696,C05696,Professional,2025-01-24,,63,19.0
S005697,C05697,Starter,2025-01-28,,8,9.0
S005698,C05698,Starter,2025-10-08,,11,9.0
S005699,C05699,Starter,2025-09-20,2026-01-25,13,9.0
S005700,C05700,Free,2025-05-18,,5,0.0
S005701,C05701,Professional,2025-08-16,2026-06-30,16,19.0
S005702,C05702,Professional,2025-05-19,,30,19.0
S005703,C05703,Free,2025-04-12,,1,0.0
S005704,C05704,Professional,2025-06-07,,31,19.0
S005705,C05705,Free,2025-04-24,,5,0.0
S005706,C05706,Professional,2025-10-25,,21,19.0
S005707,C05707,Professional,2025-05-31,,63,19.0
S005708,C05708,Enterprise,2025-04-28,,414,299.0
S005709,C05709,Professional,2025-07-15,,62,19.0
S005710,C05710,Professional,2025-10-04,,20,19.0
S005711,C05711,Enterprise,2025-04-10,,133,299.0
S005712,C05712,Professional,2025-12-09,,20,19.0
S005713,C05713,Professional,2025-06-19,,69,19.0
S005714,C05714,Free,2025-08-30,2026-01-01,1,0.0
S005715,C05715,Professional,2025-12-16,,61,19.0
S005716,C05716,Professional,2025-06-07,,37,19.0
S005717,C05717,Enterprise,2025-03-14,2025-07-14,480,299.0
S005718,C05718,Professional,2025-09-30,2026-06-30,41,19.0
S005719,C05719,Starter,2025-01-03,2025-08-23,11,9.0
S005720,C05720,Free,2025-06-17,2026-06-30,3,0.0
S005721,C05721,Starter,2025-12-24,,17,9.0
S005722,C05722,Starter,2025-06-01,,16,9.0
S005723,C05723,Professional,2025-09-07,,78,19.0
S005724,C05724,Starter,2025-07-11,,10,9.0
S005725,C05725,Starter,2025-03-20,,18,9.0
S005726,C05726,Starter,2025-04-26,,3,9.0
S005727,C05727,Professional,2025-07-11,,53,19.0
S005728,C05728,Starter,2025-02-08,2026-04-09,13,9.0
S005729,C05729,Free,2025-06-01,,1,0.0
S005730,C05730,Professional,2025-06-01,,22,19.0
S005731,C05731,Free,2025-11-01,,5,0.0
S005732,C05732,Professional,2025-02-15,,11,19.0
S005733,C05733,Professional,2025-11-04,,45,19.0
S005734,C05734,Free,2025-05-30,,4,0.0
S005735,C05735,Professional,2025-08-26,,79,19.0
S005736,C05736,Professional,2025-07-23,,27,19.0
S005737,C05737,Free,2025-04-20,2026-04-17,4,0.0
S005738,C05738,Starter,2025-12-06,,16,9.0
S005739,C05739,Starter,2025-03-23,,19,9.0
S005740,C05740,Starter,2025-01-14,,14,9.0
S005741,C05741,Starter,2025-10-01,,7,9.0
S005742,C05742,Enterprise,2025-08-15,,454,299.0
S005743,C05743,Starter,2025-11-22,,19,9.0
S005744,C05744,Enterprise,2025-06-17,,243,299.0
S005745,C05745,Professional,2025-01-07,,45,19.0
S005746,C05746,Starter,2025-01-08,,14,9.0
S005747,C05747,Professional,2025-06-08,,69,19.0
S005748,C05748,Professional,2025-04-02,,50,19.0
S005749,C05749,Enterprise,2025-12-03,,400,299.0
S005750,C05750,Free,2025-02-13,,4,0.0
S005751,C05751,Starter,2025-11-18,,6,9.0
S005752,C05752,Free,2025-03-21,,2,0.0
S005753,C05753,Free,2025-02-13,,5,0.0
S005754,C05754,Free,2025-04-11,,3,0.0
S005755,C05755,Professional,2025-02-22,,24,19.0
S005756,C05756,Free,2025-05-27,,3,0.0
S005757,C05757,Professional,2025-05-01,,25,19.0
S005758,C05758,Professional,2025-07-13,,13,19.0
S005759,C05759,Starter,2025-07-16,,11,9.0
S005760,C05760,Starter,2025-01-01,,3,9.0
S005761,C05761,Professional,2025-02-15,,77,19.0
S005762,C05762,Free,2025-03-01,,5,0.0
S005763,C05763,Starter,2025-03-13,2026-01-01,6,9.0
S005764,C05764,Free,2025-02-04,,4,0.0
S005765,C05765,Free,2025-04-25,2026-06-10,2,0.0
S005766,C05766,Professional,2025-07-20,,53,19.0
S005767,C05767,Starter,2025-04-23,,12,9.0
S005768,C05768,Starter,2025-05-01,,16,9.0
S005769,C05769,Professional,2025-06-21,,63,19.0
S005770,C05770,Professional,2025-07-20,,11,19.0
S005771,C05771,Starter,2025-05-01,,18,9.0
S005772,C05772,Free,2025-03-22,,2,0.0
S005773,C05773,Free,2025-05-30,,4,0.0
S005774,C05774,Starter,2025-01-09,,14,9.0
S005775,C05775,Starter,2025-06-29,,14,9.0
S005776,C05776,Professional,2025-12-10,,61,19.0
S005777,C05777,Free,2025-05-26,,1,0.0
S005778,C05778,Professional,2025-02-09,,54,19.0
S005779,C05779,Starter,2025-09-16,,9,9.0
S005780,C05780,Starter,2025-02-16,,10,9.0
S005781,C05781,Professional,2025-03-12,,20,19.0
S005782,C05782,Professional,2025-02-23,,51,19.0
S005783,C05783,Starter,2025-11-19,,8,9.0
S005784,C05784,Free,2025-12-25,,4,0.0
S005785,C05785,Professional,2025-07-27,,43,19.0
S005786,C05786,Professional,2025-08-14,,38,19.0
S005787,C05787,Starter,2025-08-24,,12,9.0
S005788,C05788,Free,2025-08-11,,3,0.0
S005789,C05789,Starter,2025-07-18,,15,9.0
S005790,C05790,Professional,2025-12-27,,15,19.0
S005791,C05791,Starter,2025-09-25,2026-06-30,17,9.0
S005792,C05792,Starter,2025-02-02,,6,9.0
S005793,C05793,Professional,2025-05-24,,26,19.0
S005794,C05794,Professional,2025-12-22,,64,19.0
S005795,C05795,Professional,2025-05-28,,10,19.0
S005796,C05796,Free,2025-03-16,,2,0.0
S005797,C05797,Starter,2025-11-13,,14,9.0
S005798,C05798,Professional,2025-08-16,2026-01-02,65,19.0
S005799,C05799,Professional,2025-07-25,2026-05-28,73,19.0
S005800,C05800,Starter,2025-06-03,,15,9.0
S005801,C05801,Starter,2025-02-15,,7,9.0
S005802,C05802,Professional,2025-05-21,2026-06-30,35,19.0
S005803,C05803,Starter,2025-06-09,,3,9.0
S005804,C05804,Enterprise,2025-12-06,,409,299.0
S005805,C05805,Starter,2025-04-23,,3,9.0
S005806,C05806,Professional,2025-02-24,2026-01-17,18,19.0
S005807,C05807,Free,2025-06-06,2025-11-14,5,0.0
S005808,C05808,Starter,2025-12-30,,5,9.0
S005809,C05809,Enterprise,2025-06-26,,214,299.0
S005810,C05810,Professional,2025-05-19,,39,19.0
S005811,C05811,Starter,2025-09-01,,5,9.0
S005812,C05812,Starter,2025-08-25,,14,9.0
S005813,C05813,Free,2025-04-20,,2,0.0
S005814,C05814,Professional,2025-12-20,,31,19.0
S005815,C05815,Free,2025-08-05,,3,0.0
S005816,C05816,Starter,2025-01-22,,8,9.0
S005817,C05817,Starter,2025-05-29,2026-03-05,6,9.0
S005818,C05818,Professional,2025-12-03,,71,19.0
S005819,C05819,Starter,2025-05-24,,13,9.0
S005820,C05820,Enterprise,2025-07-27,,460,299.0
S005821,C05821,Professional,2025-08-12,,35,19.0
S005822,C05822,Enterprise,2025-09-15,,465,299.0
S005823,C05823,Starter,2025-11-15,,18,9.0
S005824,C05824,Starter,2025-02-24,,3,9.0
S005825,C05825,Enterprise,2025-07-08,,150,299.0
S005826,C05826,Free,2025-07-14,,4,0.0
S005827,C05827,Enterprise,2025-02-25,,218,299.0
S005828,C05828,Free,2025-09-03,,4,0.0
S005829,C05829,Professional,2025-02-13,,40,19.0
S005830,C05830,Professional,2025-06-16,,28,19.0
S005831,C05831,Professional,2025-05-01,,25,19.0
S005832,C05832,Professional,2025-02-26,,26,19.0
S005833,C05833,Free,2025-10-28,2026-02-03,4,0.0
S005834,C05834,Starter,2025-03-31,,3,9.0
S005835,C05835,Starter,2025-04-04,,6,9.0
S005836,C05836,Enterprise,2025-11-08,,429,299.0
S005837,C05837,Starter,2025-11-17,,8,9.0
S005838,C05838,Free,2025-01-13,,4,0.0
S005839,C05839,Starter,2025-04-12,,8,9.0
S005840,C05840,Professional,2025-09-16,,11,19.0
S005841,C05841,Professional,2025-10-12,,41,19.0
S005842,C05842,Enterprise,2025-12-31,,190,299.0
S005843,C05843,Free,2025-07-22,,4,0.0
S005844,C05844,Professional,2025-01-03,,68,19.0
S005845,C05845,Starter,2025-11-15,,18,9.0
S005846,C05846,Professional,2025-02-28,,52,19.0
S005847,C05847,Professional,2025-02-14,,15,19.0
S005848,C05848,Starter,2025-09-04,,18,9.0
S005849,C05849,Starter,2025-08-09,,18,9.0
S005850,C05850,Starter,2025-01-22,,5,9.0
S005851,C05851,Starter,2025-03-03,2025-07-31,10,9.0
S005852,C05852,Starter,2025-08-04,,20,9.0
S005853,C05853,Starter,2025-04-04,,17,9.0
S005854,C05854,Starter,2025-09-07,,6,9.0
S005855,C05855,Starter,2025-05-31,,14,9.0
S005856,C05856,Professional,2025-08-03,,31,19.0
S005857,C05857,Professional,2025-06-23,,71,19.0
S005858,C05858,Enterprise,2025-05-14,,471,299.0
S005859,C05859,Starter,2025-05-05,,17,9.0
S005860,C05860,Professional,2025-09-12,,32,19.0
S005861,C05861,Enterprise,2025-07-07,,258,299.0
S005862,C05862,Starter,2025-08-05,,13,9.0
S005863,C05863,Professional,2025-07-30,2025-10-11,77,19.0
S005864,C05864,Enterprise,2025-03-17,,237,299.0
S005865,C05865,Professional,2025-11-30,,49,19.0
S005866,C05866,Free,2025-07-25,,4,0.0
S005867,C05867,Free,2025-09-20,,2,0.0
S005868,C05868,Starter,2025-11-18,,8,9.0
S005869,C05869,Professional,2025-12-04,,37,19.0
S005870,C05870,Professional,2025-09-01,,41,19.0
S005871,C05871,Free,2025-10-15,,1,0.0
S005872,C05872,Starter,2025-06-22,2026-06-30,4,9.0
S005873,C05873,Starter,2025-09-27,,15,9.0
S005874,C05874,Professional,2025-04-28,,75,19.0
S005875,C05875,Starter,2025-09-17,,17,9.0
S005876,C05876,Starter,2025-02-01,,19,9.0
S005877,C05877,Professional,2025-11-30,,69,19.0
S005878,C05878,Free,2025-03-31,,5,0.0
S005879,C05879,Professional,2025-08-28,2026-03-13,14,19.0
S005880,C05880,Starter,2025-01-05,2025-11-12,18,9.0
S005881,C05881,Starter,2025-02-26,,11,9.0
S005882,C05882,Professional,2025-12-27,,52,19.0
S005883,C05883,Free,2025-11-01,,5,0.0
S005884,C05884,Starter,2025-03-23,,4,9.0
S005885,C05885,Enterprise,2025-02-17,,201,299.0
S005886,C05886,Professional,2025-10-25,,15,19.0
S005887,C05887,Starter,2025-12-28,,10,9.0
S005888,C05888,Professional,2025-03-03,,65,19.0
S005889,C05889,Starter,2025-08-31,,11,9.0
S005890,C05890,Professional,2025-04-14,,46,19.0
S005891,C05891,Professional,2025-09-29,,26,19.0
S005892,C05892,Free,2025-06-02,,2,0.0
S005893,C05893,Professional,2025-02-15,,49,19.0
S005894,C05894,Starter,2025-04-29,,3,9.0
S005895,C05895,Starter,2025-07-16,2026-06-30,10,9.0
S005896,C05896,Starter,2025-10-19,,20,9.0
S005897,C05897,Enterprise,2025-01-08,,328,299.0
S005898,C05898,Professional,2025-12-16,,16,19.0
S005899,C05899,Professional,2025-08-26,,39,19.0
S005900,C05900,Starter,2025-11-16,,9,9.0
S005901,C05901,Starter,2025-12-06,,15,9.0
S005902,C05902,Professional,2025-02-26,,58,19.0
S005903,C05903,Starter,2025-02-04,,20,9.0
S005904,C05904,Enterprise,2025-10-11,,349,299.0
S005905,C05905,Professional,2025-03-10,,26,19.0
S005906,C05906,Professional,2025-02-24,,18,19.0
S005907,C05907,Free,2025-06-21,,1,0.0
S005908,C05908,Starter,2025-11-30,,14,9.0
S005909,C05909,Starter,2025-10-18,,13,9.0
S005910,C05910,Enterprise,2025-07-09,,234,299.0
S005911,C05911,Free,2025-03-13,,4,0.0
S005912,C05912,Professional,2025-05-03,2026-01-05,22,19.0
S005913,C05913,Professional,2025-09-09,,60,19.0
S005914,C05914,Professional,2025-02-27,,53,19.0
S005915,C05915,Enterprise,2025-07-11,,170,299.0
S005916,C05916,Professional,2025-01-05,,73,19.0
S005917,C05917,Starter,2025-04-29,,18,9.0
S005918,C05918,Professional,2025-04-01,,63,19.0
S005919,C05919,Starter,2025-09-06,,14,9.0
S005920,C05920,Professional,2025-11-30,,21,19.0
S005921,C05921,Starter,2025-02-23,,20,9.0
S005922,C05922,Professional,2025-10-19,,22,19.0
S005923,C05923,Starter,2025-08-28,,17,9.0
S005924,C05924,Professional,2025-12-20,,43,19.0
S005925,C05925,Starter,2025-11-29,,15,9.0
S005926,C05926,Professional,2025-02-06,2025-08-13,11,19.0
S005927,C05927,Free,2025-09-29,,2,0.0
S005928,C05928,Free,2025-08-05,,1,0.0
S005929,C05929,Enterprise,2025-02-11,,391,299.0
S005930,C05930,Professional,2025-04-04,2026-02-14,27,19.0
S005931,C05931,Free,2025-12-05,,2,0.0
S005932,C05932,Professional,2025-07-18,,17,19.0
S005933,C05933,Professional,2025-05-04,,19,19.0
S005934,C05934,Professional,2025-04-27,2026-01-10,48,19.0
S005935,C05935,Starter,2025-11-02,,9,9.0
S005936,C05936,Professional,2025-04-14,,13,19.0
S005937,C05937,Free,2025-02-27,,5,0.0
S005938,C05938,Professional,2025-07-29,,27,19.0
S005939,C05939,Starter,2025-12-29,,3,9.0
S005940,C05940,Professional,2025-03-08,,14,19.0
S005941,C05941,Starter,2025-04-04,,10,9.0
S005942,C05942,Free,2025-06-21,,3,0.0
S005943,C05943,Enterprise,2025-03-14,,151,299.0
S005944,C05944,Professional,2025-08-26,,35,19.0
S005945,C05945,Enterprise,2025-04-03,,239,299.0
S005946,C05946,Professional,2025-02-16,,15,19.0
S005947,C05947,Free,2025-04-06,,4,0.0
S005948,C05948,Professional,2025-12-06,,35,19.0
S005949,C05949,Starter,2025-12-08,,15,9.0
S005950,C05950,Starter,2025-07-04,,3,9.0
S005951,C05951,Starter,2025-05-27,,3,9.0
S005952,C05952,Free,2025-10-27,,5,0.0
S005953,C05953,Free,2025-03-12,,2,0.0
S005954,C05954,Free,2025-08-27,,2,0.0
S005955,C05955,Professional,2025-09-06,,39,19.0
S005956,C05956,Enterprise,2025-09-17,,367,299.0
S005957,C05957,Starter,2025-03-21,,15,9.0
S005958,C05958,Free,2025-09-19,,4,0.0
S005959,C05959,Starter,2025-08-12,,18,9.0
S005960,C05960,Professional,2025-11-16,,49,19.0
S005961,C05961,Starter,2025-03-05,2025-10-19,7,9.0
S005962,C05962,Professional,2025-08-12,,51,19.0
S005963,C05963,Starter,2025-10-30,,8,9.0
S005964,C05964,Professional,2025-04-12,,40,19.0
S005965,C05965,Professional,2025-09-29,,11,19.0
S005966,C05966,Starter,2025-02-06,,10,9.0
S005967,C05967,Enterprise,2025-09-20,,340,299.0
S005968,C05968,Starter,2025-08-10,,8,9.0
S005969,C05969,Starter,2025-03-12,2025-08-09,4,9.0
S005970,C05970,Professional,2025-01-25,,15,19.0
S005971,C05971,Starter,2025-09-30,,5,9.0
S005972,C05972,Enterprise,2025-03-30,,240,299.0
S005973,C05973,Starter,2025-07-01,,20,9.0
S005974,C05974,Professional,2025-01-23,,42,19.0
S005975,C05975,Professional,2025-12-18,,74,19.0
S005976,C05976,Professional,2025-07-20,,19,19.0
S005977,C05977,Free,2025-12-07,,5,0.0
S005978,C05978,Free,2025-02-28,,5,0.0
S005979,C05979,Professional,2025-03-17,,16,19.0
S005980,C05980,Professional,2025-08-11,,10,19.0
S005981,C05981,Enterprise,2025-08-09,,357,299.0
S005982,C05982,Starter,2025-10-16,,7,9.0
S005983,C05983,Professional,2025-12-05,,55,19.0
S005984,C05984,Enterprise,2025-10-27,,372,299.0
S005985,C05985,Professional,2025-02-21,,14,19.0
S005986,C05986,Starter,2025-04-23,,17,9.0
S005987,C05987,Professional,2025-11-30,,71,19.0
S005988,C05988,Starter,2025-07-20,,11,9.0
S005989,C05989,Starter,2025-11-13,,19,9.0
S005990,C05990,Starter,2025-07-25,2026-05-19,13,9.0
S005991,C05991,Enterprise,2025-01-19,,392,299.0
S005992,C05992,Enterprise,2025-06-22,,209,299.0
S005993,C05993,Professional,2025-10-29,,54,19.0
S005994,C05994,Starter,2025-08-28,,20,9.0
S005995,C05995,Professional,2025-02-18,,65,19.0
S005996,C05996,Starter,2025-03-18,,14,9.0
S005997,C05997,Starter,2025-11-08,,10,9.0
S005998,C05998,Professional,2025-12-24,,19,19.0
S005999,C05999,Free,2025-10-02,,2,0.0
S006000,C06000,Free,2025-02-05,,4,0.0
S006001,C06001,Professional,2025-08-15,,47,19.0
S006002,C06002,Professional,2025-10-30,,19,19.0
S006003,C06003,Starter,2025-08-22,,7,9.0
S006004,C06004,Professional,2025-08-05,,38,19.0
S006005,C06005,Enterprise,2025-06-20,,118,299.0
S006006,C06006,Free,2025-03-31,,3,0.0
S006007,C06007,Professional,2025-04-13,,74,19.0
S006008,C06008,Professional,2025-09-30,,61,19.0
S006009,C06009,Starter,2025-01-26,,19,9.0
S006010,C06010,Free,2025-01-31,,5,0.0
S006011,C06011,Starter,2025-05-25,,3,9.0
S006012,C06012,Professional,2025-10-10,,36,19.0
S006013,C06013,Professional,2025-08-28,,24,19.0
S006014,C06014,Free,2025-08-04,,4,0.0
S006015,C06015,Starter,2025-07-14,,3,9.0
S006016,C06016,Professional,2025-02-10,,57,19.0
S006017,C06017,Starter,2025-05-02,,9,9.0
S006018,C06018,Free,2025-01-30,,1,0.0
S006019,C06019,Enterprise,2025-10-04,,183,299.0
S006020,C06020,Starter,2025-10-02,,14,9.0
S006021,C06021,Professional,2025-04-05,,43,19.0
S006022,C06022,Free,2025-04-17,2026-04-19,5,0.0
S006023,C06023,Starter,2025-04-26,,20,9.0
S006024,C06024,Starter,2025-11-21,,13,9.0
S006025,C06025,Professional,2025-06-28,,58,19.0
S006026,C06026,Professional,2025-10-06,2026-05-02,44,19.0
S006027,C06027,Starter,2025-06-13,,10,9.0
S006028,C06028,Professional,2025-09-12,,55,19.0
S006029,C06029,Professional,2025-07-12,,10,19.0
S006030,C06030,Starter,2025-04-12,,17,9.0
S006031,C06031,Starter,2025-11-16,,15,9.0
S006032,C06032,Starter,2025-09-16,,7,9.0
S006033,C06033,Free,2025-10-08,,1,0.0
S006034,C06034,Professional,2025-12-13,,21,19.0
S006035,C06035,Professional,2025-04-01,,59,19.0
S006036,C06036,Professional,2025-02-03,2025-07-08,56,19.0
S006037,C06037,Professional,2025-08-01,2026-01-18,57,19.0
S006038,C06038,Professional,2025-04-30,,12,19.0
S006039,C06039,Professional,2025-06-09,,11,19.0
S006040,C06040,Enterprise,2025-03-27,,430,299.0
S006041,C06041,Professional,2025-05-26,,42,19.0
S006042,C06042,Professional,2025-05-24,,31,19.0
S006043,C06043,Professional,2025-05-08,,15,19.0
S006044,C06044,Starter,2025-09-28,,4,9.0
S006045,C06045,Professional,2025-08-05,,62,19.0
S006046,C06046,Professional,2025-06-23,,64,19.0
S006047,C06047,Free,2025-02-11,,2,0.0
S006048,C06048,Starter,2025-07-28,,7,9.0
S006049,C06049,Free,2025-03-05,,2,0.0
S006050,C06050,Starter,2025-04-25,,10,9.0
S006051,C06051,Starter,2025-06-01,,18,9.0
S006052,C06052,Starter,2025-02-21,,10,9.0
S006053,C06053,Professional,2025-05-23,,64,19.0
S006054,C06054,Professional,2025-04-08,,68,19.0
S006055,C06055,Starter,2025-11-07,,13,9.0
S006056,C06056,Free,2025-11-10,,2,0.0
S006057,C06057,Starter,2025-01-02,,20,9.0
S006058,C06058,Starter,2025-08-08,,14,9.0
S006059,C06059,Professional,2025-08-22,,59,19.0
S006060,C06060,Professional,2025-05-18,,80,19.0
S006061,C06061,Free,2025-06-21,,4,0.0
S006062,C06062,Starter,2025-10-16,,13,9.0
S006063,C06063,Enterprise,2025-05-18,,432,299.0
S006064,C06064,Enterprise,2025-01-24,,156,299.0
S006065,C06065,Professional,2025-05-16,2025-12-17,78,19.0
S006066,C06066,Starter,2025-04-03,,8,9.0
S006067,C06067,Free,2025-05-20,,5,0.0
S006068,C06068,Starter,2025-03-25,,12,9.0
S006069,C06069,Starter,2025-02-24,,18,9.0
S006070,C06070,Professional,2025-12-26,,32,19.0
S006071,C06071,Free,2025-02-17,,4,0.0
S006072,C06072,Enterprise,2025-09-15,,307,299.0
S006073,C06073,Professional,2025-09-19,,55,19.0
S006074,C06074,Enterprise,2025-08-14,,317,299.0
S006075,C06075,Professional,2025-11-29,,80,19.0
S006076,C06076,Starter,2025-01-02,,16,9.0
S006077,C06077,Professional,2025-04-21,,27,19.0
S006078,C06078,Professional,2025-03-09,2026-06-07,54,19.0
S006079,C06079,Starter,2025-07-30,,9,9.0
S006080,C06080,Free,2025-08-20,,4,0.0
S006081,C06081,Starter,2025-11-24,,11,9.0
S006082,C06082,Starter,2025-05-19,,6,9.0
S006083,C06083,Professional,2025-03-28,2026-06-22,25,19.0
S006084,C06084,Starter,2025-12-04,,10,9.0
S006085,C06085,Starter,2025-09-03,,11,9.0
S006086,C06086,Professional,2025-10-07,2026-04-07,68,19.0
S006087,C06087,Professional,2025-06-12,,55,19.0
S006088,C06088,Starter,2025-06-13,,16,9.0
S006089,C06089,Professional,2025-05-23,,20,19.0
S006090,C06090,Enterprise,2025-10-01,,172,299.0
S006091,C06091,Starter,2025-03-18,,3,9.0
S006092,C06092,Professional,2025-12-23,2026-06-30,14,19.0
S006093,C06093,Free,2025-03-06,,1,0.0
S006094,C06094,Professional,2025-06-18,2026-06-30,56,19.0
S006095,C06095,Professional,2025-04-25,,42,19.0
S006096,C06096,Free,2025-08-23,,3,0.0
S006097,C06097,Professional,2025-09-06,,62,19.0
S006098,C06098,Free,2025-12-02,,3,0.0
S006099,C06099,Professional,2025-10-16,,10,19.0
S006100,C06100,Professional,2025-04-01,,11,19.0
S006101,C06101,Starter,2025-03-17,,6,9.0
S006102,C06102,Enterprise,2025-11-20,,253,299.0
S006103,C06103,Professional,2025-06-28,2025-09-05,72,19.0
S006104,C06104,Free,2025-02-05,,1,0.0
S006105,C06105,Professional,2025-10-29,,62,19.0
S006106,C06106,Free,2025-08-25,,1,0.0
S006107,C06107,Enterprise,2025-01-10,,143,299.0
S006108,C06108,Free,2025-10-13,,2,0.0
S006109,C06109,Starter,2025-08-10,2026-06-30,14,9.0
S006110,C06110,Starter,2025-08-13,,17,9.0
S006111,C06111,Professional,2025-11-12,,62,19.0
S006112,C06112,Starter,2025-06-30,,19,9.0
S006113,C06113,Starter,2025-06-18,,10,9.0
S006114,C06114,Professional,2025-08-14,,26,19.0
S006115,C06115,Free,2025-03-14,,3,0.0
S006116,C06116,Professional,2025-02-25,,29,19.0
S006117,C06117,Free,2025-11-04,,2,0.0
S006118,C06118,Professional,2025-03-20,,16,19.0
S006119,C06119,Professional,2025-07-04,,64,19.0
S006120,C06120,Professional,2025-04-09,2026-06-30,74,19.0
S006121,C06121,Starter,2025-03-26,,4,9.0
S006122,C06122,Professional,2025-08-07,,14,19.0
S006123,C06123,Professional,2025-10-20,,67,19.0
S006124,C06124,Enterprise,2025-06-11,,475,299.0
S006125,C06125,Free,2025-02-20,,1,0.0
S006126,C06126,Professional,2025-03-31,,55,19.0
S006127,C06127,Professional,2025-03-02,,39,19.0
S006128,C06128,Enterprise,2025-11-19,,415,299.0
S006129,C06129,Starter,2025-04-27,,12,9.0
S006130,C06130,Starter,2025-05-17,,6,9.0
S006131,C06131,Professional,2025-01-26,2025-05-10,30,19.0
S006132,C06132,Starter,2025-06-12,,13,9.0
S006133,C06133,Professional,2025-11-30,,28,19.0
S006134,C06134,Starter,2025-05-30,,4,9.0
S006135,C06135,Enterprise,2025-08-26,,313,299.0
S006136,C06136,Starter,2025-03-08,,14,9.0
S006137,C06137,Starter,2025-02-22,,17,9.0
S006138,C06138,Professional,2025-09-25,,52,19.0
S006139,C06139,Free,2025-01-24,,3,0.0
S006140,C06140,Free,2025-06-13,,5,0.0
S006141,C06141,Professional,2025-04-26,,42,19.0
S006142,C06142,Starter,2025-01-06,,14,9.0
S006143,C06143,Free,2025-07-13,,5,0.0
S006144,C06144,Professional,2025-12-18,,78,19.0
S006145,C06145,Starter,2025-01-26,,10,9.0
S006146,C06146,Enterprise,2025-10-25,,296,299.0
S006147,C06147,Professional,2025-07-16,,71,19.0
S006148,C06148,Professional,2025-09-22,,49,19.0
S006149,C06149,Professional,2025-02-05,,63,19.0
S006150,C06150,Professional,2025-11-14,2026-06-30,15,19.0
S006151,C06151,Starter,2025-01-05,,17,9.0
S006152,C06152,Professional,2025-11-27,,17,19.0
S006153,C06153,Enterprise,2025-08-29,2026-06-30,255,299.0
S006154,C06154,Professional,2025-05-04,,22,19.0
S006155,C06155,Enterprise,2025-01-03,,472,299.0
S006156,C06156,Professional,2025-08-11,,18,19.0
S006157,C06157,Free,2025-02-01,,3,0.0
S006158,C06158,Starter,2025-08-11,,5,9.0
S006159,C06159,Starter,2025-10-10,,3,9.0
S006160,C06160,Professional,2025-04-08,,28,19.0
S006161,C06161,Enterprise,2025-03-29,,131,299.0
S006162,C06162,Professional,2025-03-23,,29,19.0
S006163,C06163,Free,2025-03-24,,1,0.0
S006164,C06164,Starter,2025-02-11,,15,9.0
S006165,C06165,Free,2025-04-02,2025-08-07,1,0.0
S006166,C06166,Starter,2025-08-29,,11,9.0
S006167,C06167,Enterprise,2025-04-21,,100,299.0
S006168,C06168,Starter,2025-10-13,,19,9.0
S006169,C06169,Professional,2025-10-27,,41,19.0
S006170,C06170,Professional,2025-10-05,,34,19.0
S006171,C06171,Professional,2025-07-16,,33,19.0
S006172,C06172,Free,2025-04-26,,1,0.0
S006173,C06173,Starter,2025-12-06,,7,9.0
S006174,C06174,Starter,2025-03-16,2026-06-03,18,9.0
S006175,C06175,Starter,2025-06-19,,9,9.0
S006176,C06176,Free,2025-06-15,,5,0.0
S006177,C06177,Starter,2025-09-30,2026-06-30,6,9.0
S006178,C06178,Professional,2025-07-19,2025-11-11,35,19.0
S006179,C06179,Starter,2025-10-19,,14,9.0
S006180,C06180,Professional,2025-12-02,2026-04-29,14,19.0
S006181,C06181,Professional,2025-05-23,,35,19.0
S006182,C06182,Free,2025-11-16,,5,0.0
S006183,C06183,Starter,2025-03-03,,11,9.0
S006184,C06184,Starter,2025-12-01,,19,9.0
S006185,C06185,Starter,2025-03-06,,5,9.0
S006186,C06186,Professional,2025-11-07,,80,19.0
S006187,C06187,Starter,2025-05-23,2025-12-23,18,9.0
S006188,C06188,Free,2025-12-19,,2,0.0
S006189,C06189,Starter,2025-02-17,,13,9.0
S006190,C06190,Free,2025-06-19,,1,0.0
S006191,C06191,Professional,2025-11-26,,21,19.0
S006192,C06192,Professional,2025-01-18,,36,19.0
S006193,C06193,Professional,2025-04-07,,33,19.0
S006194,C06194,Professional,2025-01-31,,51,19.0
S006195,C06195,Starter,2025-04-28,,19,9.0
S006196,C06196,Free,2025-05-23,,1,0.0
S006197,C06197,Professional,2025-08-14,,69,19.0
S006198,C06198,Professional,2025-04-05,,29,19.0
S006199,C06199,Professional,2025-02-27,2025-09-10,56,19.0
S006200,C06200,Professional,2025-03-04,,76,19.0
S006201,C06201,Professional,2025-12-09,,62,19.0
S006202,C06202,Professional,2025-12-14,,13,19.0
S006203,C06203,Professional,2025-03-22,,52,19.0
S006204,C06204,Enterprise,2025-03-13,,160,299.0
S006205,C06205,Free,2025-01-20,,2,0.0
S006206,C06206,Free,2025-12-17,,3,0.0
S006207,C06207,Professional,2025-09-15,,51,19.0
S006208,C06208,Starter,2025-10-05,,20,9.0
S006209,C06209,Starter,2025-04-17,,8,9.0
S006210,C06210,Professional,2025-08-22,,76,19.0
S006211,C06211,Starter,2025-01-22,,10,9.0
S006212,C06212,Starter,2025-09-04,,7,9.0
S006213,C06213,Free,2025-07-31,,4,0.0
S006214,C06214,Starter,2025-05-01,,14,9.0
S006215,C06215,Professional,2025-09-17,,73,19.0
S006216,C06216,Starter,2025-08-24,,20,9.0
S006217,C06217,Starter,2025-06-10,,14,9.0
S006218,C06218,Professional,2025-03-10,2025-10-31,54,19.0
S006219,C06219,Enterprise,2025-01-09,,215,299.0
S006220,C06220,Free,2025-12-09,,2,0.0
S006221,C06221,Starter,2025-04-13,,13,9.0
S006222,C06222,Free,2025-04-21,,4,0.0
S006223,C06223,Starter,2025-09-06,,9,9.0
S006224,C06224,Professional,2025-04-04,,46,19.0
S006225,C06225,Starter,2025-05-18,,13,9.0
S006226,C06226,Starter,2025-09-17,,11,9.0
S006227,C06227,Enterprise,2025-08-06,,118,299.0
S006228,C06228,Starter,2025-08-28,,11,9.0
S006229,C06229,Starter,2025-01-02,,6,9.0
S006230,C06230,Enterprise,2025-06-14,,145,299.0
S006231,C06231,Starter,2025-06-23,,11,9.0
S006232,C06232,Free,2025-08-19,,4,0.0
S006233,C06233,Free,2025-02-25,,4,0.0
S006234,C06234,Professional,2025-02-28,2025-07-02,34,19.0
S006235,C06235,Professional,2025-10-06,,50,19.0
S006236,C06236,Starter,2025-09-03,,6,9.0
S006237,C06237,Professional,2025-10-24,,29,19.0
S006238,C06238,Free,2025-04-09,,3,0.0
S006239,C06239,Starter,2025-12-31,,10,9.0
S006240,C06240,Enterprise,2025-04-10,,357,299.0
S006241,C06241,Starter,2025-08-26,,16,9.0
S006242,C06242,Starter,2025-03-01,2025-08-07,12,9.0
S006243,C06243,Starter,2025-12-02,,3,9.0
S006244,C06244,Professional,2025-05-02,2026-06-30,68,19.0
S006245,C06245,Professional,2025-10-20,,42,19.0
S006246,C06246,Professional,2025-05-01,,69,19.0
S006247,C06247,Professional,2025-10-16,,29,19.0
S006248,C06248,Professional,2025-06-15,2026-04-12,54,19.0
S006249,C06249,Enterprise,2025-01-23,2025-11-11,198,299.0
S006250,C06250,Professional,2025-03-11,,49,19.0
S006251,C06251,Professional,2025-09-07,,69,19.0
S006252,C06252,Enterprise,2025-03-12,,327,299.0
S006253,C06253,Starter,2025-04-11,,20,9.0
S006254,C06254,Starter,2025-07-17,,10,9.0
S006255,C06255,Professional,2025-04-03,,19,19.0
S006256,C06256,Enterprise,2025-02-17,,288,299.0
S006257,C06257,Starter,2025-08-16,,17,9.0
S006258,C06258,Professional,2025-09-09,,47,19.0
S006259,C06259,Professional,2025-09-25,,53,19.0
S006260,C06260,Starter,2025-12-11,,17,9.0
S006261,C06261,Starter,2025-02-15,,7,9.0
S006262,C06262,Free,2025-06-05,,4,0.0
S006263,C06263,Starter,2025-03-27,,20,9.0
S006264,C06264,Starter,2025-11-25,,6,9.0
S006265,C06265,Starter,2025-07-17,,6,9.0
S006266,C06266,Professional,2025-02-05,,79,19.0
S006267,C06267,Free,2025-09-10,,5,0.0
S006268,C06268,Free,2025-01-16,,5,0.0
S006269,C06269,Professional,2025-04-11,,70,19.0
S006270,C06270,Free,2025-09-21,,2,0.0
S006271,C06271,Enterprise,2025-07-04,,324,299.0
S006272,C06272,Starter,2025-10-05,,20,9.0
S006273,C06273,Professional,2025-07-28,,59,19.0
S006274,C06274,Starter,2025-11-04,,12,9.0
S006275,C06275,Enterprise,2025-07-25,,343,299.0
S006276,C06276,Starter,2025-01-21,,7,9.0
S006277,C06277,Enterprise,2025-01-27,,240,299.0
S006278,C06278,Starter,2025-10-11,,15,9.0
S006279,C06279,Professional,2025-01-15,,78,19.0
S006280,C06280,Free,2025-05-18,,1,0.0
S006281,C06281,Starter,2025-01-06,,10,9.0
S006282,C06282,Starter,2025-04-21,,15,9.0
S006283,C06283,Professional,2025-08-06,,43,19.0
S006284,C06284,Starter,2025-03-05,,18,9.0
S006285,C06285,Professional,2025-06-20,,55,19.0
S006286,C06286,Starter,2025-12-30,,9,9.0
S006287,C06287,Free,2025-01-26,,4,0.0
S006288,C06288,Professional,2025-01-24,,33,19.0
S006289,C06289,Starter,2025-04-10,,10,9.0
S006290,C06290,Starter,2025-10-29,2026-06-30,7,9.0
S006291,C06291,Enterprise,2025-05-29,,500,299.0
S006292,C06292,Free,2025-08-22,,3,0.0
S006293,C06293,Professional,2025-01-13,,77,19.0
S006294,C06294,Free,2025-09-26,2026-03-31,3,0.0
S006295,C06295,Professional,2025-01-25,,18,19.0
S006296,C06296,Professional,2025-09-17,,64,19.0
S006297,C06297,Professional,2025-02-23,2025-10-05,23,19.0
S006298,C06298,Professional,2025-11-10,,72,19.0
S006299,C06299,Free,2025-04-19,,5,0.0
S006300,C06300,Starter,2025-03-09,,12,9.0
S006301,C06301,Starter,2025-05-03,,10,9.0
S006302,C06302,Professional,2025-01-01,,43,19.0
S006303,C06303,Starter,2025-03-02,,16,9.0
S006304,C06304,Starter,2025-08-07,,9,9.0
S006305,C06305,Starter,2025-04-20,,3,9.0
S006306,C06306,Professional,2025-05-10,,52,19.0
S006307,C06307,Starter,2025-10-22,,16,9.0
S006308,C06308,Enterprise,2025-02-15,,158,299.0
S006309,C06309,Enterprise,2025-05-25,,244,299.0
S006310,C06310,Starter,2025-03-09,,11,9.0
S006311,C06311,Enterprise,2025-06-26,,345,299.0
S006312,C06312,Professional,2025-05-02,,46,19.0
S006313,C06313,Starter,2025-01-17,2025-10-03,16,9.0
S006314,C06314,Professional,2025-01-26,,54,19.0
S006315,C06315,Starter,2025-11-08,,15,9.0
S006316,C06316,Professional,2025-01-21,,14,19.0
S006317,C06317,Professional,2025-10-13,,75,19.0
S006318,C06318,Professional,2025-12-01,,40,19.0
S006319,C06319,Professional,2025-06-20,,40,19.0
S006320,C06320,Professional,2025-04-24,,64,19.0
S006321,C06321,Starter,2025-10-11,,10,9.0
S006322,C06322,Starter,2025-12-25,,17,9.0
S006323,C06323,Professional,2025-02-13,2025-05-15,68,19.0
S006324,C06324,Professional,2025-12-18,,48,19.0
S006325,C06325,Professional,2025-12-11,,50,19.0
S006326,C06326,Free,2025-02-22,,5,0.0
S006327,C06327,Free,2025-01-20,2025-09-16,4,0.0
S006328,C06328,Starter,2025-09-18,2026-01-14,16,9.0
S006329,C06329,Professional,2025-01-29,,59,19.0
S006330,C06330,Starter,2025-08-08,,17,9.0
S006331,C06331,Starter,2025-01-24,,16,9.0
S006332,C06332,Professional,2025-09-10,2025-12-16,66,19.0
S006333,C06333,Professional,2025-03-26,,38,19.0
S006334,C06334,Starter,2025-02-05,,16,9.0
S006335,C06335,Professional,2025-01-25,,46,19.0
S006336,C06336,Starter,2025-03-10,,18,9.0
S006337,C06337,Professional,2025-07-17,,45,19.0
S006338,C06338,Starter,2025-01-28,,4,9.0
S006339,C06339,Starter,2025-10-20,,17,9.0
S006340,C06340,Professional,2025-08-09,2026-03-10,45,19.0
S006341,C06341,Starter,2025-04-19,,3,9.0
S006342,C06342,Professional,2025-12-27,,68,19.0
S006343,C06343,Starter,2025-08-29,,3,9.0
S006344,C06344,Free,2025-09-03,,1,0.0
S006345,C06345,Enterprise,2025-03-05,,384,299.0
S006346,C06346,Starter,2025-09-17,,5,9.0
S006347,C06347,Starter,2025-07-24,,7,9.0
S006348,C06348,Starter,2025-12-26,2026-06-30,10,9.0
S006349,C06349,Starter,2025-06-24,,20,9.0
S006350,C06350,Professional,2025-09-05,,50,19.0
S006351,C06351,Starter,2025-05-05,,20,9.0
S006352,C06352,Enterprise,2025-01-15,,390,299.0
S006353,C06353,Starter,2025-02-16,,8,9.0
S006354,C06354,Starter,2025-11-13,,13,9.0
S006355,C06355,Starter,2025-09-27,2026-06-30,9,9.0
S006356,C06356,Free,2025-05-14,,2,0.0
S006357,C06357,Free,2025-09-12,,3,0.0
S006358,C06358,Starter,2025-01-02,,18,9.0
S006359,C06359,Free,2025-01-14,,4,0.0
S006360,C06360,Professional,2025-07-05,,28,19.0
S006361,C06361,Professional,2025-08-17,,28,19.0
S006362,C06362,Starter,2025-12-09,,18,9.0
S006363,C06363,Starter,2025-10-05,,14,9.0
S006364,C06364,Professional,2025-04-04,,45,19.0
S006365,C06365,Free,2025-10-25,,5,0.0
S006366,C06366,Starter,2025-06-29,,3,9.0
S006367,C06367,Enterprise,2025-10-29,2026-06-05,402,299.0
S006368,C06368,Starter,2025-03-05,,11,9.0
S006369,C06369,Free,2025-01-10,,3,0.0
S006370,C06370,Starter,2025-01-22,,14,9.0
S006371,C06371,Professional,2025-12-28,,25,19.0
S006372,C06372,Professional,2025-01-30,,72,19.0
S006373,C06373,Starter,2025-12-09,,4,9.0
S006374,C06374,Starter,2025-09-23,,13,9.0
S006375,C06375,Starter,2025-02-23,,11,9.0
S006376,C06376,Professional,2025-11-12,,80,19.0
S006377,C06377,Starter,2025-02-22,,14,9.0
S006378,C06378,Starter,2025-02-22,,9,9.0
S006379,C06379,Free,2025-07-30,,3,0.0
S006380,C06380,Free,2025-04-16,2025-12-12,2,0.0
S006381,C06381,Enterprise,2025-04-17,,120,299.0
S006382,C06382,Starter,2025-03-13,,10,9.0
S006383,C06383,Free,2025-08-10,,1,0.0
S006384,C06384,Enterprise,2025-01-10,,364,299.0
S006385,C06385,Enterprise,2025-03-31,,461,299.0
S006386,C06386,Starter,2025-07-22,,4,9.0
S006387,C06387,Starter,2025-06-27,,20,9.0
S006388,C06388,Enterprise,2025-09-13,,136,299.0
S006389,C06389,Free,2025-03-20,2025-09-28,3,0.0
S006390,C06390,Starter,2025-08-25,,14,9.0
S006391,C06391,Starter,2025-10-05,,14,9.0
S006392,C06392,Professional,2025-05-22,,37,19.0
S006393,C06393,Starter,2025-04-04,,3,9.0
S006394,C06394,Starter,2025-07-22,,17,9.0
S006395,C06395,Professional,2025-07-31,2026-06-30,42,19.0
S006396,C06396,Professional,2025-02-04,,28,19.0
S006397,C06397,Free,2025-07-26,,3,0.0
S006398,C06398,Free,2025-02-26,,3,0.0
S006399,C06399,Professional,2025-07-27,,52,19.0
S006400,C06400,Starter,2025-12-07,,12,9.0
S006401,C06401,Professional,2025-07-16,,52,19.0
S006402,C06402,Free,2025-10-05,,5,0.0
S006403,C06403,Professional,2025-04-24,2025-12-27,75,19.0
S006404,C06404,Starter,2025-12-03,2026-04-28,3,9.0
S006405,C06405,Starter,2025-10-24,,14,9.0
S006406,C06406,Free,2025-12-01,,2,0.0
S006407,C06407,Starter,2025-09-28,,4,9.0
S006408,C06408,Professional,2025-08-26,,16,19.0
S006409,C06409,Professional,2025-07-11,,55,19.0
S006410,C06410,Professional,2025-12-05,,80,19.0
S006411,C06411,Professional,2025-11-06,,65,19.0
S006412,C06412,Starter,2025-06-02,,5,9.0
S006413,C06413,Professional,2025-02-01,,24,19.0
S006414,C06414,Free,2025-01-02,,5,0.0
S006415,C06415,Professional,2025-03-27,,53,19.0
S006416,C06416,Professional,2025-01-23,,46,19.0
S006417,C06417,Starter,2025-03-19,,6,9.0
S006418,C06418,Professional,2025-02-09,,65,19.0
S006419,C06419,Enterprise,2025-12-25,,434,299.0
S006420,C06420,Starter,2025-02-04,,8,9.0
S006421,C06421,Professional,2025-08-17,,80,19.0
S006422,C06422,Starter,2025-05-09,,11,9.0
S006423,C06423,Starter,2025-03-05,2025-11-09,3,9.0
S006424,C06424,Starter,2025-09-13,,20,9.0
S006425,C06425,Starter,2025-12-21,2026-06-30,6,9.0
S006426,C06426,Starter,2025-10-16,,4,9.0
S006427,C06427,Professional,2025-12-22,,42,19.0
S006428,C06428,Starter,2025-08-04,2025-11-13,14,9.0
S006429,C06429,Starter,2025-09-03,2026-06-30,14,9.0
S006430,C06430,Starter,2025-02-23,2026-01-11,20,9.0
S006431,C06431,Starter,2025-11-08,,11,9.0
S006432,C06432,Professional,2025-09-30,2026-01-29,18,19.0
S006433,C06433,Professional,2025-04-03,,42,19.0
S006434,C06434,Starter,2025-05-10,,18,9.0
S006435,C06435,Professional,2025-08-11,,10,19.0
S006436,C06436,Professional,2025-01-05,,29,19.0
S006437,C06437,Starter,2025-10-26,,15,9.0
S006438,C06438,Free,2025-04-13,,2,0.0
S006439,C06439,Starter,2025-01-28,,11,9.0
S006440,C06440,Starter,2025-05-01,2026-06-30,5,9.0
S006441,C06441,Starter,2025-11-02,,5,9.0
S006442,C06442,Starter,2025-04-11,,16,9.0
S006443,C06443,Free,2025-07-16,2026-05-27,4,0.0
S006444,C06444,Starter,2025-10-24,,3,9.0
S006445,C06445,Starter,2025-01-13,,12,9.0
S006446,C06446,Enterprise,2025-10-05,,268,299.0
S006447,C06447,Professional,2025-04-16,,36,19.0
S006448,C06448,Enterprise,2025-09-11,,379,299.0
S006449,C06449,Professional,2025-03-10,,55,19.0
S006450,C06450,Enterprise,2025-02-20,,155,299.0
S006451,C06451,Free,2025-10-15,,5,0.0
S006452,C06452,Starter,2025-10-22,2026-04-29,7,9.0
S006453,C06453,Professional,2025-12-25,,48,19.0
S006454,C06454,Starter,2025-09-05,,5,9.0
S006455,C06455,Starter,2025-06-20,,13,9.0
S006456,C06456,Professional,2025-03-13,,11,19.0
S006457,C06457,Enterprise,2025-04-18,,207,299.0
S006458,C06458,Starter,2025-08-25,,11,9.0
S006459,C06459,Starter,2025-05-07,,4,9.0
S006460,C06460,Free,2025-06-26,,3,0.0
S006461,C06461,Free,2025-03-03,,3,0.0
S006462,C06462,Professional,2025-06-10,,77,19.0
S006463,C06463,Starter,2025-03-28,,9,9.0
S006464,C06464,Starter,2025-02-10,,16,9.0
S006465,C06465,Professional,2025-02-18,,28,19.0
S006466,C06466,Starter,2025-07-09,,20,9.0
S006467,C06467,Professional,2025-05-14,,78,19.0
S006468,C06468,Professional,2025-02-06,,63,19.0
S006469,C06469,Professional,2025-07-07,,25,19.0
S006470,C06470,Enterprise,2025-03-01,,492,299.0
S006471,C06471,Professional,2025-01-06,,38,19.0
S006472,C06472,Free,2025-02-18,2026-03-14,2,0.0
S006473,C06473,Starter,2025-06-13,2025-08-27,10,9.0
S006474,C06474,Enterprise,2025-12-15,,167,299.0
S006475,C06475,Professional,2025-03-30,,35,19.0
S006476,C06476,Starter,2025-04-14,,10,9.0
S006477,C06477,Professional,2025-03-30,,80,19.0
S006478,C06478,Professional,2025-05-10,,44,19.0
S006479,C06479,Starter,2025-09-19,,16,9.0
S006480,C06480,Starter,2025-04-28,2026-06-30,17,9.0
S006481,C06481,Professional,2025-08-29,,77,19.0
S006482,C06482,Professional,2025-11-24,,48,19.0
S006483,C06483,Enterprise,2025-12-12,,334,299.0
S006484,C06484,Professional,2025-07-25,,77,19.0
S006485,C06485,Free,2025-09-18,,4,0.0
S006486,C06486,Starter,2025-12-02,,8,9.0
S006487,C06487,Starter,2025-10-15,,13,9.0
S006488,C06488,Starter,2025-04-20,,13,9.0
S006489,C06489,Professional,2025-02-18,,51,19.0
S006490,C06490,Free,2025-02-11,,4,0.0
S006491,C06491,Starter,2025-11-18,,10,9.0
S006492,C06492,Professional,2025-07-23,,21,19.0
S006493,C06493,Professional,2025-04-19,,35,19.0
S006494,C06494,Starter,2025-05-07,,17,9.0
S006495,C06495,Free,2025-04-13,,5,0.0
S006496,C06496,Starter,2025-10-20,,14,9.0
S006497,C06497,Professional,2025-08-12,,65,19.0
S006498,C06498,Professional,2025-11-17,,23,19.0
S006499,C06499,Starter,2025-04-21,,17,9.0
S006500,C06500,Starter,2025-06-22,,10,9.0
S006501,C06501,Professional,2025-02-14,,59,19.0
S006502,C06502,Starter,2025-12-21,,14,9.0
S006503,C06503,Professional,2025-07-06,,64,19.0
S006504,C06504,Free,2025-07-21,,4,0.0
S006505,C06505,Starter,2025-05-31,,14,9.0
S006506,C06506,Starter,2025-04-09,2026-06-30,10,9.0
S006507,C06507,Professional,2025-12-13,,67,19.0
S006508,C06508,Starter,2025-06-28,,16,9.0
S006509,C06509,Starter,2025-09-04,,5,9.0
S006510,C06510,Professional,2025-01-14,,28,19.0
S006511,C06511,Free,2025-04-11,,2,0.0
S006512,C06512,Starter,2025-10-21,,8,9.0
S006513,C06513,Free,2025-02-02,,4,0.0
S006514,C06514,Starter,2025-02-07,,3,9.0
S006515,C06515,Starter,2025-10-23,,7,9.0
S006516,C06516,Free,2025-04-23,,3,0.0
S006517,C06517,Free,2025-04-10,,1,0.0
S006518,C06518,Enterprise,2025-07-26,,175,299.0
S006519,C06519,Starter,2025-03-13,,10,9.0
S006520,C06520,Professional,2025-01-16,,52,19.0
S006521,C06521,Professional,2025-01-02,,33,19.0
S006522,C06522,Free,2025-01-29,,5,0.0
S006523,C06523,Starter,2025-02-27,,10,9.0
S006524,C06524,Professional,2025-09-12,2026-06-30,80,19.0
S006525,C06525,Free,2025-04-19,2025-12-20,3,0.0
S006526,C06526,Free,2025-01-27,,2,0.0
S006527,C06527,Starter,2025-01-06,,5,9.0
S006528,C06528,Starter,2025-06-24,,16,9.0
S006529,C06529,Starter,2025-11-03,,12,9.0
S006530,C06530,Starter,2025-05-04,,20,9.0
S006531,C06531,Professional,2025-01-24,,78,19.0
S006532,C06532,Starter,2025-03-25,,12,9.0
S006533,C06533,Professional,2025-07-02,,27,19.0
S006534,C06534,Free,2025-03-10,,2,0.0
S006535,C06535,Professional,2025-12-24,2026-05-13,15,19.0
S006536,C06536,Professional,2025-10-06,,21,19.0
S006537,C06537,Starter,2025-05-06,,10,9.0
S006538,C06538,Starter,2025-12-14,,6,9.0
S006539,C06539,Starter,2025-04-29,,18,9.0
S006540,C06540,Starter,2025-02-21,,18,9.0
S006541,C06541,Free,2025-12-09,,1,0.0
S006542,C06542,Professional,2025-12-17,,28,19.0
S006543,C06543,Professional,2025-04-25,,68,19.0
S006544,C06544,Starter,2025-08-06,2026-06-30,7,9.0
S006545,C06545,Enterprise,2025-03-05,,204,299.0
S006546,C06546,Enterprise,2025-08-23,,399,299.0
S006547,C06547,Starter,2025-09-09,,10,9.0
S006548,C06548,Professional,2025-09-17,,69,19.0
S006549,C06549,Free,2025-07-27,,3,0.0
S006550,C06550,Professional,2025-09-15,,24,19.0
S006551,C06551,Professional,2025-07-22,,20,19.0
S006552,C06552,Starter,2025-10-27,2026-06-30,15,9.0
S006553,C06553,Starter,2025-03-07,,11,9.0
S006554,C06554,Professional,2025-06-26,,41,19.0
S006555,C06555,Starter,2025-06-01,,15,9.0
S006556,C06556,Professional,2025-07-14,,29,19.0
S006557,C06557,Professional,2025-02-21,,80,19.0
S006558,C06558,Starter,2025-04-29,,12,9.0
S006559,C06559,Starter,2025-12-15,,18,9.0
S006560,C06560,Professional,2025-02-08,,65,19.0
S006561,C06561,Professional,2025-08-20,,53,19.0
S006562,C06562,Starter,2025-08-31,2026-04-27,4,9.0
S006563,C06563,Free,2025-06-23,,4,0.0
S006564,C06564,Professional,2025-01-13,,15,19.0
S006565,C06565,Free,2025-01-13,,4,0.0
S006566,C06566,Starter,2025-04-11,,19,9.0
S006567,C06567,Starter,2025-02-07,,12,9.0
S006568,C06568,Professional,2025-02-04,,78,19.0
S006569,C06569,Professional,2025-02-28,,54,19.0
S006570,C06570,Professional,2025-03-11,2025-07-11,47,19.0
S006571,C06571,Professional,2025-11-03,,47,19.0
S006572,C06572,Starter,2025-08-22,,5,9.0
S006573,C06573,Professional,2025-01-12,,14,19.0
S006574,C06574,Professional,2025-08-18,,15,19.0
S006575,C06575,Professional,2025-02-19,,73,19.0
S006576,C06576,Professional,2025-06-03,,21,19.0
S006577,C06577,Free,2025-01-14,,4,0.0
S006578,C06578,Starter,2025-02-02,2026-06-14,8,9.0
S006579,C06579,Professional,2025-02-18,,37,19.0
S006580,C06580,Free,2025-06-08,,4,0.0
S006581,C06581,Free,2025-06-19,,5,0.0
S006582,C06582,Enterprise,2025-05-09,,144,299.0
S006583,C06583,Enterprise,2025-08-15,,310,299.0
S006584,C06584,Starter,2025-09-20,,5,9.0
S006585,C06585,Free,2025-09-23,,2,0.0
S006586,C06586,Starter,2025-07-31,,15,9.0
S006587,C06587,Free,2025-07-19,,1,0.0
S006588,C06588,Free,2025-06-29,,2,0.0
S006589,C06589,Starter,2025-03-28,,13,9.0
S006590,C06590,Professional,2025-06-27,,25,19.0
S006591,C06591,Starter,2025-01-04,,9,9.0
S006592,C06592,Free,2025-12-19,2026-06-30,3,0.0
S006593,C06593,Professional,2025-05-16,,74,19.0
S006594,C06594,Free,2025-10-04,,1,0.0
S006595,C06595,Professional,2025-12-16,,46,19.0
S006596,C06596,Starter,2025-07-01,,14,9.0
S006597,C06597,Starter,2025-11-11,,11,9.0
S006598,C06598,Starter,2025-06-24,,3,9.0
S006599,C06599,Free,2025-02-18,,4,0.0
S006600,C06600,Free,2025-01-10,,2,0.0
S006601,C06601,Enterprise,2025-02-19,,139,299.0
S006602,C06602,Professional,2025-12-11,,41,19.0
S006603,C06603,Enterprise,2025-06-23,,176,299.0
S006604,C06604,Professional,2025-04-27,,54,19.0
S006605,C06605,Free,2025-06-12,,3,0.0
S006606,C06606,Enterprise,2025-04-04,,181,299.0
S006607,C06607,Professional,2025-11-14,,75,19.0
S006608,C06608,Starter,2025-12-31,2026-06-30,18,9.0
S006609,C06609,Professional,2025-01-31,2025-11-18,32,19.0
S006610,C06610,Professional,2025-09-20,,75,19.0
S006611,C06611,Professional,2025-05-03,,33,19.0
S006612,C06612,Professional,2025-01-18,,44,19.0
S006613,C06613,Enterprise,2025-12-03,,326,299.0
S006614,C06614,Professional,2025-01-23,,29,19.0
S006615,C06615,Professional,2025-03-17,,52,19.0
S006616,C06616,Professional,2025-01-10,,17,19.0
S006617,C06617,Starter,2025-06-22,2025-11-16,13,9.0
S006618,C06618,Professional,2025-08-07,,76,19.0
S006619,C06619,Professional,2025-04-28,,32,19.0
S006620,C06620,Free,2025-01-27,,1,0.0
S006621,C06621,Professional,2025-02-12,,51,19.0
S006622,C06622,Starter,2025-12-07,,8,9.0
S006623,C06623,Starter,2025-10-22,2026-01-15,16,9.0
S006624,C06624,Professional,2025-12-08,,33,19.0
S006625,C06625,Professional,2025-07-13,,14,19.0
S006626,C06626,Free,2025-07-19,2025-10-30,2,0.0
S006627,C06627,Professional,2025-10-14,,68,19.0
S006628,C06628,Free,2025-08-14,,1,0.0
S006629,C06629,Professional,2025-06-09,,72,19.0
S006630,C06630,Professional,2025-04-17,,24,19.0
S006631,C06631,Enterprise,2025-06-27,,209,299.0
S006632,C06632,Starter,2025-01-24,,16,9.0
S006633,C06633,Professional,2025-03-12,,76,19.0
S006634,C06634,Professional,2025-09-27,,24,19.0
S006635,C06635,Free,2025-11-13,,5,0.0
S006636,C06636,Starter,2025-02-07,,16,9.0
S006637,C06637,Professional,2025-02-05,,11,19.0
S006638,C06638,Free,2025-02-01,,3,0.0
S006639,C06639,Professional,2025-10-16,,27,19.0
S006640,C06640,Starter,2025-04-24,,4,9.0
S006641,C06641,Starter,2025-04-30,,19,9.0
S006642,C06642,Starter,2025-01-05,,17,9.0
S006643,C06643,Free,2025-12-21,,5,0.0
S006644,C06644,Starter,2025-06-08,,14,9.0
S006645,C06645,Professional,2025-10-19,,61,19.0
S006646,C06646,Professional,2025-09-16,,53,19.0
S006647,C06647,Starter,2025-02-21,,3,9.0
S006648,C06648,Professional,2025-10-20,,20,19.0
S006649,C06649,Free,2025-07-20,,5,0.0
S006650,C06650,Free,2025-08-09,,4,0.0
S006651,C06651,Professional,2025-03-15,,32,19.0
S006652,C06652,Free,2025-11-06,,4,0.0
S006653,C06653,Free,2025-12-07,,3,0.0
S006654,C06654,Professional,2025-05-29,,80,19.0
S006655,C06655,Enterprise,2025-02-03,,299,299.0
S006656,C06656,Starter,2025-11-06,2026-01-14,15,9.0
S006657,C06657,Starter,2025-11-20,,20,9.0
S006658,C06658,Professional,2025-07-04,,40,19.0
S006659,C06659,Professional,2025-07-31,,75,19.0
S006660,C06660,Starter,2025-03-23,,17,9.0
S006661,C06661,Professional,2025-01-25,,12,19.0
S006662,C06662,Enterprise,2025-12-11,,120,299.0
S006663,C06663,Free,2025-06-26,,1,0.0
S006664,C06664,Starter,2025-04-11,,10,9.0
S006665,C06665,Professional,2025-09-11,2026-06-30,67,19.0
S006666,C06666,Free,2025-01-10,,4,0.0
S006667,C06667,Starter,2025-01-30,,16,9.0
S006668,C06668,Professional,2025-03-30,,35,19.0
S006669,C06669,Professional,2025-06-14,,13,19.0
S006670,C06670,Professional,2025-05-14,,14,19.0
S006671,C06671,Professional,2025-03-10,,19,19.0
S006672,C06672,Starter,2025-05-09,,4,9.0
S006673,C06673,Professional,2025-05-02,,77,19.0
S006674,C06674,Professional,2025-07-11,,21,19.0
S006675,C06675,Professional,2025-07-25,,32,19.0
S006676,C06676,Starter,2025-11-19,,17,9.0
S006677,C06677,Professional,2025-10-22,,24,19.0
S006678,C06678,Professional,2025-04-17,,61,19.0
S006679,C06679,Starter,2025-11-26,,11,9.0
S006680,C06680,Starter,2025-07-10,2026-06-30,16,9.0
S006681,C06681,Starter,2025-03-10,2026-06-30,8,9.0
S006682,C06682,Starter,2025-05-05,,19,9.0
S006683,C06683,Free,2025-09-28,,4,0.0
S006684,C06684,Starter,2025-10-27,,8,9.0
S006685,C06685,Free,2025-05-17,2025-12-02,4,0.0
S006686,C06686,Free,2025-02-27,,4,0.0
S006687,C06687,Professional,2025-03-12,,80,19.0
S006688,C06688,Professional,2025-02-07,,35,19.0
S006689,C06689,Professional,2025-09-13,,79,19.0
S006690,C06690,Professional,2025-07-03,,65,19.0
S006691,C06691,Starter,2025-06-14,,10,9.0
S006692,C06692,Professional,2025-09-03,,59,19.0
S006693,C06693,Professional,2025-10-30,2026-06-30,50,19.0
S006694,C06694,Professional,2025-10-18,,80,19.0
S006695,C06695,Professional,2025-02-20,,14,19.0
S006696,C06696,Starter,2025-08-04,2026-06-30,16,9.0
S006697,C06697,Professional,2025-11-19,,69,19.0
S006698,C06698,Professional,2025-10-10,,10,19.0
S006699,C06699,Free,2025-05-01,,3,0.0
S006700,C06700,Starter,2025-05-24,,15,9.0
S006701,C06701,Starter,2025-11-21,2026-06-30,18,9.0
S006702,C06702,Starter,2025-01-12,,4,9.0
S006703,C06703,Enterprise,2025-07-11,,211,299.0
S006704,C06704,Professional,2025-02-12,,48,19.0
S006705,C06705,Free,2025-11-23,2026-06-30,4,0.0
S006706,C06706,Starter,2025-01-15,,5,9.0
S006707,C06707,Professional,2025-01-09,2025-04-29,68,19.0
S006708,C06708,Professional,2025-05-01,,45,19.0
S006709,C06709,Starter,2025-03-15,,10,9.0
S006710,C06710,Free,2025-06-30,,4,0.0
S006711,C06711,Enterprise,2025-04-20,,305,299.0
S006712,C06712,Starter,2025-05-11,,8,9.0
S006713,C06713,Free,2025-07-26,,3,0.0
S006714,C06714,Free,2025-07-24,,1,0.0
S006715,C06715,Professional,2025-12-08,,69,19.0
S006716,C06716,Professional,2025-06-25,2026-06-30,32,19.0
S006717,C06717,Starter,2025-07-25,,9,9.0
S006718,C06718,Starter,2025-09-05,,6,9.0
S006719,C06719,Enterprise,2025-03-05,,249,299.0
S006720,C06720,Starter,2025-09-01,,6,9.0
S006721,C06721,Starter,2025-11-11,,3,9.0
S006722,C06722,Starter,2025-04-27,,15,9.0
S006723,C06723,Free,2025-03-07,,2,0.0
S006724,C06724,Enterprise,2025-05-07,,382,299.0
S006725,C06725,Free,2025-04-11,,2,0.0
S006726,C06726,Free,2025-08-02,,3,0.0
S006727,C06727,Free,2025-11-12,,2,0.0
S006728,C06728,Free,2025-08-06,,2,0.0
S006729,C06729,Starter,2025-02-15,,20,9.0
S006730,C06730,Enterprise,2025-04-25,,312,299.0
S006731,C06731,Free,2025-09-09,2026-06-30,1,0.0
S006732,C06732,Free,2025-05-01,,5,0.0
S006733,C06733,Starter,2025-08-03,,17,9.0
S006734,C06734,Enterprise,2025-09-11,,253,299.0
S006735,C06735,Enterprise,2025-05-01,,196,299.0
S006736,C06736,Enterprise,2025-08-25,,269,299.0
S006737,C06737,Free,2025-05-26,2026-01-01,4,0.0
S006738,C06738,Professional,2025-02-19,,45,19.0
S006739,C06739,Professional,2025-05-16,,22,19.0
S006740,C06740,Free,2025-06-10,,1,0.0
S006741,C06741,Professional,2025-01-01,,80,19.0
S006742,C06742,Professional,2025-11-22,,27,19.0
S006743,C06743,Professional,2025-07-12,,51,19.0
S006744,C06744,Starter,2025-01-14,,15,9.0
S006745,C06745,Starter,2025-11-13,,5,9.0
S006746,C06746,Professional,2025-11-09,2026-06-30,21,19.0
S006747,C06747,Free,2025-01-05,,2,0.0
S006748,C06748,Free,2025-03-01,,4,0.0
S006749,C06749,Professional,2025-05-13,,70,19.0
S006750,C06750,Free,2025-07-05,2026-06-30,2,0.0
S006751,C06751,Free,2025-09-22,,2,0.0
S006752,C06752,Free,2025-06-04,,2,0.0
S006753,C06753,Free,2025-08-12,,4,0.0
S006754,C06754,Starter,2025-01-04,,12,9.0
S006755,C06755,Professional,2025-08-29,,53,19.0
S006756,C06756,Professional,2025-12-01,,26,19.0
S006757,C06757,Free,2025-07-12,,4,0.0
S006758,C06758,Professional,2025-06-16,,31,19.0
S006759,C06759,Free,2025-04-19,,5,0.0
S006760,C06760,Free,2025-12-15,2026-06-30,3,0.0
S006761,C06761,Professional,2025-01-13,,21,19.0
S006762,C06762,Enterprise,2025-04-15,,363,299.0
S006763,C06763,Starter,2025-02-20,,3,9.0
S006764,C06764,Professional,2025-11-13,,69,19.0
S006765,C06765,Starter,2025-06-26,,10,9.0
S006766,C06766,Professional,2025-12-03,,68,19.0
S006767,C06767,Professional,2025-08-31,,76,19.0
S006768,C06768,Professional,2025-07-23,,45,19.0
S006769,C06769,Professional,2025-07-08,,17,19.0
S006770,C06770,Professional,2025-03-15,,15,19.0
S006771,C06771,Enterprise,2025-07-25,,227,299.0
S006772,C06772,Starter,2025-09-08,,6,9.0
S006773,C06773,Enterprise,2025-12-19,,386,299.0
S006774,C06774,Professional,2025-07-20,,10,19.0
S006775,C06775,Starter,2025-12-09,,15,9.0
S006776,C06776,Starter,2025-12-11,,6,9.0
S006777,C06777,Enterprise,2025-07-10,2026-06-30,150,299.0
S006778,C06778,Professional,2025-06-10,,12,19.0
S006779,C06779,Starter,2025-02-22,2025-09-11,17,9.0
S006780,C06780,Free,2025-04-09,2026-02-01,4,0.0
S006781,C06781,Starter,2025-11-17,2026-06-30,19,9.0
S006782,C06782,Starter,2025-02-20,,12,9.0
S006783,C06783,Free,2025-05-25,,3,0.0
S006784,C06784,Professional,2025-09-13,2026-06-30,12,19.0
S006785,C06785,Starter,2025-03-29,,3,9.0
S006786,C06786,Free,2025-12-22,,4,0.0
S006787,C06787,Starter,2025-08-26,,12,9.0
S006788,C06788,Free,2025-01-11,2026-03-16,5,0.0
S006789,C06789,Professional,2025-04-01,,49,19.0
S006790,C06790,Starter,2025-09-28,,3,9.0
S006791,C06791,Enterprise,2025-11-12,,358,299.0
S006792,C06792,Professional,2025-12-05,,19,19.0
S006793,C06793,Professional,2025-11-07,,72,19.0
S006794,C06794,Starter,2025-01-28,,11,9.0
S006795,C06795,Professional,2025-09-24,,41,19.0
S006796,C06796,Professional,2025-02-10,,13,19.0
S006797,C06797,Enterprise,2025-01-28,,222,299.0
S006798,C06798,Professional,2025-09-10,,11,19.0
S006799,C06799,Enterprise,2025-06-24,,143,299.0
S006800,C06800,Professional,2025-08-25,,51,19.0
S006801,C06801,Enterprise,2025-11-07,,294,299.0
S006802,C06802,Professional,2025-01-26,,49,19.0
S006803,C06803,Starter,2025-07-12,,17,9.0
S006804,C06804,Professional,2025-11-01,,67,19.0
S006805,C06805,Enterprise,2025-06-10,,453,299.0
S006806,C06806,Enterprise,2025-07-11,,131,299.0
S006807,C06807,Enterprise,2025-07-01,,130,299.0
S006808,C06808,Starter,2025-11-28,,19,9.0
S006809,C06809,Professional,2025-01-19,,71,19.0
S006810,C06810,Starter,2025-11-17,,3,9.0
S006811,C06811,Professional,2025-10-25,,12,19.0
S006812,C06812,Starter,2025-10-24,,8,9.0
S006813,C06813,Starter,2025-05-31,,12,9.0
S006814,C06814,Starter,2025-07-08,,3,9.0
S006815,C06815,Starter,2025-05-15,,11,9.0
S006816,C06816,Starter,2025-04-02,,7,9.0
S006817,C06817,Professional,2025-11-16,,75,19.0
S006818,C06818,Starter,2025-07-04,,17,9.0
S006819,C06819,Professional,2025-09-22,,47,19.0
S006820,C06820,Free,2025-02-06,,1,0.0
S006821,C06821,Free,2025-10-15,,2,0.0
S006822,C06822,Starter,2025-08-29,,6,9.0
S006823,C06823,Starter,2025-12-31,,18,9.0
S006824,C06824,Professional,2025-02-18,,53,19.0
S006825,C06825,Professional,2025-07-17,,34,19.0
S006826,C06826,Professional,2025-07-06,,11,19.0
S006827,C06827,Professional,2025-07-16,,68,19.0
S006828,C06828,Professional,2025-01-20,,52,19.0
S006829,C06829,Professional,2025-06-22,,27,19.0
S006830,C06830,Starter,2025-04-20,,19,9.0
S006831,C06831,Free,2025-08-14,,4,0.0
S006832,C06832,Professional,2025-03-26,,14,19.0
S006833,C06833,Starter,2025-06-08,,3,9.0
S006834,C06834,Enterprise,2025-08-15,2026-04-21,102,299.0
S006835,C06835,Professional,2025-01-24,,29,19.0
S006836,C06836,Starter,2025-10-15,,10,9.0
S006837,C06837,Enterprise,2025-09-19,,472,299.0
S006838,C06838,Free,2025-01-21,,5,0.0
S006839,C06839,Professional,2025-01-24,,80,19.0
S006840,C06840,Professional,2025-11-07,,76,19.0
S006841,C06841,Professional,2025-04-14,,10,19.0
S006842,C06842,Starter,2025-11-11,,17,9.0
S006843,C06843,Starter,2025-07-02,,19,9.0
S006844,C06844,Free,2025-05-05,,4,0.0
S006845,C06845,Starter,2025-04-10,,20,9.0
S006846,C06846,Starter,2025-08-29,,10,9.0
S006847,C06847,Starter,2025-02-10,,17,9.0
S006848,C06848,Professional,2025-05-27,,66,19.0
S006849,C06849,Starter,2025-05-07,,7,9.0
S006850,C06850,Free,2025-02-26,,4,0.0
S006851,C06851,Free,2025-05-09,,3,0.0
S006852,C06852,Professional,2025-07-12,,23,19.0
S006853,C06853,Professional,2025-09-05,,17,19.0
S006854,C06854,Starter,2025-02-01,,15,9.0
S006855,C06855,Starter,2025-11-15,,17,9.0
S006856,C06856,Free,2025-11-17,,4,0.0
S006857,C06857,Starter,2025-09-10,,20,9.0
S006858,C06858,Professional,2025-12-04,,73,19.0
S006859,C06859,Free,2025-06-06,2026-06-30,1,0.0
S006860,C06860,Free,2025-10-27,,4,0.0
S006861,C06861,Professional,2025-09-23,,25,19.0
S006862,C06862,Professional,2025-07-25,,61,19.0
S006863,C06863,Starter,2025-03-07,,10,9.0
S006864,C06864,Professional,2025-07-23,2026-06-30,74,19.0
S006865,C06865,Enterprise,2025-11-25,,149,299.0
S006866,C06866,Professional,2025-12-26,,23,19.0
S006867,C06867,Starter,2025-06-13,2026-04-03,14,9.0
S006868,C06868,Starter,2025-04-01,,12,9.0
S006869,C06869,Professional,2025-09-30,,71,19.0
S006870,C06870,Enterprise,2025-01-28,,458,299.0
S006871,C06871,Professional,2025-02-25,,28,19.0
S006872,C06872,Enterprise,2025-07-25,,353,299.0
S006873,C06873,Professional,2025-12-28,,63,19.0
S006874,C06874,Free,2025-05-01,,5,0.0
S006875,C06875,Starter,2025-06-11,,9,9.0
S006876,C06876,Enterprise,2025-04-28,,120,299.0
S006877,C06877,Free,2025-06-10,,2,0.0
S006878,C06878,Professional,2025-01-03,,25,19.0
S006879,C06879,Starter,2025-08-06,,3,9.0
S006880,C06880,Starter,2025-08-06,,6,9.0
S006881,C06881,Professional,2025-04-26,,23,19.0
S006882,C06882,Starter,2025-04-07,,4,9.0
S006883,C06883,Enterprise,2025-10-05,,408,299.0
S006884,C06884,Starter,2025-03-10,,14,9.0
S006885,C06885,Professional,2025-01-18,2025-08-12,20,19.0
S006886,C06886,Free,2025-01-15,2025-06-22,3,0.0
S006887,C06887,Starter,2025-11-18,,18,9.0
S006888,C06888,Free,2025-05-13,,2,0.0
S006889,C06889,Starter,2025-02-07,,7,9.0
S006890,C06890,Professional,2025-11-17,,61,19.0
S006891,C06891,Starter,2025-02-24,,10,9.0
S006892,C06892,Free,2025-05-03,,4,0.0
S006893,C06893,Professional,2025-01-08,,23,19.0
S006894,C06894,Professional,2025-09-05,,12,19.0
S006895,C06895,Enterprise,2025-09-13,,315,299.0
S006896,C06896,Professional,2025-10-04,,41,19.0
S006897,C06897,Professional,2025-04-07,,70,19.0
S006898,C06898,Starter,2025-04-30,,15,9.0
S006899,C06899,Enterprise,2025-12-09,2026-06-30,235,299.0
S006900,C06900,Starter,2025-10-27,,4,9.0
S006901,C06901,Professional,2025-01-14,,48,19.0
S006902,C06902,Starter,2025-09-10,,17,9.0
S006903,C06903,Starter,2025-10-24,,8,9.0
S006904,C06904,Professional,2025-07-24,,53,19.0
S006905,C06905,Starter,2025-08-22,,3,9.0
S006906,C06906,Free,2025-01-01,,4,0.0
S006907,C06907,Professional,2025-01-11,,69,19.0
S006908,C06908,Professional,2025-01-13,2025-03-15,27,19.0
S006909,C06909,Enterprise,2025-02-28,,368,299.0
S006910,C06910,Professional,2025-12-28,,63,19.0
S006911,C06911,Starter,2025-08-20,,7,9.0
S006912,C06912,Starter,2025-10-13,,6,9.0
S006913,C06913,Free,2025-04-18,,2,0.0
S006914,C06914,Starter,2025-12-09,,18,9.0
S006915,C06915,Professional,2025-03-14,,36,19.0
S006916,C06916,Professional,2025-11-26,2026-06-30,24,19.0
S006917,C06917,Starter,2025-01-12,,8,9.0
S006918,C06918,Starter,2025-01-08,,7,9.0
S006919,C06919,Enterprise,2025-01-29,,313,299.0
S006920,C06920,Starter,2025-10-17,,15,9.0
S006921,C06921,Starter,2025-04-04,,7,9.0
S006922,C06922,Starter,2025-06-14,,9,9.0
S006923,C06923,Starter,2025-06-22,,11,9.0
S006924,C06924,Starter,2025-10-16,,8,9.0
S006925,C06925,Professional,2025-05-08,,42,19.0
S006926,C06926,Starter,2025-01-03,2025-04-01,4,9.0
S006927,C06927,Starter,2025-05-22,,9,9.0
S006928,C06928,Starter,2025-04-16,,17,9.0
S006929,C06929,Starter,2025-09-24,,10,9.0
S006930,C06930,Starter,2025-10-02,,11,9.0
S006931,C06931,Starter,2025-02-03,,13,9.0
S006932,C06932,Starter,2025-10-17,,10,9.0
S006933,C06933,Free,2025-01-26,,3,0.0
S006934,C06934,Enterprise,2025-08-15,,198,299.0
S006935,C06935,Starter,2025-05-23,,16,9.0
S006936,C06936,Professional,2025-04-20,2026-01-21,49,19.0
S006937,C06937,Enterprise,2025-06-26,,106,299.0
S006938,C06938,Free,2025-04-24,2025-09-25,3,0.0
S006939,C06939,Free,2025-10-17,,2,0.0
S006940,C06940,Free,2025-12-19,,1,0.0
S006941,C06941,Professional,2025-10-25,,46,19.0
S006942,C06942,Professional,2025-06-10,,16,19.0
S006943,C06943,Starter,2025-07-03,,6,9.0
S006944,C06944,Free,2025-06-13,,4,0.0
S006945,C06945,Free,2025-10-17,,3,0.0
S006946,C06946,Professional,2025-07-21,2026-06-30,30,19.0
S006947,C06947,Professional,2025-06-20,,71,19.0
S006948,C06948,Starter,2025-05-30,,20,9.0
S006949,C06949,Starter,2025-05-17,,4,9.0
S006950,C06950,Professional,2025-07-21,,27,19.0
S006951,C06951,Professional,2025-09-09,2026-05-22,10,19.0
S006952,C06952,Starter,2025-06-07,,5,9.0
S006953,C06953,Professional,2025-10-22,,35,19.0
S006954,C06954,Professional,2025-10-29,,13,19.0
S006955,C06955,Starter,2025-06-06,,19,9.0
S006956,C06956,Free,2025-11-28,2026-06-30,4,0.0
S006957,C06957,Starter,2025-03-05,,4,9.0
S006958,C06958,Free,2025-12-07,,2,0.0
S006959,C06959,Free,2025-04-18,2026-03-09,4,0.0
S006960,C06960,Professional,2025-07-25,,29,19.0
S006961,C06961,Professional,2025-04-14,,43,19.0
S006962,C06962,Professional,2025-06-11,,17,19.0
S006963,C06963,Professional,2025-05-05,,71,19.0
S006964,C06964,Enterprise,2025-09-15,,121,299.0
S006965,C06965,Professional,2025-01-30,,16,19.0
S006966,C06966,Enterprise,2025-11-02,,192,299.0
S006967,C06967,Enterprise,2025-11-26,,246,299.0
S006968,C06968,Starter,2025-07-25,,10,9.0
S006969,C06969,Enterprise,2025-07-19,,377,299.0
S006970,C06970,Enterprise,2025-09-13,,365,299.0
S006971,C06971,Starter,2025-03-14,2026-06-14,3,9.0
S006972,C06972,Professional,2025-10-01,2026-06-30,17,19.0
S006973,C06973,Starter,2025-03-21,,8,9.0
S006974,C06974,Starter,2025-09-04,,9,9.0
S006975,C06975,Professional,2025-04-22,,64,19.0
S006976,C06976,Free,2025-09-30,,5,0.0
S006977,C06977,Professional,2025-10-16,,27,19.0
S006978,C06978,Starter,2025-03-18,2025-10-28,15,9.0
S006979,C06979,Free,2025-08-14,,2,0.0
S006980,C06980,Professional,2025-07-01,,80,19.0
S006981,C06981,Enterprise,2025-04-18,,349,299.0
S006982,C06982,Free,2025-08-03,,1,0.0
S006983,C06983,Starter,2025-12-29,2026-06-30,4,9.0
S006984,C06984,Free,2025-01-01,2025-10-16,3,0.0
S006985,C06985,Starter,2025-12-16,,10,9.0
S006986,C06986,Starter,2025-11-09,,7,9.0
S006987,C06987,Starter,2025-07-13,,4,9.0
S006988,C06988,Professional,2025-08-11,,76,19.0
S006989,C06989,Starter,2025-05-15,,15,9.0
S006990,C06990,Professional,2025-02-17,,74,19.0
S006991,C06991,Free,2025-07-28,2026-06-30,2,0.0
S006992,C06992,Enterprise,2025-10-25,2026-03-16,328,299.0
S006993,C06993,Starter,2025-03-26,,14,9.0
S006994,C06994,Free,2025-09-19,,2,0.0
S006995,C06995,Free,2025-10-01,,4,0.0
S006996,C06996,Starter,2025-10-04,,12,9.0
S006997,C06997,Enterprise,2025-05-05,,443,299.0
S006998,C06998,Starter,2025-05-24,,18,9.0
S006999,C06999,Starter,2025-06-01,,19,9.0
S007000,C07000,Professional,2025-11-08,,50,19.0
S007001,C07001,Starter,2025-11-25,,4,9.0
S007002,C07002,Professional,2025-06-01,,64,19.0
S007003,C07003,Starter,2025-12-21,,10,9.0
S007004,C07004,Professional,2025-07-28,2026-05-07,58,19.0
S007005,C07005,Professional,2025-05-21,,57,19.0
S007006,C07006,Free,2025-01-01,,1,0.0
S007007,C07007,Free,2025-08-12,,1,0.0
S007008,C07008,Professional,2025-08-24,2026-01-28,63,19.0
S007009,C07009,Professional,2025-12-20,,49,19.0
S007010,C07010,Professional,2025-09-20,,24,19.0
S007011,C07011,Starter,2025-01-11,,18,9.0
S007012,C07012,Free,2025-07-26,,5,0.0
S007013,C07013,Professional,2025-09-29,2026-06-30,25,19.0
S007014,C07014,Free,2025-07-01,2026-04-15,2,0.0
S007015,C07015,Professional,2025-06-06,,23,19.0
S007016,C07016,Starter,2025-10-23,2026-06-06,13,9.0
S007017,C07017,Starter,2025-08-12,,16,9.0
S007018,C07018,Professional,2025-09-06,,30,19.0
S007019,C07019,Starter,2025-06-19,,3,9.0
S007020,C07020,Starter,2025-04-12,,3,9.0
S007021,C07021,Professional,2025-07-09,,28,19.0
S007022,C07022,Professional,2025-12-17,,65,19.0
S007023,C07023,Professional,2025-08-08,,35,19.0
S007024,C07024,Professional,2025-09-16,,60,19.0
S007025,C07025,Professional,2025-02-15,,74,19.0
S007026,C07026,Free,2025-12-27,,5,0.0
S007027,C07027,Free,2025-03-31,,2,0.0
S007028,C07028,Starter,2025-12-21,,13,9.0
S007029,C07029,Free,2025-06-12,,4,0.0
S007030,C07030,Starter,2025-12-02,,6,9.0
S007031,C07031,Starter,2025-11-22,,15,9.0
S007032,C07032,Free,2025-10-03,,1,0.0
S007033,C07033,Starter,2025-12-01,2026-06-30,13,9.0
S007034,C07034,Starter,2025-08-11,,10,9.0
S007035,C07035,Free,2025-11-06,2026-02-25,2,0.0
S007036,C07036,Professional,2025-03-04,2026-04-01,33,19.0
S007037,C07037,Enterprise,2025-01-26,,296,299.0
S007038,C07038,Professional,2025-07-18,,38,19.0
S007039,C07039,Enterprise,2025-10-23,,204,299.0
S007040,C07040,Free,2025-10-07,,2,0.0
S007041,C07041,Professional,2025-07-12,,44,19.0
S007042,C07042,Starter,2025-07-10,,20,9.0
S007043,C07043,Starter,2025-08-11,,14,9.0
S007044,C07044,Professional,2025-11-13,,16,19.0
S007045,C07045,Professional,2025-11-04,,15,19.0
S007046,C07046,Free,2025-02-10,,4,0.0
S007047,C07047,Starter,2025-08-06,,12,9.0
S007048,C07048,Professional,2025-05-20,2025-08-03,50,19.0
S007049,C07049,Starter,2025-10-19,,9,9.0
S007050,C07050,Starter,2025-07-04,2026-03-17,13,9.0
S007051,C07051,Free,2025-12-28,,3,0.0
S007052,C07052,Free,2025-06-07,,4,0.0
S007053,C07053,Starter,2025-09-05,,19,9.0
S007054,C07054,Starter,2025-02-09,,19,9.0
S007055,C07055,Starter,2025-12-07,,18,9.0
S007056,C07056,Professional,2025-02-26,,57,19.0
S007057,C07057,Professional,2025-05-19,,58,19.0
S007058,C07058,Free,2025-11-02,,2,0.0
S007059,C07059,Free,2025-12-20,,5,0.0
S007060,C07060,Professional,2025-06-26,,29,19.0
S007061,C07061,Enterprise,2025-06-26,,149,299.0
S007062,C07062,Enterprise,2025-01-18,,432,299.0
S007063,C07063,Professional,2025-12-24,,39,19.0
S007064,C07064,Enterprise,2025-01-07,,291,299.0
S007065,C07065,Free,2025-01-10,,4,0.0
S007066,C07066,Free,2025-06-22,,4,0.0
S007067,C07067,Free,2025-01-02,,1,0.0
S007068,C07068,Starter,2025-03-01,,9,9.0
S007069,C07069,Starter,2025-08-18,,17,9.0
S007070,C07070,Professional,2025-09-15,,62,19.0
S007071,C07071,Free,2025-04-19,,4,0.0
S007072,C07072,Starter,2025-10-18,,10,9.0
S007073,C07073,Professional,2025-08-10,,35,19.0
S007074,C07074,Professional,2025-03-25,,45,19.0
S007075,C07075,Starter,2025-09-18,2026-03-30,6,9.0
S007076,C07076,Free,2025-08-05,,5,0.0
S007077,C07077,Starter,2025-10-24,2026-04-10,6,9.0
S007078,C07078,Starter,2025-02-26,,11,9.0
S007079,C07079,Starter,2025-03-26,,16,9.0
S007080,C07080,Professional,2025-04-21,,25,19.0
S007081,C07081,Enterprise,2025-05-05,,496,299.0
S007082,C07082,Free,2025-11-21,,3,0.0
S007083,C07083,Free,2025-09-25,,1,0.0
S007084,C07084,Free,2025-07-18,,1,0.0
S007085,C07085,Professional,2025-07-17,,32,19.0
S007086,C07086,Free,2025-11-20,,2,0.0
S007087,C07087,Professional,2025-06-13,,13,19.0
S007088,C07088,Starter,2025-03-24,2026-06-07,13,9.0
S007089,C07089,Starter,2025-02-19,2025-09-26,12,9.0
S007090,C07090,Professional,2025-05-01,,15,19.0
S007091,C07091,Starter,2025-08-27,,17,9.0
S007092,C07092,Professional,2025-06-21,,42,19.0
S007093,C07093,Free,2025-06-03,,3,0.0
S007094,C07094,Professional,2025-06-25,,52,19.0
S007095,C07095,Enterprise,2025-12-22,,435,299.0
S007096,C07096,Free,2025-12-31,,2,0.0
S007097,C07097,Professional,2025-02-28,,12,19.0
S007098,C07098,Professional,2025-02-11,,25,19.0
S007099,C07099,Free,2025-03-31,,4,0.0
S007100,C07100,Professional,2025-11-07,,57,19.0
S007101,C07101,Starter,2025-06-17,,8,9.0
S007102,C07102,Professional,2025-11-12,2026-06-30,79,19.0
S007103,C07103,Professional,2025-08-25,,59,19.0
S007104,C07104,Starter,2025-07-21,,8,9.0
S007105,C07105,Professional,2025-04-13,,79,19.0
S007106,C07106,Professional,2025-05-06,,24,19.0
S007107,C07107,Starter,2025-02-23,,3,9.0
S007108,C07108,Free,2025-07-09,,5,0.0
S007109,C07109,Starter,2025-04-13,,10,9.0
S007110,C07110,Professional,2025-04-17,,69,19.0
S007111,C07111,Starter,2025-01-15,,18,9.0
S007112,C07112,Starter,2025-10-19,2026-06-13,19,9.0
S007113,C07113,Starter,2025-12-09,,16,9.0
S007114,C07114,Starter,2025-07-01,,3,9.0
S007115,C07115,Starter,2025-07-15,,12,9.0
S007116,C07116,Starter,2025-12-04,,19,9.0
S007117,C07117,Starter,2025-07-06,,16,9.0
S007118,C07118,Starter,2025-08-16,,18,9.0
S007119,C07119,Professional,2025-06-06,,65,19.0
S007120,C07120,Professional,2025-07-07,,31,19.0
S007121,C07121,Professional,2025-07-10,,65,19.0
S007122,C07122,Free,2025-09-17,,4,0.0
S007123,C07123,Enterprise,2025-08-09,,332,299.0
S007124,C07124,Free,2025-07-03,,1,0.0
S007125,C07125,Professional,2025-01-28,,17,19.0
S007126,C07126,Professional,2025-11-27,,39,19.0
S007127,C07127,Starter,2025-11-21,,7,9.0
S007128,C07128,Free,2025-03-09,,4,0.0
S007129,C07129,Professional,2025-04-18,,32,19.0
S007130,C07130,Professional,2025-12-22,,17,19.0
S007131,C07131,Enterprise,2025-04-28,,113,299.0
S007132,C07132,Professional,2025-10-24,,78,19.0
S007133,C07133,Enterprise,2025-10-14,,143,299.0
S007134,C07134,Professional,2025-11-11,,75,19.0
S007135,C07135,Starter,2025-01-06,2025-11-22,13,9.0
S007136,C07136,Enterprise,2025-06-26,,447,299.0
S007137,C07137,Professional,2025-07-26,,74,19.0
S007138,C07138,Free,2025-11-02,,1,0.0
S007139,C07139,Professional,2025-03-23,,48,19.0
S007140,C07140,Free,2025-04-22,,4,0.0
S007141,C07141,Enterprise,2025-03-07,,353,299.0
S007142,C07142,Professional,2025-10-06,,73,19.0
S007143,C07143,Starter,2025-12-31,,6,9.0
S007144,C07144,Enterprise,2025-02-21,,155,299.0
S007145,C07145,Starter,2025-03-27,,18,9.0
S007146,C07146,Starter,2025-04-23,,14,9.0
S007147,C07147,Starter,2025-11-21,,19,9.0
S007148,C07148,Free,2025-06-12,,2,0.0
S007149,C07149,Free,2025-04-13,2025-11-13,1,0.0
S007150,C07150,Professional,2025-04-28,,58,19.0
S007151,C07151,Free,2025-08-07,,4,0.0
S007152,C07152,Enterprise,2025-05-22,,359,299.0
S007153,C07153,Starter,2025-02-21,,3,9.0
S007154,C07154,Starter,2025-10-27,,18,9.0
S007155,C07155,Free,2025-06-04,,2,0.0
S007156,C07156,Starter,2025-04-04,,11,9.0
S007157,C07157,Professional,2025-09-23,,11,19.0
S007158,C07158,Enterprise,2025-09-30,,404,299.0
S007159,C07159,Free,2025-02-26,,5,0.0
S007160,C07160,Free,2025-01-27,2025-11-20,1,0.0
S007161,C07161,Free,2025-01-17,,1,0.0
S007162,C07162,Professional,2025-10-07,,55,19.0
S007163,C07163,Free,2025-08-17,,3,0.0
S007164,C07164,Free,2025-10-17,,5,0.0
S007165,C07165,Professional,2025-08-17,2026-06-30,30,19.0
S007166,C07166,Professional,2025-05-27,,61,19.0
S007167,C07167,Starter,2025-08-04,,18,9.0
S007168,C07168,Professional,2025-09-21,,72,19.0
S007169,C07169,Professional,2025-05-26,,16,19.0
S007170,C07170,Free,2025-12-01,,4,0.0
S007171,C07171,Professional,2025-11-25,,34,19.0
S007172,C07172,Starter,2025-10-20,,12,9.0
S007173,C07173,Starter,2025-12-29,,15,9.0
S007174,C07174,Starter,2025-05-23,,19,9.0
S007175,C07175,Professional,2025-02-11,,43,19.0
S007176,C07176,Starter,2025-06-26,2025-12-15,8,9.0
S007177,C07177,Professional,2025-09-30,,23,19.0
S007178,C07178,Starter,2025-10-12,2026-01-21,16,9.0
S007179,C07179,Professional,2025-05-22,,34,19.0
S007180,C07180,Enterprise,2025-04-17,,377,299.0
S007181,C07181,Starter,2025-06-12,,7,9.0
S007182,C07182,Professional,2025-10-21,,67,19.0
S007183,C07183,Professional,2025-01-23,,57,19.0
S007184,C07184,Enterprise,2025-04-30,,299,299.0
S007185,C07185,Professional,2025-03-25,,80,19.0
S007186,C07186,Professional,2025-10-22,,45,19.0
S007187,C07187,Professional,2025-06-21,,48,19.0
S007188,C07188,Enterprise,2025-02-01,,113,299.0
S007189,C07189,Professional,2025-04-06,,56,19.0
S007190,C07190,Free,2025-01-17,,5,0.0
S007191,C07191,Professional,2025-06-23,,51,19.0
S007192,C07192,Starter,2025-12-31,,9,9.0
S007193,C07193,Starter,2025-07-27,,14,9.0
S007194,C07194,Professional,2025-11-14,,49,19.0
S007195,C07195,Free,2025-09-29,,2,0.0
S007196,C07196,Professional,2025-11-19,,24,19.0
S007197,C07197,Starter,2025-04-24,,19,9.0
S007198,C07198,Professional,2025-12-14,,53,19.0
S007199,C07199,Starter,2025-03-29,2025-09-21,18,9.0
S007200,C07200,Free,2025-06-09,,2,0.0
S007201,C07201,Professional,2025-09-06,,77,19.0
S007202,C07202,Professional,2025-04-15,,51,19.0
S007203,C07203,Professional,2025-04-07,,71,19.0
S007204,C07204,Professional,2025-02-17,,62,19.0
S007205,C07205,Professional,2025-01-02,,75,19.0
S007206,C07206,Free,2025-07-02,,4,0.0
S007207,C07207,Free,2025-12-27,,4,0.0
S007208,C07208,Starter,2025-03-22,,3,9.0
S007209,C07209,Starter,2025-06-10,,12,9.0
S007210,C07210,Professional,2025-12-08,,67,19.0
S007211,C07211,Starter,2025-10-09,,17,9.0
S007212,C07212,Starter,2025-01-02,,13,9.0
S007213,C07213,Starter,2025-07-02,2026-01-22,20,9.0
S007214,C07214,Professional,2025-02-22,,26,19.0
S007215,C07215,Enterprise,2025-04-01,,418,299.0
S007216,C07216,Professional,2025-03-31,,32,19.0
S007217,C07217,Starter,2025-08-12,,7,9.0
S007218,C07218,Starter,2025-03-14,,17,9.0
S007219,C07219,Free,2025-04-02,,5,0.0
S007220,C07220,Starter,2025-03-24,2026-06-30,19,9.0
S007221,C07221,Professional,2025-05-11,,40,19.0
S007222,C07222,Enterprise,2025-08-28,,426,299.0
S007223,C07223,Starter,2025-05-26,,16,9.0
S007224,C07224,Starter,2025-04-30,2025-08-04,18,9.0
S007225,C07225,Free,2025-07-08,,2,0.0
S007226,C07226,Professional,2025-08-13,,44,19.0
S007227,C07227,Enterprise,2025-01-06,2025-11-26,383,299.0
S007228,C07228,Starter,2025-11-21,,10,9.0
S007229,C07229,Starter,2025-12-01,,20,9.0
S007230,C07230,Free,2025-08-08,,5,0.0
S007231,C07231,Professional,2025-07-29,,11,19.0
S007232,C07232,Starter,2025-09-11,,10,9.0
S007233,C07233,Free,2025-06-10,2025-12-10,3,0.0
S007234,C07234,Professional,2025-05-14,,60,19.0
S007235,C07235,Free,2025-05-09,,3,0.0
S007236,C07236,Free,2025-02-28,,4,0.0
S007237,C07237,Starter,2025-11-04,,13,9.0
S007238,C07238,Free,2025-04-28,,1,0.0
S007239,C07239,Professional,2025-04-14,2025-11-13,35,19.0
S007240,C07240,Starter,2025-12-18,,8,9.0
S007241,C07241,Professional,2025-07-04,,36,19.0
S007242,C07242,Professional,2025-08-15,,25,19.0
S007243,C07243,Starter,2025-03-31,,20,9.0
S007244,C07244,Free,2025-04-12,,1,0.0
S007245,C07245,Professional,2025-09-23,,33,19.0
S007246,C07246,Starter,2025-06-14,,10,9.0
S007247,C07247,Professional,2025-02-23,,54,19.0
S007248,C07248,Starter,2025-11-01,,6,9.0
S007249,C07249,Professional,2025-05-28,2026-01-02,60,19.0
S007250,C07250,Professional,2025-09-01,,15,19.0
S007251,C07251,Professional,2025-05-05,,14,19.0
S007252,C07252,Professional,2025-07-24,,24,19.0
S007253,C07253,Enterprise,2025-10-11,,188,299.0
S007254,C07254,Professional,2025-11-20,,53,19.0
S007255,C07255,Starter,2025-03-17,,17,9.0
S007256,C07256,Professional,2025-09-03,,67,19.0
S007257,C07257,Free,2025-11-30,2026-03-12,1,0.0
S007258,C07258,Enterprise,2025-08-23,,285,299.0
S007259,C07259,Starter,2025-02-22,,6,9.0
S007260,C07260,Starter,2025-03-11,,13,9.0
S007261,C07261,Free,2025-03-16,,2,0.0
S007262,C07262,Professional,2025-02-08,,56,19.0
S007263,C07263,Enterprise,2025-10-03,,410,299.0
S007264,C07264,Starter,2025-12-19,,14,9.0
S007265,C07265,Free,2025-07-08,,1,0.0
S007266,C07266,Professional,2025-08-07,,80,19.0
S007267,C07267,Starter,2025-10-10,,11,9.0
S007268,C07268,Enterprise,2025-06-01,,344,299.0
S007269,C07269,Starter,2025-06-22,,15,9.0
S007270,C07270,Professional,2025-08-03,,48,19.0
S007271,C07271,Free,2025-04-22,,5,0.0
S007272,C07272,Enterprise,2025-01-23,,447,299.0
S007273,C07273,Professional,2025-07-27,,56,19.0
S007274,C07274,Enterprise,2025-10-28,,348,299.0
S007275,C07275,Starter,2025-01-27,2025-12-01,9,9.0
S007276,C07276,Starter,2025-03-21,,11,9.0
S007277,C07277,Free,2025-04-06,,1,0.0
S007278,C07278,Professional,2025-10-21,,62,19.0
S007279,C07279,Free,2025-07-04,,1,0.0
S007280,C07280,Starter,2025-07-15,2026-01-18,7,9.0
S007281,C07281,Professional,2025-08-24,,50,19.0
S007282,C07282,Free,2025-04-11,,4,0.0
S007283,C07283,Professional,2025-09-18,,12,19.0
S007284,C07284,Professional,2025-01-12,,64,19.0
S007285,C07285,Starter,2025-02-11,,5,9.0
S007286,C07286,Professional,2025-10-25,,55,19.0
S007287,C07287,Free,2025-08-29,,4,0.0
S007288,C07288,Starter,2025-03-06,2025-12-13,6,9.0
S007289,C07289,Professional,2025-06-10,,38,19.0
S007290,C07290,Free,2025-01-19,,3,0.0
S007291,C07291,Enterprise,2025-09-03,,320,299.0
S007292,C07292,Starter,2025-10-03,,17,9.0
S007293,C07293,Free,2025-04-12,,5,0.0
S007294,C07294,Starter,2025-05-08,2025-11-20,10,9.0
S007295,C07295,Starter,2025-03-28,,13,9.0
S007296,C07296,Enterprise,2025-05-23,,472,299.0
S007297,C07297,Professional,2025-04-10,,52,19.0
S007298,C07298,Professional,2025-04-01,,13,19.0
S007299,C07299,Enterprise,2025-06-07,,224,299.0
S007300,C07300,Starter,2025-11-10,,14,9.0
S007301,C07301,Starter,2025-10-06,2026-06-01,20,9.0
S007302,C07302,Professional,2025-04-19,,26,19.0
S007303,C07303,Professional,2025-12-11,,25,19.0
S007304,C07304,Starter,2025-03-18,,14,9.0
S007305,C07305,Professional,2025-11-29,,18,19.0
S007306,C07306,Starter,2025-04-23,,20,9.0
S007307,C07307,Professional,2025-07-17,,74,19.0
S007308,C07308,Professional,2025-03-16,,50,19.0
S007309,C07309,Starter,2025-10-06,,9,9.0
S007310,C07310,Professional,2025-04-26,,41,19.0
S007311,C07311,Professional,2025-11-15,,49,19.0
S007312,C07312,Starter,2025-01-31,2025-10-18,18,9.0
S007313,C07313,Free,2025-07-03,2026-01-26,4,0.0
S007314,C07314,Professional,2025-02-27,,42,19.0
S007315,C07315,Starter,2025-11-21,,14,9.0
S007316,C07316,Starter,2025-06-02,,13,9.0
S007317,C07317,Free,2025-09-04,,1,0.0
S007318,C07318,Free,2025-11-18,2026-06-30,2,0.0
S007319,C07319,Starter,2025-07-15,,6,9.0
S007320,C07320,Professional,2025-01-21,,49,19.0
S007321,C07321,Starter,2025-03-22,,20,9.0
S007322,C07322,Starter,2025-03-19,,15,9.0
S007323,C07323,Enterprise,2025-11-30,,365,299.0
S007324,C07324,Starter,2025-11-28,,12,9.0
S007325,C07325,Free,2025-06-24,2026-06-30,2,0.0
S007326,C07326,Enterprise,2025-11-21,2026-03-03,184,299.0
S007327,C07327,Starter,2025-03-31,,19,9.0
S007328,C07328,Starter,2025-09-05,2026-06-30,3,9.0
S007329,C07329,Professional,2025-05-24,,74,19.0
S007330,C07330,Starter,2025-03-29,,6,9.0
S007331,C07331,Starter,2025-04-02,,17,9.0
S007332,C07332,Professional,2025-06-03,,70,19.0
S007333,C07333,Starter,2025-05-04,,19,9.0
S007334,C07334,Professional,2025-03-19,,78,19.0
S007335,C07335,Free,2025-05-02,,3,0.0
S007336,C07336,Professional,2025-02-16,,49,19.0
S007337,C07337,Starter,2025-12-20,,3,9.0
S007338,C07338,Professional,2025-05-19,,68,19.0
S007339,C07339,Professional,2025-02-09,,51,19.0
S007340,C07340,Starter,2025-07-30,,3,9.0
S007341,C07341,Free,2025-11-19,,2,0.0
S007342,C07342,Professional,2025-05-12,,70,19.0
S007343,C07343,Professional,2025-11-05,,37,19.0
S007344,C07344,Free,2025-08-11,,2,0.0
S007345,C07345,Professional,2025-09-27,,29,19.0
S007346,C07346,Starter,2025-04-19,,6,9.0
S007347,C07347,Professional,2025-01-14,2025-04-03,48,19.0
S007348,C07348,Starter,2025-05-07,,7,9.0
S007349,C07349,Professional,2025-12-04,,51,19.0
S007350,C07350,Professional,2025-10-16,,45,19.0
S007351,C07351,Free,2025-10-14,2026-06-30,4,0.0
S007352,C07352,Starter,2025-11-17,,13,9.0
S007353,C07353,Starter,2025-05-17,,4,9.0
S007354,C07354,Professional,2025-04-28,,10,19.0
S007355,C07355,Free,2025-12-04,,2,0.0
S007356,C07356,Starter,2025-07-28,,9,9.0
S007357,C07357,Free,2025-04-19,,3,0.0
S007358,C07358,Starter,2025-04-12,,15,9.0
S007359,C07359,Starter,2025-11-17,,20,9.0
S007360,C07360,Enterprise,2025-01-20,,400,299.0
S007361,C07361,Free,2025-01-23,,2,0.0
S007362,C07362,Free,2025-09-27,,2,0.0
S007363,C07363,Starter,2025-01-01,,9,9.0
S007364,C07364,Professional,2025-03-04,,27,19.0
S007365,C07365,Professional,2025-12-28,,49,19.0
S007366,C07366,Starter,2025-06-05,,15,9.0
S007367,C07367,Free,2025-09-23,,2,0.0
S007368,C07368,Enterprise,2025-06-27,,344,299.0
S007369,C07369,Starter,2025-02-03,,9,9.0
S007370,C07370,Professional,2025-03-09,,45,19.0
S007371,C07371,Starter,2025-10-05,,7,9.0
S007372,C07372,Professional,2025-02-04,,48,19.0
S007373,C07373,Professional,2025-08-06,,16,19.0
S007374,C07374,Free,2025-05-08,,3,0.0
S007375,C07375,Free,2025-05-16,,3,0.0
S007376,C07376,Free,2025-12-14,,3,0.0
S007377,C07377,Professional,2025-08-10,,74,19.0
S007378,C07378,Starter,2025-08-13,2025-11-01,17,9.0
S007379,C07379,Starter,2025-05-08,,13,9.0
S007380,C07380,Professional,2025-05-20,,73,19.0
S007381,C07381,Professional,2025-09-08,2026-06-30,56,19.0
S007382,C07382,Starter,2025-01-15,,14,9.0
S007383,C07383,Starter,2025-03-28,,11,9.0
S007384,C07384,Starter,2025-08-08,,7,9.0
S007385,C07385,Free,2025-08-16,,2,0.0
S007386,C07386,Free,2025-02-03,2026-02-02,5,0.0
S007387,C07387,Professional,2025-10-15,,58,19.0
S007388,C07388,Enterprise,2025-07-18,,135,299.0
S007389,C07389,Professional,2025-03-28,,26,19.0
S007390,C07390,Starter,2025-10-02,,20,9.0
S007391,C07391,Free,2025-12-28,,2,0.0
S007392,C07392,Starter,2025-06-04,,13,9.0
S007393,C07393,Free,2025-04-14,,2,0.0
S007394,C07394,Enterprise,2025-04-20,,384,299.0
S007395,C07395,Professional,2025-08-05,,71,19.0
S007396,C07396,Enterprise,2025-01-18,2026-02-18,269,299.0
S007397,C07397,Professional,2025-06-26,,10,19.0
S007398,C07398,Starter,2025-01-10,,9,9.0
S007399,C07399,Starter,2025-01-15,,3,9.0
S007400,C07400,Professional,2025-06-06,,25,19.0
S007401,C07401,Professional,2025-09-30,,37,19.0
S007402,C07402,Professional,2025-11-19,,17,19.0
S007403,C07403,Starter,2025-02-01,,3,9.0
S007404,C07404,Professional,2025-03-31,,32,19.0
S007405,C07405,Starter,2025-06-03,,3,9.0
S007406,C07406,Free,2025-07-29,,2,0.0
S007407,C07407,Professional,2025-12-27,,18,19.0
S007408,C07408,Free,2025-09-07,,3,0.0
S007409,C07409,Starter,2025-07-16,,17,9.0
S007410,C07410,Starter,2025-01-23,,18,9.0
S007411,C07411,Free,2025-01-30,,4,0.0
S007412,C07412,Professional,2025-02-25,,15,19.0
S007413,C07413,Free,2025-08-30,,1,0.0
S007414,C07414,Professional,2025-05-01,2026-03-28,63,19.0
S007415,C07415,Free,2025-03-29,,4,0.0
S007416,C07416,Professional,2025-09-02,,28,19.0
S007417,C07417,Starter,2025-10-25,,20,9.0
S007418,C07418,Professional,2025-06-10,2026-03-25,55,19.0
S007419,C07419,Professional,2025-11-18,,41,19.0
S007420,C07420,Starter,2025-09-25,2026-06-30,14,9.0
S007421,C07421,Professional,2025-09-19,,11,19.0
S007422,C07422,Starter,2025-11-13,,16,9.0
S007423,C07423,Starter,2025-03-09,2025-10-26,6,9.0
S007424,C07424,Starter,2025-10-04,,3,9.0
S007425,C07425,Professional,2025-12-16,,54,19.0
S007426,C07426,Professional,2025-12-29,,10,19.0
S007427,C07427,Enterprise,2025-07-30,,110,299.0
S007428,C07428,Free,2025-10-03,,1,0.0
S007429,C07429,Free,2025-11-21,,5,0.0
S007430,C07430,Starter,2025-11-08,,20,9.0
S007431,C07431,Professional,2025-11-24,,39,19.0
S007432,C07432,Free,2025-10-31,,2,0.0
S007433,C07433,Starter,2025-05-20,,10,9.0
S007434,C07434,Enterprise,2025-09-24,,350,299.0
S007435,C07435,Starter,2025-05-30,,13,9.0
S007436,C07436,Starter,2025-10-20,,8,9.0
S007437,C07437,Starter,2025-10-23,,7,9.0
S007438,C07438,Free,2025-12-08,,3,0.0
S007439,C07439,Starter,2025-08-03,,8,9.0
S007440,C07440,Free,2025-06-23,,3,0.0
S007441,C07441,Starter,2025-03-02,,3,9.0
S007442,C07442,Starter,2025-08-21,,6,9.0
S007443,C07443,Starter,2025-07-26,,20,9.0
S007444,C07444,Starter,2025-07-07,,9,9.0
S007445,C07445,Enterprise,2025-09-04,,273,299.0
S007446,C07446,Starter,2025-11-07,,6,9.0
S007447,C07447,Free,2025-02-24,2025-09-21,5,0.0
S007448,C07448,Professional,2025-06-07,,29,19.0
S007449,C07449,Professional,2025-09-21,,30,19.0
S007450,C07450,Professional,2025-10-27,,39,19.0
S007451,C07451,Starter,2025-10-12,,17,9.0
S007452,C07452,Professional,2025-10-19,,66,19.0
S007453,C07453,Professional,2025-11-09,,22,19.0
S007454,C07454,Starter,2025-12-18,,6,9.0
S007455,C07455,Starter,2025-08-10,,7,9.0
S007456,C07456,Free,2025-04-01,,1,0.0
S007457,C07457,Free,2025-07-25,,3,0.0
S007458,C07458,Free,2025-09-17,,2,0.0
S007459,C07459,Starter,2025-02-06,,4,9.0
S007460,C07460,Enterprise,2025-10-04,,416,299.0
S007461,C07461,Professional,2025-07-18,,34,19.0
S007462,C07462,Free,2025-12-08,2026-06-30,2,0.0
S007463,C07463,Free,2025-03-19,,1,0.0
S007464,C07464,Professional,2025-11-28,,68,19.0
S007465,C07465,Starter,2025-06-13,2026-01-02,13,9.0
S007466,C07466,Professional,2025-07-29,,32,19.0
S007467,C07467,Enterprise,2025-08-29,,432,299.0
S007468,C07468,Starter,2025-07-31,,8,9.0
S007469,C07469,Free,2025-11-26,,2,0.0
S007470,C07470,Professional,2025-03-03,,36,19.0
S007471,C07471,Starter,2025-09-24,,3,9.0
S007472,C07472,Starter,2025-12-22,,11,9.0
S007473,C07473,Professional,2025-03-22,2026-06-03,63,19.0
S007474,C07474,Starter,2025-04-04,,10,9.0
S007475,C07475,Starter,2025-06-23,,13,9.0
S007476,C07476,Professional,2025-09-22,,38,19.0
S007477,C07477,Free,2025-12-17,,5,0.0
S007478,C07478,Free,2025-10-18,,5,0.0
S007479,C07479,Starter,2025-10-17,,12,9.0
S007480,C07480,Free,2025-06-11,2026-04-30,4,0.0
S007481,C07481,Professional,2025-08-24,,53,19.0
S007482,C07482,Enterprise,2025-03-19,2026-02-27,453,299.0
S007483,C07483,Enterprise,2025-06-19,,463,299.0
S007484,C07484,Free,2025-03-10,,5,0.0
S007485,C07485,Enterprise,2025-01-10,,127,299.0
S007486,C07486,Free,2025-11-09,,3,0.0
S007487,C07487,Starter,2025-10-21,,12,9.0
S007488,C07488,Free,2025-07-06,,4,0.0
S007489,C07489,Professional,2025-01-06,,50,19.0
S007490,C07490,Starter,2025-02-02,,11,9.0
S007491,C07491,Professional,2025-02-10,,47,19.0
S007492,C07492,Professional,2025-09-19,,52,19.0
S007493,C07493,Starter,2025-03-16,,13,9.0
S007494,C07494,Professional,2025-04-02,,62,19.0
S007495,C07495,Starter,2025-11-11,,10,9.0
S007496,C07496,Free,2025-11-16,,3,0.0
S007497,C07497,Starter,2025-10-06,,5,9.0
S007498,C07498,Professional,2025-04-23,,46,19.0
S007499,C07499,Free,2025-07-31,,2,0.0
S007500,C07500,Professional,2025-03-15,,10,19.0
S007501,C07501,Starter,2025-11-10,2026-04-20,6,9.0
S007502,C07502,Professional,2025-01-31,,78,19.0
S007503,C07503,Free,2025-09-29,,3,0.0
S007504,C07504,Starter,2025-07-06,,3,9.0
S007505,C07505,Starter,2025-10-04,,18,9.0
S007506,C07506,Starter,2025-06-14,,5,9.0
S007507,C07507,Starter,2025-02-27,,14,9.0
S007508,C07508,Starter,2025-10-02,,3,9.0
S007509,C07509,Starter,2025-08-19,,18,9.0
S007510,C07510,Free,2025-06-19,2026-01-18,4,0.0
S007511,C07511,Free,2025-05-17,,5,0.0
S007512,C07512,Professional,2025-05-06,,31,19.0
S007513,C07513,Free,2025-06-25,,5,0.0
S007514,C07514,Starter,2025-04-06,,19,9.0
S007515,C07515,Starter,2025-04-14,,11,9.0
S007516,C07516,Professional,2025-04-12,,52,19.0
S007517,C07517,Starter,2025-01-05,,9,9.0
S007518,C07518,Starter,2025-12-05,,17,9.0
S007519,C07519,Enterprise,2025-03-28,,357,299.0
S007520,C07520,Enterprise,2025-03-02,,158,299.0
S007521,C07521,Free,2025-02-25,,3,0.0
S007522,C07522,Professional,2025-12-27,,39,19.0
S007523,C07523,Professional,2025-06-24,,40,19.0
S007524,C07524,Enterprise,2025-04-30,,350,299.0
S007525,C07525,Starter,2025-05-28,,8,9.0
S007526,C07526,Professional,2025-02-02,,23,19.0
S007527,C07527,Starter,2025-04-25,,11,9.0
S007528,C07528,Professional,2025-04-01,2026-06-30,37,19.0
S007529,C07529,Starter,2025-10-21,,19,9.0
S007530,C07530,Professional,2025-01-22,2026-03-03,63,19.0
S007531,C07531,Enterprise,2025-06-05,,198,299.0
S007532,C07532,Free,2025-10-16,,4,0.0
S007533,C07533,Starter,2025-11-01,,13,9.0
S007534,C07534,Professional,2025-07-07,,74,19.0
S007535,C07535,Starter,2025-03-23,,16,9.0
S007536,C07536,Professional,2025-05-04,2026-04-04,49,19.0
S007537,C07537,Professional,2025-03-23,,27,19.0
S007538,C07538,Professional,2025-08-30,,24,19.0
S007539,C07539,Professional,2025-04-17,,36,19.0
S007540,C07540,Free,2025-08-19,,5,0.0
S007541,C07541,Free,2025-08-28,2026-06-30,5,0.0
S007542,C07542,Professional,2025-12-10,,78,19.0
S007543,C07543,Starter,2025-05-16,,20,9.0
S007544,C07544,Professional,2025-12-17,,44,19.0
S007545,C07545,Free,2025-05-27,,4,0.0
S007546,C07546,Professional,2025-09-06,,15,19.0
S007547,C07547,Free,2025-08-30,,1,0.0
S007548,C07548,Professional,2025-10-26,,27,19.0
S007549,C07549,Free,2025-06-21,,1,0.0
S007550,C07550,Free,2025-10-17,,4,0.0
S007551,C07551,Starter,2025-05-10,,18,9.0
S007552,C07552,Starter,2025-06-29,,3,9.0
S007553,C07553,Enterprise,2025-07-02,,374,299.0
S007554,C07554,Starter,2025-09-15,,8,9.0
S007555,C07555,Starter,2025-08-14,,11,9.0
S007556,C07556,Free,2025-01-29,,2,0.0
S007557,C07557,Starter,2025-10-23,2026-06-30,5,9.0
S007558,C07558,Free,2025-10-04,,4,0.0
S007559,C07559,Professional,2025-02-08,,31,19.0
S007560,C07560,Enterprise,2025-12-18,2026-03-25,275,299.0
S007561,C07561,Starter,2025-08-30,2026-06-30,13,9.0
S007562,C07562,Professional,2025-02-01,,47,19.0
S007563,C07563,Enterprise,2025-06-29,,174,299.0
S007564,C07564,Enterprise,2025-11-02,,369,299.0
S007565,C07565,Professional,2025-04-13,2025-10-24,21,19.0
S007566,C07566,Professional,2025-12-07,,65,19.0
S007567,C07567,Starter,2025-06-02,,14,9.0
S007568,C07568,Professional,2025-03-24,,34,19.0
S007569,C07569,Professional,2025-05-11,,35,19.0
S007570,C07570,Starter,2025-07-11,,6,9.0
S007571,C07571,Starter,2025-09-09,,10,9.0
S007572,C07572,Starter,2025-12-05,,6,9.0
S007573,C07573,Free,2025-03-13,,3,0.0
S007574,C07574,Starter,2025-12-17,2026-06-30,5,9.0
S007575,C07575,Professional,2025-07-12,,73,19.0
S007576,C07576,Professional,2025-02-16,,18,19.0
S007577,C07577,Professional,2025-12-05,,61,19.0
S007578,C07578,Professional,2025-05-08,,41,19.0
S007579,C07579,Free,2025-08-15,2026-06-01,2,0.0
S007580,C07580,Free,2025-09-12,,1,0.0
S007581,C07581,Free,2025-01-05,,4,0.0
S007582,C07582,Enterprise,2025-03-22,,413,299.0
S007583,C07583,Professional,2025-09-08,,55,19.0
S007584,C07584,Professional,2025-04-29,,10,19.0
S007585,C07585,Starter,2025-01-04,,17,9.0
S007586,C07586,Enterprise,2025-01-09,,482,299.0
S007587,C07587,Free,2025-10-29,,4,0.0
S007588,C07588,Free,2025-02-26,,1,0.0
S007589,C07589,Professional,2025-02-06,,45,19.0
S007590,C07590,Professional,2025-07-25,,33,19.0
S007591,C07591,Enterprise,2025-02-13,,361,299.0
S007592,C07592,Professional,2025-08-27,,63,19.0
S007593,C07593,Enterprise,2025-07-18,,455,299.0
S007594,C07594,Professional,2025-08-25,,71,19.0
S007595,C07595,Enterprise,2025-06-29,,487,299.0
S007596,C07596,Professional,2025-10-12,,16,19.0
S007597,C07597,Starter,2025-08-24,,5,9.0
S007598,C07598,Professional,2025-06-01,,66,19.0
S007599,C07599,Enterprise,2025-01-06,,387,299.0
S007600,C07600,Free,2025-04-10,,4,0.0
S007601,C07601,Professional,2025-02-17,,26,19.0
S007602,C07602,Starter,2025-01-06,,11,9.0
S007603,C07603,Professional,2025-04-10,,55,19.0
S007604,C07604,Professional,2025-03-17,,54,19.0
S007605,C07605,Starter,2025-01-29,,18,9.0
S007606,C07606,Professional,2025-04-25,,36,19.0
S007607,C07607,Starter,2025-07-04,,18,9.0
S007608,C07608,Free,2025-03-07,2026-06-25,2,0.0
S007609,C07609,Professional,2025-04-10,2025-11-29,63,19.0
S007610,C07610,Free,2025-01-08,,1,0.0
S007611,C07611,Professional,2025-01-19,,24,19.0
S007612,C07612,Enterprise,2025-02-27,,102,299.0
S007613,C07613,Free,2025-06-15,,2,0.0
S007614,C07614,Starter,2025-09-01,,12,9.0
S007615,C07615,Free,2025-10-15,,5,0.0
S007616,C07616,Professional,2025-08-18,,10,19.0
S007617,C07617,Free,2025-08-14,,3,0.0
S007618,C07618,Professional,2025-12-08,,18,19.0
S007619,C07619,Starter,2025-04-04,,6,9.0
S007620,C07620,Professional,2025-10-19,2026-05-12,16,19.0
S007621,C07621,Professional,2025-12-08,,51,19.0
S007622,C07622,Professional,2025-07-27,,54,19.0
S007623,C07623,Starter,2025-11-03,,7,9.0
S007624,C07624,Professional,2025-02-20,,57,19.0
S007625,C07625,Starter,2025-11-17,,10,9.0
S007626,C07626,Starter,2025-07-25,,16,9.0
S007627,C07627,Free,2025-03-22,,3,0.0
S007628,C07628,Starter,2025-01-23,,20,9.0
S007629,C07629,Starter,2025-09-20,,15,9.0
S007630,C07630,Professional,2025-06-07,2026-06-19,79,19.0
S007631,C07631,Professional,2025-04-24,,74,19.0
S007632,C07632,Enterprise,2025-05-23,2026-06-30,183,299.0
S007633,C07633,Starter,2025-12-28,,9,9.0
S007634,C07634,Professional,2025-06-06,2026-06-30,34,19.0
S007635,C07635,Professional,2025-01-29,,53,19.0
S007636,C07636,Starter,2025-04-13,,13,9.0
S007637,C07637,Professional,2025-02-23,,43,19.0
S007638,C07638,Starter,2025-09-08,2025-12-29,3,9.0
S007639,C07639,Starter,2025-10-20,2026-03-08,11,9.0
S007640,C07640,Free,2025-11-03,,1,0.0
S007641,C07641,Free,2025-08-20,,5,0.0
S007642,C07642,Starter,2025-10-08,,18,9.0
S007643,C07643,Enterprise,2025-06-02,,172,299.0
S007644,C07644,Free,2025-08-18,2026-05-28,3,0.0
S007645,C07645,Free,2025-02-09,2026-06-12,4,0.0
S007646,C07646,Professional,2025-07-16,,44,19.0
S007647,C07647,Enterprise,2025-07-23,,168,299.0
S007648,C07648,Free,2025-01-12,,4,0.0
S007649,C07649,Professional,2025-07-20,,74,19.0
S007650,C07650,Free,2025-09-21,2026-06-30,5,0.0
S007651,C07651,Free,2025-05-15,,2,0.0
S007652,C07652,Enterprise,2025-07-18,,446,299.0
S007653,C07653,Professional,2025-04-15,2025-10-09,72,19.0
S007654,C07654,Professional,2025-04-09,2026-06-30,73,19.0
S007655,C07655,Free,2025-02-17,,5,0.0
S007656,C07656,Professional,2025-04-30,2025-07-08,30,19.0
S007657,C07657,Free,2025-10-21,,3,0.0
S007658,C07658,Starter,2025-12-08,2026-06-30,14,9.0
S007659,C07659,Professional,2025-08-21,,67,19.0
S007660,C07660,Professional,2025-08-16,,17,19.0
S007661,C07661,Professional,2025-08-13,2026-01-01,14,19.0
S007662,C07662,Free,2025-06-23,2026-06-30,5,0.0
S007663,C07663,Professional,2025-06-04,,59,19.0
S007664,C07664,Enterprise,2025-08-15,,207,299.0
S007665,C07665,Enterprise,2025-10-14,,499,299.0
S007666,C07666,Free,2025-06-01,,2,0.0
S007667,C07667,Free,2025-07-26,,4,0.0
S007668,C07668,Starter,2025-06-21,,19,9.0
S007669,C07669,Starter,2025-04-15,,18,9.0
S007670,C07670,Professional,2025-04-16,,54,19.0
S007671,C07671,Starter,2025-01-29,,12,9.0
S007672,C07672,Starter,2025-06-10,,8,9.0
S007673,C07673,Starter,2025-09-18,,6,9.0
S007674,C07674,Enterprise,2025-09-08,,134,299.0
S007675,C07675,Free,2025-12-26,,1,0.0
S007676,C07676,Enterprise,2025-01-15,,295,299.0
S007677,C07677,Professional,2025-10-05,,34,19.0
S007678,C07678,Free,2025-10-18,,3,0.0
S007679,C07679,Professional,2025-06-09,,46,19.0
S007680,C07680,Starter,2025-04-14,,15,9.0
S007681,C07681,Starter,2025-05-11,,6,9.0
S007682,C07682,Starter,2025-09-07,,5,9.0
S007683,C07683,Enterprise,2025-11-11,,150,299.0
S007684,C07684,Starter,2025-08-23,,15,9.0
S007685,C07685,Starter,2025-07-07,2025-10-31,19,9.0
S007686,C07686,Starter,2025-08-27,2026-03-27,9,9.0
S007687,C07687,Starter,2025-01-26,,5,9.0
S007688,C07688,Free,2025-08-10,,5,0.0
S007689,C07689,Free,2025-01-16,,2,0.0
S007690,C07690,Free,2025-12-17,,4,0.0
S007691,C07691,Starter,2025-11-21,,18,9.0
S007692,C07692,Professional,2025-07-05,,75,19.0
S007693,C07693,Professional,2025-05-17,,25,19.0
S007694,C07694,Starter,2025-09-25,,3,9.0
S007695,C07695,Professional,2025-08-21,,39,19.0
S007696,C07696,Starter,2025-09-15,2025-12-28,19,9.0
S007697,C07697,Free,2025-07-08,2025-11-21,3,0.0
S007698,C07698,Enterprise,2025-03-28,2026-01-14,452,299.0
S007699,C07699,Professional,2025-01-27,,69,19.0
S007700,C07700,Professional,2025-04-14,,46,19.0
S007701,C07701,Free,2025-07-13,,5,0.0
S007702,C07702,Free,2025-06-04,,5,0.0
S007703,C07703,Professional,2025-07-04,,58,19.0
S007704,C07704,Professional,2025-04-12,,63,19.0
S007705,C07705,Professional,2025-12-09,,41,19.0
S007706,C07706,Free,2025-05-14,2025-08-09,5,0.0
S007707,C07707,Professional,2025-11-05,,35,19.0
S007708,C07708,Starter,2025-05-23,,16,9.0
S007709,C07709,Free,2025-06-11,,5,0.0
S007710,C07710,Professional,2025-08-09,,74,19.0
S007711,C07711,Professional,2025-04-07,,72,19.0
S007712,C07712,Professional,2025-03-22,,23,19.0
S007713,C07713,Free,2025-05-19,,5,0.0
S007714,C07714,Free,2025-10-21,,1,0.0
S007715,C07715,Starter,2025-02-22,,7,9.0
S007716,C07716,Starter,2025-06-09,,12,9.0
S007717,C07717,Professional,2025-09-03,,20,19.0
S007718,C07718,Professional,2025-09-15,,61,19.0
S007719,C07719,Professional,2025-06-08,,75,19.0
S007720,C07720,Professional,2025-01-30,2026-02-05,28,19.0
S007721,C07721,Free,2025-01-06,,2,0.0
S007722,C07722,Starter,2025-06-21,,10,9.0
S007723,C07723,Professional,2025-10-23,,16,19.0
S007724,C07724,Starter,2025-01-11,2025-12-10,6,9.0
S007725,C07725,Starter,2025-11-20,,20,9.0
S007726,C07726,Enterprise,2025-09-04,,471,299.0
S007727,C07727,Free,2025-01-03,,3,0.0
S007728,C07728,Enterprise,2025-05-06,,398,299.0
S007729,C07729,Professional,2025-03-22,,13,19.0
S007730,C07730,Professional,2025-12-13,,12,19.0
S007731,C07731,Free,2025-07-22,,5,0.0
S007732,C07732,Professional,2025-04-29,,11,19.0
S007733,C07733,Free,2025-04-12,,4,0.0
S007734,C07734,Enterprise,2025-07-25,,498,299.0
S007735,C07735,Starter,2025-01-02,,17,9.0
S007736,C07736,Starter,2025-04-04,,10,9.0
S007737,C07737,Professional,2025-03-02,2025-07-29,48,19.0
S007738,C07738,Free,2025-08-15,,4,0.0
S007739,C07739,Professional,2025-09-02,2025-12-13,41,19.0
S007740,C07740,Professional,2025-06-20,,77,19.0
S007741,C07741,Starter,2025-02-21,,3,9.0
S007742,C07742,Free,2025-05-16,,5,0.0
S007743,C07743,Starter,2025-11-04,,18,9.0
S007744,C07744,Starter,2025-03-16,,4,9.0
S007745,C07745,Starter,2025-03-01,,13,9.0
S007746,C07746,Starter,2025-02-10,,14,9.0
S007747,C07747,Starter,2025-10-26,,20,9.0
S007748,C07748,Starter,2025-02-13,,20,9.0
S007749,C07749,Starter,2025-08-01,,11,9.0
S007750,C07750,Starter,2025-12-31,2026-06-30,6,9.0
S007751,C07751,Starter,2025-08-23,,17,9.0
S007752,C07752,Starter,2025-05-31,,14,9.0
S007753,C07753,Free,2025-03-17,,3,0.0
S007754,C07754,Professional,2025-01-01,,64,19.0
S007755,C07755,Free,2025-02-26,,1,0.0
S007756,C07756,Starter,2025-12-14,2026-06-30,4,9.0
S007757,C07757,Professional,2025-02-22,,44,19.0
S007758,C07758,Enterprise,2025-01-08,,255,299.0
S007759,C07759,Enterprise,2025-10-25,,162,299.0
S007760,C07760,Professional,2025-06-02,,24,19.0
S007761,C07761,Starter,2025-05-11,,11,9.0
S007762,C07762,Professional,2025-09-19,2026-02-22,14,19.0
S007763,C07763,Professional,2025-07-10,,60,19.0
S007764,C07764,Enterprise,2025-11-30,,139,299.0
S007765,C07765,Professional,2025-06-20,,57,19.0
S007766,C07766,Starter,2025-09-18,2026-01-19,9,9.0
S007767,C07767,Free,2025-11-17,,1,0.0
S007768,C07768,Free,2025-06-19,,3,0.0
S007769,C07769,Professional,2025-04-14,,54,19.0
S007770,C07770,Enterprise,2025-12-22,,482,299.0
S007771,C07771,Starter,2025-03-24,,10,9.0
S007772,C07772,Free,2025-01-15,,5,0.0
S007773,C07773,Starter,2025-07-31,,11,9.0
S007774,C07774,Free,2025-12-27,2026-06-30,5,0.0
S007775,C07775,Enterprise,2025-02-01,,212,299.0
S007776,C07776,Free,2025-11-07,,4,0.0
S007777,C07777,Free,2025-10-31,,2,0.0
S007778,C07778,Starter,2025-12-06,,3,9.0
S007779,C07779,Professional,2025-06-03,,19,19.0
S007780,C07780,Professional,2025-04-03,,38,19.0
S007781,C07781,Starter,2025-07-06,,5,9.0
S007782,C07782,Professional,2025-02-21,,65,19.0
S007783,C07783,Professional,2025-11-04,,16,19.0
S007784,C07784,Free,2025-08-31,,5,0.0
S007785,C07785,Free,2025-06-26,,2,0.0
S007786,C07786,Starter,2025-07-08,,11,9.0
S007787,C07787,Starter,2025-09-17,,16,9.0
S007788,C07788,Starter,2025-07-10,,15,9.0
S007789,C07789,Free,2025-11-03,,5,0.0
S007790,C07790,Free,2025-12-04,2026-03-11,5,0.0
S007791,C07791,Free,2025-12-13,,2,0.0
S007792,C07792,Professional,2025-08-15,,54,19.0
S007793,C07793,Professional,2025-09-29,,57,19.0
S007794,C07794,Free,2025-04-24,,4,0.0
S007795,C07795,Starter,2025-01-14,,8,9.0
S007796,C07796,Enterprise,2025-05-27,,487,299.0
S007797,C07797,Free,2025-11-15,,2,0.0
S007798,C07798,Free,2025-02-18,,4,0.0
S007799,C07799,Starter,2025-07-19,,18,9.0
S007800,C07800,Starter,2025-03-12,,5,9.0
S007801,C07801,Free,2025-06-06,,3,0.0
S007802,C07802,Enterprise,2025-02-22,,492,299.0
S007803,C07803,Professional,2025-09-26,,20,19.0
S007804,C07804,Professional,2025-10-23,,67,19.0
S007805,C07805,Enterprise,2025-10-04,,436,299.0
S007806,C07806,Free,2025-09-15,,2,0.0
S007807,C07807,Professional,2025-03-27,,60,19.0
S007808,C07808,Enterprise,2025-07-13,,495,299.0
S007809,C07809,Professional,2025-02-08,2026-05-19,37,19.0
S007810,C07810,Enterprise,2025-05-17,,131,299.0
S007811,C07811,Professional,2025-07-04,,28,19.0
S007812,C07812,Starter,2025-09-02,,19,9.0
S007813,C07813,Starter,2025-02-05,,19,9.0
S007814,C07814,Professional,2025-10-24,,69,19.0
S007815,C07815,Professional,2025-06-17,,51,19.0
S007816,C07816,Starter,2025-11-18,,7,9.0
S007817,C07817,Free,2025-07-12,,4,0.0
S007818,C07818,Free,2025-07-19,,5,0.0
S007819,C07819,Free,2025-09-10,,5,0.0
S007820,C07820,Starter,2025-10-27,,4,9.0
S007821,C07821,Free,2025-02-27,2025-06-14,4,0.0
S007822,C07822,Free,2025-07-06,,5,0.0
S007823,C07823,Enterprise,2025-01-11,,150,299.0
S007824,C07824,Starter,2025-06-23,,13,9.0
S007825,C07825,Enterprise,2025-10-24,,349,299.0
S007826,C07826,Free,2025-11-12,,3,0.0
S007827,C07827,Starter,2025-04-14,2026-05-13,16,9.0
S007828,C07828,Professional,2025-05-22,,80,19.0
S007829,C07829,Enterprise,2025-07-21,,360,299.0
S007830,C07830,Professional,2025-05-25,,11,19.0
S007831,C07831,Enterprise,2025-03-06,,307,299.0
S007832,C07832,Free,2025-04-22,,3,0.0
S007833,C07833,Starter,2025-05-28,,7,9.0
S007834,C07834,Professional,2025-07-09,,62,19.0
S007835,C07835,Starter,2025-12-03,,13,9.0
S007836,C07836,Free,2025-07-18,,1,0.0
S007837,C07837,Free,2025-05-22,,4,0.0
S007838,C07838,Professional,2025-08-30,,11,19.0
S007839,C07839,Free,2025-10-10,2026-01-24,5,0.0
S007840,C07840,Starter,2025-06-07,,14,9.0
S007841,C07841,Free,2025-06-28,,5,0.0
S007842,C07842,Starter,2025-03-21,2025-11-14,9,9.0
S007843,C07843,Starter,2025-11-12,,7,9.0
S007844,C07844,Free,2025-11-13,2026-06-27,3,0.0
S007845,C07845,Professional,2025-03-05,,67,19.0
S007846,C07846,Free,2025-05-07,,4,0.0
S007847,C07847,Professional,2025-04-10,,41,19.0
S007848,C07848,Starter,2025-12-03,,9,9.0
S007849,C07849,Starter,2025-01-24,,17,9.0
S007850,C07850,Professional,2025-03-17,,25,19.0
S007851,C07851,Starter,2025-04-25,,3,9.0
S007852,C07852,Free,2025-07-24,,2,0.0
S007853,C07853,Starter,2025-04-01,,6,9.0
S007854,C07854,Starter,2025-07-15,,6,9.0
S007855,C07855,Free,2025-09-30,,2,0.0
S007856,C07856,Professional,2025-10-30,,60,19.0
S007857,C07857,Starter,2025-02-06,,7,9.0
S007858,C07858,Starter,2025-02-20,,5,9.0
S007859,C07859,Free,2025-02-04,2026-05-27,2,0.0
S007860,C07860,Free,2025-11-29,,5,0.0
S007861,C07861,Starter,2025-08-27,2026-02-10,19,9.0
S007862,C07862,Starter,2025-07-13,,3,9.0
S007863,C07863,Free,2025-10-16,,1,0.0
S007864,C07864,Professional,2025-08-02,,31,19.0
S007865,C07865,Free,2025-03-27,,1,0.0
S007866,C07866,Enterprise,2025-07-06,,421,299.0
S007867,C07867,Professional,2025-09-14,,20,19.0
S007868,C07868,Professional,2025-01-14,,16,19.0
S007869,C07869,Starter,2025-08-10,,7,9.0
S007870,C07870,Starter,2025-07-01,,13,9.0
S007871,C07871,Starter,2025-01-26,,5,9.0
S007872,C07872,Starter,2025-04-07,,8,9.0
S007873,C07873,Professional,2025-06-13,,45,19.0
S007874,C07874,Enterprise,2025-05-06,,487,299.0
S007875,C07875,Starter,2025-04-16,,18,9.0
S007876,C07876,Free,2025-08-25,,2,0.0
S007877,C07877,Professional,2025-05-28,2026-03-23,30,19.0
S007878,C07878,Free,2025-07-01,,1,0.0
S007879,C07879,Professional,2025-10-19,,30,19.0
S007880,C07880,Professional,2025-02-04,,53,19.0
S007881,C07881,Professional,2025-05-12,,46,19.0
S007882,C07882,Free,2025-01-27,,2,0.0
S007883,C07883,Starter,2025-12-05,,3,9.0
S007884,C07884,Professional,2025-03-09,,74,19.0
S007885,C07885,Starter,2025-10-27,,10,9.0
S007886,C07886,Professional,2025-03-11,,74,19.0
S007887,C07887,Starter,2025-04-29,,16,9.0
S007888,C07888,Starter,2025-08-11,,17,9.0
S007889,C07889,Free,2025-10-31,,3,0.0
S007890,C07890,Professional,2025-03-06,,19,19.0
S007891,C07891,Starter,2025-03-19,2025-07-19,7,9.0
S007892,C07892,Starter,2025-11-18,,14,9.0
S007893,C07893,Starter,2025-04-28,,13,9.0
S007894,C07894,Professional,2025-03-18,2025-10-15,16,19.0
S007895,C07895,Professional,2025-09-29,,71,19.0
S007896,C07896,Free,2025-02-03,,1,0.0
S007897,C07897,Starter,2025-11-13,,11,9.0
S007898,C07898,Professional,2025-11-16,,24,19.0
S007899,C07899,Professional,2025-11-09,,22,19.0
S007900,C07900,Starter,2025-04-18,,11,9.0
S007901,C07901,Starter,2025-02-11,,8,9.0
S007902,C07902,Professional,2025-06-05,,42,19.0
S007903,C07903,Professional,2025-05-03,,77,19.0
S007904,C07904,Starter,2025-12-17,,16,9.0
S007905,C07905,Free,2025-08-19,,2,0.0
S007906,C07906,Professional,2025-12-11,,47,19.0
S007907,C07907,Starter,2025-10-02,2026-05-21,9,9.0
S007908,C07908,Professional,2025-09-18,,28,19.0
S007909,C07909,Professional,2025-02-10,,42,19.0
S007910,C07910,Starter,2025-01-26,,5,9.0
S007911,C07911,Starter,2025-01-17,,7,9.0
S007912,C07912,Starter,2025-08-05,,13,9.0
S007913,C07913,Professional,2025-03-15,,62,19.0
S007914,C07914,Professional,2025-12-28,,57,19.0
S007915,C07915,Enterprise,2025-02-18,,495,299.0
S007916,C07916,Professional,2025-12-12,,25,19.0
S007917,C07917,Professional,2025-09-01,,18,19.0
S007918,C07918,Professional,2025-02-08,,54,19.0
S007919,C07919,Starter,2025-01-22,2026-02-03,13,9.0
S007920,C07920,Professional,2025-05-25,,71,19.0
S007921,C07921,Starter,2025-05-04,2025-11-22,5,9.0
S007922,C07922,Professional,2025-04-26,2026-01-09,27,19.0
S007923,C07923,Free,2025-07-12,,3,0.0
S007924,C07924,Starter,2025-02-17,,17,9.0
S007925,C07925,Starter,2025-02-17,,6,9.0
S007926,C07926,Starter,2025-09-11,,20,9.0
S007927,C07927,Professional,2025-12-28,,17,19.0
S007928,C07928,Professional,2025-04-10,,76,19.0
S007929,C07929,Professional,2025-12-07,,57,19.0
S007930,C07930,Starter,2025-05-06,,5,9.0
S007931,C07931,Professional,2025-05-03,,80,19.0
S007932,C07932,Professional,2025-02-02,2026-06-08,13,19.0
S007933,C07933,Starter,2025-06-04,,10,9.0
S007934,C07934,Enterprise,2025-07-01,,391,299.0
S007935,C07935,Free,2025-08-31,,2,0.0
S007936,C07936,Professional,2025-02-27,,37,19.0
S007937,C07937,Starter,2025-03-10,,8,9.0
S007938,C07938,Professional,2025-06-07,,22,19.0
S007939,C07939,Professional,2025-01-26,,51,19.0
S007940,C07940,Starter,2025-02-22,,11,9.0
S007941,C07941,Free,2025-08-18,,5,0.0
S007942,C07942,Free,2025-12-15,,3,0.0
S007943,C07943,Free,2025-07-29,2026-05-26,3,0.0
S007944,C07944,Professional,2025-02-22,,21,19.0
S007945,C07945,Professional,2025-12-28,,27,19.0
S007946,C07946,Starter,2025-07-10,,3,9.0
S007947,C07947,Starter,2025-09-19,,20,9.0
S007948,C07948,Starter,2025-03-13,,17,9.0
S007949,C07949,Professional,2025-07-31,,29,19.0
S007950,C07950,Starter,2025-01-28,2026-04-27,11,9.0
S007951,C07951,Professional,2025-08-17,,49,19.0
S007952,C07952,Professional,2025-03-15,,27,19.0
S007953,C07953,Starter,2025-11-28,2026-04-04,5,9.0
S007954,C07954,Starter,2025-01-20,,20,9.0
S007955,C07955,Professional,2025-08-27,,35,19.0
S007956,C07956,Enterprise,2025-02-20,,404,299.0
S007957,C07957,Free,2025-09-08,,4,0.0
S007958,C07958,Starter,2025-06-30,,10,9.0
S007959,C07959,Professional,2025-12-20,,53,19.0
S007960,C07960,Starter,2025-08-26,,7,9.0
S007961,C07961,Starter,2025-05-16,,7,9.0
S007962,C07962,Starter,2025-02-01,,16,9.0
S007963,C07963,Free,2025-08-06,,4,0.0
S007964,C07964,Professional,2025-06-10,,61,19.0
S007965,C07965,Professional,2025-01-20,,59,19.0
S007966,C07966,Enterprise,2025-08-01,,454,299.0
S007967,C07967,Starter,2025-03-18,,8,9.0
S007968,C07968,Starter,2025-03-27,,3,9.0
S007969,C07969,Starter,2025-01-04,2025-12-22,7,9.0
S007970,C07970,Starter,2025-05-16,,14,9.0
S007971,C07971,Professional,2025-03-21,,52,19.0
S007972,C07972,Free,2025-01-27,,2,0.0
S007973,C07973,Starter,2025-06-08,,17,9.0
S007974,C07974,Free,2025-03-22,,5,0.0
S007975,C07975,Starter,2025-02-18,2026-01-13,5,9.0
S007976,C07976,Professional,2025-06-20,2025-10-21,11,19.0
S007977,C07977,Enterprise,2025-01-24,,378,299.0
S007978,C07978,Professional,2025-12-28,,44,19.0
S007979,C07979,Starter,2025-06-21,2026-04-04,15,9.0
S007980,C07980,Starter,2025-12-30,2026-06-30,15,9.0
S007981,C07981,Professional,2025-11-18,,12,19.0
S007982,C07982,Professional,2025-12-24,,63,19.0
S007983,C07983,Professional,2025-07-18,2026-01-28,22,19.0
S007984,C07984,Free,2025-06-04,,4,0.0
S007985,C07985,Professional,2025-09-20,,79,19.0
S007986,C07986,Free,2025-01-30,,3,0.0
S007987,C07987,Starter,2025-11-03,,9,9.0
S007988,C07988,Enterprise,2025-04-29,,464,299.0
S007989,C07989,Professional,2025-01-03,,39,19.0
S007990,C07990,Starter,2025-03-28,,13,9.0
S007991,C07991,Professional,2025-03-30,,24,19.0
S007992,C07992,Starter,2025-01-06,,12,9.0
S007993,C07993,Free,2025-09-02,,1,0.0
S007994,C07994,Professional,2025-02-04,2025-10-02,70,19.0
S007995,C07995,Professional,2025-11-06,,53,19.0
S007996,C07996,Starter,2025-06-15,,10,9.0
S007997,C07997,Professional,2025-09-20,,63,19.0
S007998,C07998,Free,2025-05-04,,4,0.0
S007999,C07999,Starter,2025-02-18,,10,9.0
S008000,C08000,Enterprise,2025-03-07,,231,299.0
S008001,C08001,Professional,2025-08-24,,14,19.0
S008002,C08002,Professional,2025-09-19,,25,19.0
S008003,C08003,Starter,2025-04-08,,10,9.0
S008004,C08004,Professional,2025-05-11,,42,19.0
S008005,C08005,Enterprise,2025-12-11,2026-06-30,498,299.0
S008006,C08006,Free,2025-11-07,,2,0.0
S008007,C08007,Free,2025-05-31,,3,0.0
S008008,C08008,Starter,2025-03-29,,3,9.0
S008009,C08009,Starter,2025-04-20,,4,9.0
S008010,C08010,Starter,2025-07-16,,11,9.0
S008011,C08011,Professional,2025-07-26,,34,19.0
S008012,C08012,Starter,2025-03-09,,14,9.0
S008013,C08013,Enterprise,2025-01-25,,438,299.0
S008014,C08014,Starter,2025-06-30,,3,9.0
S008015,C08015,Professional,2025-10-19,,21,19.0
S008016,C08016,Enterprise,2025-02-25,,327,299.0
S008017,C08017,Starter,2025-05-30,,4,9.0
S008018,C08018,Free,2025-02-28,2026-04-13,2,0.0
S008019,C08019,Professional,2025-03-30,,60,19.0
S008020,C08020,Starter,2025-08-12,,3,9.0
S008021,C08021,Professional,2025-04-15,,53,19.0
S008022,C08022,Free,2025-04-07,2025-10-25,1,0.0
S008023,C08023,Starter,2025-12-30,,16,9.0
S008024,C08024,Professional,2025-03-04,2025-08-20,60,19.0
S008025,C08025,Professional,2025-03-11,,13,19.0
S008026,C08026,Enterprise,2025-12-06,2026-06-30,316,299.0
S008027,C08027,Professional,2025-07-20,,43,19.0
S008028,C08028,Starter,2025-01-16,,20,9.0
S008029,C08029,Professional,2025-06-05,,12,19.0
S008030,C08030,Free,2025-07-26,,4,0.0
S008031,C08031,Free,2025-04-03,,3,0.0
S008032,C08032,Starter,2025-07-20,2026-06-13,20,9.0
S008033,C08033,Free,2025-08-25,,4,0.0
S008034,C08034,Free,2025-04-02,,2,0.0
S008035,C08035,Free,2025-10-24,,1,0.0
S008036,C08036,Free,2025-06-15,,3,0.0
S008037,C08037,Professional,2025-12-18,,70,19.0
S008038,C08038,Starter,2025-02-02,,13,9.0
S008039,C08039,Enterprise,2025-04-29,,332,299.0
S008040,C08040,Professional,2025-09-21,,47,19.0
S008041,C08041,Professional,2025-11-23,,36,19.0
S008042,C08042,Starter,2025-03-22,,19,9.0
S008043,C08043,Starter,2025-12-24,,6,9.0
S008044,C08044,Starter,2025-03-12,,12,9.0
S008045,C08045,Starter,2025-06-01,,18,9.0
S008046,C08046,Free,2025-04-25,,2,0.0
S008047,C08047,Starter,2025-06-04,,10,9.0
S008048,C08048,Professional,2025-11-26,,59,19.0
S008049,C08049,Professional,2025-09-25,2026-06-12,19,19.0
S008050,C08050,Starter,2025-10-18,,7,9.0
S008051,C08051,Starter,2025-04-03,,16,9.0
S008052,C08052,Professional,2025-12-12,,15,19.0
S008053,C08053,Professional,2025-06-08,,36,19.0
S008054,C08054,Professional,2025-08-26,2026-03-31,51,19.0
S008055,C08055,Professional,2025-09-12,,70,19.0
S008056,C08056,Professional,2025-08-30,,19,19.0
S008057,C08057,Starter,2025-08-08,,12,9.0
S008058,C08058,Starter,2025-06-25,,15,9.0
S008059,C08059,Free,2025-08-25,2026-05-30,2,0.0
S008060,C08060,Starter,2025-11-27,2026-04-19,10,9.0
S008061,C08061,Professional,2025-05-23,2026-01-04,42,19.0
S008062,C08062,Professional,2025-07-06,,71,19.0
S008063,C08063,Professional,2025-03-07,,53,19.0
S008064,C08064,Starter,2025-05-10,,10,9.0
S008065,C08065,Professional,2025-10-09,,10,19.0
S008066,C08066,Free,2025-08-22,,2,0.0
S008067,C08067,Starter,2025-03-19,,17,9.0
S008068,C08068,Professional,2025-07-19,,40,19.0
S008069,C08069,Free,2025-10-24,,2,0.0
S008070,C08070,Starter,2025-02-15,,15,9.0
S008071,C08071,Free,2025-01-23,,5,0.0
S008072,C08072,Free,2025-05-24,,1,0.0
S008073,C08073,Starter,2025-08-28,,19,9.0
S008074,C08074,Professional,2025-04-25,,34,19.0
S008075,C08075,Starter,2025-10-27,,13,9.0
S008076,C08076,Free,2025-11-06,,2,0.0
S008077,C08077,Starter,2025-07-14,,3,9.0
S008078,C08078,Starter,2025-05-19,,9,9.0
S008079,C08079,Professional,2025-01-16,,72,19.0
S008080,C08080,Professional,2025-10-27,,74,19.0
S008081,C08081,Professional,2025-11-23,,36,19.0
S008082,C08082,Professional,2025-06-11,,54,19.0
S008083,C08083,Professional,2025-07-08,,64,19.0
S008084,C08084,Starter,2025-10-03,,12,9.0
S008085,C08085,Professional,2025-09-11,,67,19.0
S008086,C08086,Starter,2025-02-19,2025-04-24,5,9.0
S008087,C08087,Starter,2025-09-03,,19,9.0
S008088,C08088,Professional,2025-12-04,,50,19.0
S008089,C08089,Professional,2025-10-02,,21,19.0
S008090,C08090,Starter,2025-06-25,,17,9.0
S008091,C08091,Enterprise,2025-07-10,,472,299.0
S008092,C08092,Professional,2025-04-05,,35,19.0
S008093,C08093,Starter,2025-08-30,,11,9.0
S008094,C08094,Starter,2025-03-30,,19,9.0
S008095,C08095,Professional,2025-05-05,,48,19.0
S008096,C08096,Enterprise,2025-04-07,2026-01-13,240,299.0
S008097,C08097,Professional,2025-05-03,,55,19.0
S008098,C08098,Starter,2025-05-14,2025-09-08,5,9.0
S008099,C08099,Starter,2025-01-31,,9,9.0
S008100,C08100,Starter,2025-09-19,,17,9.0
S008101,C08101,Professional,2025-06-10,,16,19.0
S008102,C08102,Enterprise,2025-12-13,2026-06-30,326,299.0
S008103,C08103,Professional,2025-03-08,,58,19.0
S008104,C08104,Starter,2025-09-02,,12,9.0
S008105,C08105,Starter,2025-03-07,,10,9.0
S008106,C08106,Starter,2025-07-19,,19,9.0
S008107,C08107,Starter,2025-06-29,,17,9.0
S008108,C08108,Enterprise,2025-06-13,,430,299.0
S008109,C08109,Starter,2025-08-27,,4,9.0
S008110,C08110,Professional,2025-10-30,,80,19.0
S008111,C08111,Starter,2025-04-26,,12,9.0
S008112,C08112,Professional,2025-11-07,,59,19.0
S008113,C08113,Enterprise,2025-03-09,,251,299.0
S008114,C08114,Professional,2025-04-17,,51,19.0
S008115,C08115,Professional,2025-04-24,,60,19.0
S008116,C08116,Free,2025-12-14,,3,0.0
S008117,C08117,Free,2025-02-13,,3,0.0
S008118,C08118,Professional,2025-05-25,,35,19.0
S008119,C08119,Starter,2025-06-04,,20,9.0
S008120,C08120,Professional,2025-10-20,,22,19.0
S008121,C08121,Starter,2025-06-27,,9,9.0
S008122,C08122,Free,2025-12-19,,5,0.0
S008123,C08123,Professional,2025-09-28,,43,19.0
S008124,C08124,Professional,2025-09-14,,10,19.0
S008125,C08125,Enterprise,2025-10-02,,140,299.0
S008126,C08126,Starter,2025-02-28,,18,9.0
S008127,C08127,Starter,2025-06-13,,20,9.0
S008128,C08128,Starter,2025-08-02,2026-06-30,7,9.0
S008129,C08129,Enterprise,2025-03-18,,184,299.0
S008130,C08130,Professional,2025-02-13,2026-02-04,26,19.0
S008131,C08131,Enterprise,2025-02-19,,466,299.0
S008132,C08132,Professional,2025-10-16,,10,19.0
S008133,C08133,Starter,2025-08-28,2026-01-30,4,9.0
S008134,C08134,Starter,2025-04-13,,9,9.0
S008135,C08135,Starter,2025-09-27,,20,9.0
S008136,C08136,Starter,2025-09-11,,4,9.0
S008137,C08137,Enterprise,2025-10-26,,233,299.0
S008138,C08138,Free,2025-11-29,,1,0.0
S008139,C08139,Professional,2025-11-19,,33,19.0
S008140,C08140,Starter,2025-03-08,,15,9.0
S008141,C08141,Professional,2025-10-08,,24,19.0
S008142,C08142,Starter,2025-05-24,,10,9.0
S008143,C08143,Starter,2025-05-28,,5,9.0
S008144,C08144,Professional,2025-08-25,,10,19.0
S008145,C08145,Starter,2025-08-08,,11,9.0
S008146,C08146,Enterprise,2025-06-03,,227,299.0
S008147,C08147,Professional,2025-12-31,,62,19.0
S008148,C08148,Free,2025-03-05,,1,0.0
S008149,C08149,Starter,2025-02-05,,3,9.0
S008150,C08150,Starter,2025-01-11,,19,9.0
S008151,C08151,Starter,2025-10-25,,10,9.0
S008152,C08152,Starter,2025-05-29,,18,9.0
S008153,C08153,Free,2025-06-09,2025-09-25,1,0.0
S008154,C08154,Professional,2025-08-25,,35,19.0
S008155,C08155,Enterprise,2025-06-08,,379,299.0
S008156,C08156,Free,2025-07-29,,2,0.0
S008157,C08157,Professional,2025-01-22,,25,19.0
S008158,C08158,Starter,2025-02-27,,4,9.0
S008159,C08159,Starter,2025-12-07,,9,9.0
S008160,C08160,Free,2025-06-14,,4,0.0
S008161,C08161,Starter,2025-03-03,,8,9.0
S008162,C08162,Starter,2025-05-15,2026-03-07,5,9.0
S008163,C08163,Professional,2025-05-03,,54,19.0
S008164,C08164,Starter,2025-04-11,,15,9.0
S008165,C08165,Professional,2025-04-18,,38,19.0
S008166,C08166,Free,2025-09-24,,2,0.0
S008167,C08167,Professional,2025-02-08,,61,19.0
S008168,C08168,Free,2025-04-24,,4,0.0
S008169,C08169,Free,2025-06-20,2025-12-30,3,0.0
S008170,C08170,Starter,2025-07-17,,10,9.0
S008171,C08171,Free,2025-11-18,,3,0.0
S008172,C08172,Professional,2025-12-03,,19,19.0
S008173,C08173,Starter,2025-04-19,,3,9.0
S008174,C08174,Professional,2025-07-16,,29,19.0
S008175,C08175,Free,2025-01-09,2026-05-17,3,0.0
S008176,C08176,Starter,2025-08-14,,15,9.0
S008177,C08177,Starter,2025-02-25,2025-09-23,7,9.0
S008178,C08178,Free,2025-01-27,,4,0.0
S008179,C08179,Free,2025-09-03,,2,0.0
S008180,C08180,Free,2025-03-07,,3,0.0
S008181,C08181,Enterprise,2025-06-24,,144,299.0
S008182,C08182,Starter,2025-02-06,,8,9.0
S008183,C08183,Free,2025-09-30,,1,0.0
S008184,C08184,Starter,2025-10-07,,14,9.0
S008185,C08185,Professional,2025-07-29,,60,19.0
S008186,C08186,Free,2025-11-02,,1,0.0
S008187,C08187,Starter,2025-06-09,,10,9.0
S008188,C08188,Enterprise,2025-03-10,,342,299.0
S008189,C08189,Professional,2025-02-25,,62,19.0
S008190,C08190,Professional,2025-03-22,,65,19.0
S008191,C08191,Free,2025-03-15,,4,0.0
S008192,C08192,Starter,2025-04-28,,5,9.0
S008193,C08193,Professional,2025-03-20,,54,19.0
S008194,C08194,Professional,2025-08-04,,67,19.0
S008195,C08195,Starter,2025-02-24,,13,9.0
S008196,C08196,Free,2025-08-15,,5,0.0
S008197,C08197,Free,2025-05-02,,5,0.0
S008198,C08198,Professional,2025-09-08,,78,19.0
S008199,C08199,Professional,2025-07-07,,77,19.0
S008200,C08200,Starter,2025-11-27,,3,9.0
S008201,C08201,Professional,2025-06-10,2025-09-24,38,19.0
S008202,C08202,Professional,2025-04-18,,73,19.0
S008203,C08203,Professional,2025-08-04,,15,19.0
S008204,C08204,Starter,2025-08-29,2026-04-15,4,9.0
S008205,C08205,Enterprise,2025-06-10,,212,299.0
S008206,C08206,Free,2025-07-24,2025-12-13,2,0.0
S008207,C08207,Professional,2025-06-21,,54,19.0
S008208,C08208,Starter,2025-04-22,,12,9.0
S008209,C08209,Professional,2025-04-25,,62,19.0
S008210,C08210,Professional,2025-11-28,,25,19.0
S008211,C08211,Free,2025-09-04,,3,0.0
S008212,C08212,Starter,2025-02-04,,9,9.0
S008213,C08213,Starter,2025-12-18,,19,9.0
S008214,C08214,Starter,2025-09-17,,19,9.0
S008215,C08215,Free,2025-01-19,,5,0.0
S008216,C08216,Starter,2025-09-23,,6,9.0
S008217,C08217,Enterprise,2025-08-04,,137,299.0
S008218,C08218,Free,2025-12-01,,3,0.0
S008219,C08219,Starter,2025-06-28,,15,9.0
S008220,C08220,Starter,2025-07-09,,17,9.0
S008221,C08221,Professional,2025-04-25,,66,19.0
S008222,C08222,Professional,2025-04-28,,27,19.0
S008223,C08223,Professional,2025-08-14,,34,19.0
S008224,C08224,Professional,2025-10-30,,76,19.0
S008225,C08225,Starter,2025-11-22,,15,9.0
S008226,C08226,Enterprise,2025-10-09,,493,299.0
S008227,C08227,Professional,2025-08-11,,25,19.0
S008228,C08228,Professional,2025-07-02,,28,19.0
S008229,C08229,Professional,2025-05-04,,56,19.0
S008230,C08230,Starter,2025-10-08,,11,9.0
S008231,C08231,Professional,2025-04-27,,79,19.0
S008232,C08232,Professional,2025-04-08,,10,19.0
S008233,C08233,Professional,2025-11-13,,54,19.0
S008234,C08234,Enterprise,2025-08-04,,485,299.0
S008235,C08235,Starter,2025-05-10,,12,9.0
S008236,C08236,Professional,2025-11-12,,19,19.0
S008237,C08237,Starter,2025-12-18,,4,9.0
S008238,C08238,Professional,2025-04-27,,40,19.0
S008239,C08239,Professional,2025-07-10,,64,19.0
S008240,C08240,Enterprise,2025-06-26,,369,299.0
S008241,C08241,Professional,2025-09-14,,17,19.0
S008242,C08242,Professional,2025-12-14,,56,19.0
S008243,C08243,Free,2025-07-20,,5,0.0
S008244,C08244,Professional,2025-10-19,,56,19.0
S008245,C08245,Starter,2025-08-06,2026-06-30,7,9.0
S008246,C08246,Starter,2025-11-20,,3,9.0
S008247,C08247,Starter,2025-05-28,,13,9.0
S008248,C08248,Starter,2025-05-21,,16,9.0
S008249,C08249,Professional,2025-06-04,,71,19.0
S008250,C08250,Professional,2025-12-30,,62,19.0
S008251,C08251,Starter,2025-08-12,,11,9.0
S008252,C08252,Professional,2025-02-25,,48,19.0
S008253,C08253,Free,2025-01-15,,1,0.0
S008254,C08254,Starter,2025-07-09,,16,9.0
S008255,C08255,Starter,2025-10-22,,14,9.0
S008256,C08256,Free,2025-06-24,,1,0.0
S008257,C08257,Professional,2025-07-24,,31,19.0
S008258,C08258,Professional,2025-10-19,,21,19.0
S008259,C08259,Professional,2025-07-08,,79,19.0
S008260,C08260,Professional,2025-11-28,2026-06-27,15,19.0
S008261,C08261,Starter,2025-08-21,2026-01-08,12,9.0
S008262,C08262,Professional,2025-09-24,,32,19.0
S008263,C08263,Professional,2025-10-13,,75,19.0
S008264,C08264,Starter,2025-08-17,,6,9.0
S008265,C08265,Starter,2025-01-19,,20,9.0
S008266,C08266,Starter,2025-06-06,,6,9.0
S008267,C08267,Free,2025-02-21,,1,0.0
S008268,C08268,Free,2025-07-06,,3,0.0
S008269,C08269,Professional,2025-02-22,,45,19.0
S008270,C08270,Starter,2025-07-05,,14,9.0
S008271,C08271,Professional,2025-05-06,,47,19.0
S008272,C08272,Starter,2025-01-08,,12,9.0
S008273,C08273,Starter,2025-02-15,,8,9.0
S008274,C08274,Professional,2025-07-03,2026-06-30,69,19.0
S008275,C08275,Free,2025-01-29,,3,0.0
S008276,C08276,Enterprise,2025-11-09,,257,299.0
S008277,C08277,Starter,2025-10-04,2026-05-30,4,9.0
S008278,C08278,Professional,2025-09-16,,38,19.0
S008279,C08279,Starter,2025-03-04,,10,9.0
S008280,C08280,Starter,2025-10-18,,3,9.0
S008281,C08281,Starter,2025-08-20,,17,9.0
S008282,C08282,Starter,2025-05-23,,16,9.0
S008283,C08283,Starter,2025-01-01,2026-02-21,7,9.0
S008284,C08284,Starter,2025-07-13,,13,9.0
S008285,C08285,Professional,2025-10-18,,19,19.0
S008286,C08286,Starter,2025-01-13,2025-12-18,5,9.0
S008287,C08287,Free,2025-01-20,,4,0.0
S008288,C08288,Starter,2025-05-20,2026-05-17,6,9.0
S008289,C08289,Enterprise,2025-07-06,,469,299.0
S008290,C08290,Free,2025-06-23,,1,0.0
S008291,C08291,Professional,2025-06-05,,56,19.0
S008292,C08292,Starter,2025-04-04,,10,9.0
S008293,C08293,Starter,2025-01-22,,4,9.0
S008294,C08294,Starter,2025-01-12,,3,9.0
S008295,C08295,Enterprise,2025-02-06,,155,299.0
S008296,C08296,Professional,2025-09-09,,65,19.0
S008297,C08297,Starter,2025-10-14,,20,9.0
S008298,C08298,Professional,2025-06-08,,32,19.0
S008299,C08299,Free,2025-01-29,,2,0.0
S008300,C08300,Enterprise,2025-06-01,,468,299.0
S008301,C08301,Starter,2025-12-26,,10,9.0
S008302,C08302,Professional,2025-04-02,,29,19.0
S008303,C08303,Professional,2025-06-29,,49,19.0
S008304,C08304,Free,2025-07-16,,2,0.0
S008305,C08305,Enterprise,2025-05-01,,220,299.0
S008306,C08306,Enterprise,2025-06-09,,469,299.0
S008307,C08307,Professional,2025-06-22,,61,19.0
S008308,C08308,Starter,2025-06-23,,6,9.0
S008309,C08309,Professional,2025-09-19,,52,19.0
S008310,C08310,Free,2025-08-01,,5,0.0
S008311,C08311,Enterprise,2025-01-20,,295,299.0
S008312,C08312,Starter,2025-01-03,,5,9.0
S008313,C08313,Professional,2025-05-30,,44,19.0
S008314,C08314,Professional,2025-11-28,,45,19.0
S008315,C08315,Enterprise,2025-01-14,,180,299.0
S008316,C08316,Professional,2025-01-26,2025-07-17,72,19.0
S008317,C08317,Professional,2025-09-05,,12,19.0
S008318,C08318,Professional,2025-06-14,2026-06-30,21,19.0
S008319,C08319,Professional,2025-03-26,,17,19.0
S008320,C08320,Free,2025-03-17,,1,0.0
S008321,C08321,Enterprise,2025-08-31,2026-06-30,215,299.0
S008322,C08322,Starter,2025-07-11,,7,9.0
S008323,C08323,Professional,2025-08-21,,67,19.0
S008324,C08324,Starter,2025-04-13,,7,9.0
S008325,C08325,Starter,2025-07-12,,7,9.0
S008326,C08326,Starter,2025-11-10,,10,9.0
S008327,C08327,Enterprise,2025-04-26,,135,299.0
S008328,C08328,Starter,2025-05-25,2025-12-18,16,9.0
S008329,C08329,Starter,2025-03-01,,17,9.0
S008330,C08330,Free,2025-08-22,,1,0.0
S008331,C08331,Starter,2025-01-12,,14,9.0
S008332,C08332,Professional,2025-04-01,,50,19.0
S008333,C08333,Free,2025-09-18,,5,0.0
S008334,C08334,Professional,2025-01-08,,61,19.0
S008335,C08335,Professional,2025-12-28,,74,19.0
S008336,C08336,Professional,2025-05-28,,67,19.0
S008337,C08337,Professional,2025-05-26,,53,19.0
S008338,C08338,Free,2025-07-15,,5,0.0
S008339,C08339,Professional,2025-08-22,,53,19.0
S008340,C08340,Professional,2025-06-17,,68,19.0
S008341,C08341,Professional,2025-11-19,,41,19.0
S008342,C08342,Professional,2025-12-18,,17,19.0
S008343,C08343,Professional,2025-03-15,,56,19.0
S008344,C08344,Professional,2025-09-15,,22,19.0
S008345,C08345,Professional,2025-04-20,,46,19.0
S008346,C08346,Professional,2025-12-30,,61,19.0
S008347,C08347,Free,2025-04-03,,5,0.0
S008348,C08348,Professional,2025-04-18,,25,19.0
S008349,C08349,Professional,2025-09-18,,73,19.0
S008350,C08350,Professional,2025-10-16,,27,19.0
S008351,C08351,Starter,2025-02-16,,17,9.0
S008352,C08352,Free,2025-07-22,,5,0.0
S008353,C08353,Professional,2025-05-07,,56,19.0
S008354,C08354,Free,2025-08-12,2026-06-30,3,0.0
S008355,C08355,Starter,2025-07-23,,13,9.0
S008356,C08356,Starter,2025-12-26,,10,9.0
S008357,C08357,Free,2025-12-07,,1,0.0
S008358,C08358,Professional,2025-08-27,,43,19.0
S008359,C08359,Free,2025-09-05,,1,0.0
S008360,C08360,Starter,2025-11-25,,7,9.0
S008361,C08361,Enterprise,2025-03-08,2025-11-01,497,299.0
S008362,C08362,Professional,2025-09-22,,16,19.0
S008363,C08363,Enterprise,2025-10-09,,122,299.0
S008364,C08364,Starter,2025-02-16,,20,9.0
S008365,C08365,Professional,2025-11-18,,61,19.0
S008366,C08366,Free,2025-09-13,,2,0.0
S008367,C08367,Starter,2025-05-07,,5,9.0
S008368,C08368,Starter,2025-06-26,2026-06-24,12,9.0
S008369,C08369,Free,2025-06-28,,5,0.0
S008370,C08370,Enterprise,2025-12-02,,123,299.0
S008371,C08371,Starter,2025-12-20,,20,9.0
S008372,C08372,Professional,2025-10-22,,20,19.0
S008373,C08373,Starter,2025-08-27,2026-01-09,20,9.0
S008374,C08374,Starter,2025-02-08,,4,9.0
S008375,C08375,Enterprise,2025-11-30,,205,299.0
S008376,C08376,Professional,2025-02-18,,13,19.0
S008377,C08377,Free,2025-03-02,,3,0.0
S008378,C08378,Starter,2025-01-26,,14,9.0
S008379,C08379,Free,2025-12-12,,1,0.0
S008380,C08380,Professional,2025-06-30,2026-01-19,11,19.0
S008381,C08381,Starter,2025-03-28,2026-03-09,5,9.0
S008382,C08382,Enterprise,2025-01-30,,283,299.0
S008383,C08383,Enterprise,2025-05-31,,305,299.0
S008384,C08384,Free,2025-09-22,,4,0.0
S008385,C08385,Free,2025-12-30,,5,0.0
S008386,C08386,Professional,2025-07-21,,35,19.0
S008387,C08387,Starter,2025-08-10,2025-12-20,13,9.0
S008388,C08388,Starter,2025-11-02,,5,9.0
S008389,C08389,Professional,2025-11-26,,34,19.0
S008390,C08390,Starter,2025-04-13,,7,9.0
S008391,C08391,Professional,2025-12-29,,23,19.0
S008392,C08392,Enterprise,2025-07-09,,161,299.0
S008393,C08393,Professional,2025-12-06,,13,19.0
S008394,C08394,Starter,2025-02-12,,8,9.0
S008395,C08395,Starter,2025-02-05,,3,9.0
S008396,C08396,Enterprise,2025-11-19,,242,299.0
S008397,C08397,Professional,2025-09-03,,14,19.0
S008398,C08398,Professional,2025-03-05,,38,19.0
S008399,C08399,Free,2025-11-23,,5,0.0
S008400,C08400,Enterprise,2025-02-07,,189,299.0
S008401,C08401,Starter,2025-09-07,,4,9.0
S008402,C08402,Enterprise,2025-03-16,,193,299.0
S008403,C08403,Free,2025-01-26,,3,0.0
S008404,C08404,Starter,2025-10-22,,14,9.0
S008405,C08405,Starter,2025-11-06,2026-06-30,14,9.0
S008406,C08406,Starter,2025-02-08,,3,9.0
S008407,C08407,Enterprise,2025-02-03,,471,299.0
S008408,C08408,Starter,2025-08-13,2026-06-30,10,9.0
S008409,C08409,Professional,2025-01-11,,32,19.0
S008410,C08410,Professional,2025-09-30,,75,19.0
S008411,C08411,Starter,2025-12-01,,6,9.0
S008412,C08412,Professional,2025-10-02,,64,19.0
S008413,C08413,Professional,2025-03-26,,79,19.0
S008414,C08414,Professional,2025-03-11,,33,19.0
S008415,C08415,Starter,2025-09-06,,10,9.0
S008416,C08416,Professional,2025-01-23,,48,19.0
S008417,C08417,Professional,2025-07-16,,68,19.0
S008418,C08418,Enterprise,2025-06-13,,493,299.0
S008419,C08419,Professional,2025-09-29,,50,19.0
S008420,C08420,Starter,2025-03-15,,15,9.0
S008421,C08421,Starter,2025-10-06,,18,9.0
S008422,C08422,Professional,2025-09-13,,51,19.0
S008423,C08423,Enterprise,2025-03-29,,414,299.0
S008424,C08424,Starter,2025-05-11,,13,9.0
S008425,C08425,Free,2025-01-25,2025-06-07,3,0.0
S008426,C08426,Free,2025-06-14,,5,0.0
S008427,C08427,Starter,2025-04-06,,9,9.0
S008428,C08428,Starter,2025-02-11,,6,9.0
S008429,C08429,Starter,2025-07-24,,16,9.0
S008430,C08430,Free,2025-07-27,,3,0.0
S008431,C08431,Starter,2025-02-01,2026-02-14,13,9.0
S008432,C08432,Enterprise,2025-03-09,,240,299.0
S008433,C08433,Starter,2025-01-31,2026-06-11,15,9.0
S008434,C08434,Professional,2025-09-05,2026-06-30,43,19.0
S008435,C08435,Free,2025-05-04,,4,0.0
S008436,C08436,Professional,2025-01-26,,12,19.0
S008437,C08437,Enterprise,2025-03-11,,473,299.0
S008438,C08438,Starter,2025-12-23,,17,9.0
S008439,C08439,Professional,2025-04-04,,45,19.0
S008440,C08440,Free,2025-09-07,,1,0.0
S008441,C08441,Starter,2025-06-20,,20,9.0
S008442,C08442,Free,2025-03-08,,3,0.0
S008443,C08443,Starter,2025-04-23,,11,9.0
S008444,C08444,Starter,2025-01-06,,19,9.0
S008445,C08445,Professional,2025-09-30,,74,19.0
S008446,C08446,Starter,2025-05-03,,7,9.0
S008447,C08447,Professional,2025-07-02,,57,19.0
S008448,C08448,Starter,2025-02-25,,8,9.0
S008449,C08449,Starter,2025-10-28,,3,9.0
S008450,C08450,Starter,2025-03-21,,10,9.0
S008451,C08451,Professional,2025-07-26,2026-01-01,27,19.0
S008452,C08452,Professional,2025-11-15,2026-03-22,48,19.0
S008453,C08453,Professional,2025-09-18,,41,19.0
S008454,C08454,Starter,2025-08-09,,7,9.0
S008455,C08455,Enterprise,2025-11-21,2026-06-30,282,299.0
S008456,C08456,Starter,2025-03-06,,16,9.0
S008457,C08457,Enterprise,2025-12-18,,348,299.0
S008458,C08458,Starter,2025-07-23,,14,9.0
S008459,C08459,Starter,2025-05-30,,5,9.0
S008460,C08460,Starter,2025-04-04,,4,9.0
S008461,C08461,Professional,2025-09-29,,55,19.0
S008462,C08462,Starter,2025-12-23,,12,9.0
S008463,C08463,Free,2025-09-09,,4,0.0
S008464,C08464,Starter,2025-01-12,2025-10-28,9,9.0
S008465,C08465,Starter,2025-06-21,,4,9.0
S008466,C08466,Professional,2025-09-25,,34,19.0
S008467,C08467,Enterprise,2025-05-26,,358,299.0
S008468,C08468,Enterprise,2025-10-10,,494,299.0
S008469,C08469,Starter,2025-09-16,,13,9.0
S008470,C08470,Professional,2025-01-25,,38,19.0
S008471,C08471,Professional,2025-07-23,,35,19.0
S008472,C08472,Professional,2025-03-04,2026-02-25,11,19.0
S008473,C08473,Professional,2025-06-27,,23,19.0
S008474,C08474,Professional,2025-05-21,,35,19.0
S008475,C08475,Starter,2025-10-22,2026-06-30,14,9.0
S008476,C08476,Professional,2025-11-13,,52,19.0
S008477,C08477,Professional,2025-06-18,,33,19.0
S008478,C08478,Free,2025-07-16,2026-01-02,3,0.0
S008479,C08479,Professional,2025-08-17,2026-05-04,26,19.0
S008480,C08480,Starter,2025-08-28,,4,9.0
S008481,C08481,Starter,2025-08-20,,8,9.0
S008482,C08482,Professional,2025-10-13,,21,19.0
S008483,C08483,Professional,2025-12-25,,47,19.0
S008484,C08484,Enterprise,2025-10-30,,408,299.0
S008485,C08485,Enterprise,2025-02-19,,167,299.0
S008486,C08486,Starter,2025-06-23,,3,9.0
S008487,C08487,Free,2025-06-18,,1,0.0
S008488,C08488,Free,2025-07-05,,2,0.0
S008489,C08489,Enterprise,2025-07-12,,166,299.0
S008490,C08490,Starter,2025-09-20,,20,9.0
S008491,C08491,Starter,2025-06-03,,7,9.0
S008492,C08492,Professional,2025-04-07,,56,19.0
S008493,C08493,Free,2025-06-17,,4,0.0
S008494,C08494,Professional,2025-11-08,,27,19.0
S008495,C08495,Professional,2025-04-24,,20,19.0
S008496,C08496,Professional,2025-01-08,,23,19.0
S008497,C08497,Starter,2025-12-23,,18,9.0
S008498,C08498,Free,2025-03-13,2025-09-19,3,0.0
S008499,C08499,Starter,2025-08-09,,3,9.0
S008500,C08500,Starter,2025-10-20,,14,9.0
S008501,C08501,Starter,2025-04-11,,10,9.0
S008502,C08502,Free,2025-05-05,,1,0.0
S008503,C08503,Professional,2025-04-13,,21,19.0
S008504,C08504,Starter,2025-02-24,,16,9.0
S008505,C08505,Starter,2025-02-25,,8,9.0
S008506,C08506,Starter,2025-03-10,,3,9.0
S008507,C08507,Starter,2025-06-17,2026-06-30,16,9.0
S008508,C08508,Professional,2025-07-13,,23,19.0
S008509,C08509,Free,2025-01-06,,5,0.0
S008510,C08510,Starter,2025-11-05,,13,9.0
S008511,C08511,Professional,2025-09-04,,49,19.0
S008512,C08512,Professional,2025-01-26,,60,19.0
S008513,C08513,Enterprise,2025-11-04,,188,299.0
S008514,C08514,Professional,2025-01-12,,57,19.0
S008515,C08515,Professional,2025-07-24,,22,19.0
S008516,C08516,Professional,2025-06-19,,28,19.0
S008517,C08517,Enterprise,2025-07-03,,329,299.0
S008518,C08518,Professional,2025-12-16,,37,19.0
S008519,C08519,Professional,2025-12-05,,74,19.0
S008520,C08520,Professional,2025-04-12,,12,19.0
S008521,C08521,Starter,2025-07-31,,4,9.0
S008522,C08522,Enterprise,2025-12-17,,100,299.0
S008523,C08523,Free,2025-09-24,,5,0.0
S008524,C08524,Starter,2025-11-21,,10,9.0
S008525,C08525,Free,2025-06-08,,5,0.0
S008526,C08526,Professional,2025-04-14,,48,19.0
S008527,C08527,Starter,2025-07-06,,18,9.0
S008528,C08528,Professional,2025-10-26,,68,19.0
S008529,C08529,Starter,2025-12-06,2026-06-30,4,9.0
S008530,C08530,Starter,2025-09-08,,20,9.0
S008531,C08531,Professional,2025-09-15,,46,19.0
S008532,C08532,Starter,2025-07-06,,13,9.0
S008533,C08533,Professional,2025-04-27,,27,19.0
S008534,C08534,Professional,2025-06-04,,67,19.0
S008535,C08535,Starter,2025-07-01,,4,9.0
S008536,C08536,Starter,2025-10-25,,5,9.0
S008537,C08537,Free,2025-07-22,,2,0.0
S008538,C08538,Professional,2025-10-17,,67,19.0
S008539,C08539,Professional,2025-01-10,,67,19.0
S008540,C08540,Free,2025-10-04,2026-06-30,2,0.0
S008541,C08541,Free,2025-07-05,,3,0.0
S008542,C08542,Professional,2025-12-31,,39,19.0
S008543,C08543,Professional,2025-06-22,,48,19.0
S008544,C08544,Starter,2025-06-24,,3,9.0
S008545,C08545,Starter,2025-02-16,,10,9.0
S008546,C08546,Starter,2025-10-22,,11,9.0
S008547,C08547,Free,2025-09-14,,1,0.0
S008548,C08548,Starter,2025-11-11,,14,9.0
S008549,C08549,Professional,2025-02-03,,37,19.0
S008550,C08550,Professional,2025-03-19,,27,19.0
S008551,C08551,Professional,2025-11-17,,65,19.0
S008552,C08552,Free,2025-01-16,,5,0.0
S008553,C08553,Starter,2025-07-05,,7,9.0
S008554,C08554,Professional,2025-05-28,,75,19.0
S008555,C08555,Professional,2025-12-09,,11,19.0
S008556,C08556,Professional,2025-11-09,,50,19.0
S008557,C08557,Starter,2025-11-24,,15,9.0
S008558,C08558,Free,2025-04-16,,2,0.0
S008559,C08559,Professional,2025-08-03,,36,19.0
S008560,C08560,Starter,2025-09-13,2026-06-30,15,9.0
S008561,C08561,Free,2025-12-20,,2,0.0
S008562,C08562,Professional,2025-01-03,,30,19.0
S008563,C08563,Professional,2025-12-23,,56,19.0
S008564,C08564,Starter,2025-05-10,,5,9.0
S008565,C08565,Professional,2025-02-16,,49,19.0
S008566,C08566,Starter,2025-08-13,2026-06-30,8,9.0
S008567,C08567,Professional,2025-10-13,,32,19.0
S008568,C08568,Professional,2025-02-17,2025-06-29,41,19.0
S008569,C08569,Professional,2025-01-15,2025-03-24,62,19.0
S008570,C08570,Free,2025-11-24,,2,0.0
S008571,C08571,Starter,2025-12-07,,15,9.0
S008572,C08572,Professional,2025-02-27,2025-05-15,33,19.0
S008573,C08573,Starter,2025-11-26,2026-06-30,19,9.0
S008574,C08574,Starter,2025-11-29,,10,9.0
S008575,C08575,Enterprise,2025-12-31,,268,299.0
S008576,C08576,Professional,2025-03-20,,63,19.0
S008577,C08577,Enterprise,2025-07-31,2026-06-30,117,299.0
S008578,C08578,Starter,2025-12-29,,18,9.0
S008579,C08579,Free,2025-11-26,,2,0.0
S008580,C08580,Free,2025-08-09,,5,0.0
S008581,C08581,Professional,2025-03-13,,36,19.0
S008582,C08582,Professional,2025-01-31,,23,19.0
S008583,C08583,Starter,2025-04-05,,4,9.0
S008584,C08584,Starter,2025-01-24,,17,9.0
S008585,C08585,Professional,2025-03-13,,11,19.0
S008586,C08586,Free,2025-01-28,,4,0.0
S008587,C08587,Free,2025-10-06,,4,0.0
S008588,C08588,Enterprise,2025-08-04,,195,299.0
S008589,C08589,Professional,2025-07-09,,63,19.0
S008590,C08590,Professional,2025-10-23,,36,19.0
S008591,C08591,Enterprise,2025-05-30,,419,299.0
S008592,C08592,Professional,2025-05-28,,34,19.0
S008593,C08593,Starter,2025-03-17,,17,9.0
S008594,C08594,Professional,2025-06-12,,40,19.0
S008595,C08595,Professional,2025-03-05,2026-06-19,42,19.0
S008596,C08596,Enterprise,2025-08-04,,438,299.0
S008597,C08597,Free,2025-12-31,,1,0.0
S008598,C08598,Professional,2025-07-14,,39,19.0
S008599,C08599,Professional,2025-04-20,,13,19.0
S008600,C08600,Starter,2025-09-09,,3,9.0
S008601,C08601,Professional,2025-10-27,,19,19.0
S008602,C08602,Starter,2025-06-22,,16,9.0
S008603,C08603,Free,2025-04-02,,4,0.0
S008604,C08604,Free,2025-09-18,,4,0.0
S008605,C08605,Starter,2025-03-10,,20,9.0
S008606,C08606,Free,2025-12-31,,3,0.0
S008607,C08607,Professional,2025-04-27,,24,19.0
S008608,C08608,Starter,2025-05-08,,11,9.0
S008609,C08609,Free,2025-09-23,,3,0.0
S008610,C08610,Starter,2025-01-05,2026-02-05,16,9.0
S008611,C08611,Professional,2025-03-16,,43,19.0
S008612,C08612,Starter,2025-02-15,,3,9.0
S008613,C08613,Professional,2025-05-23,,69,19.0
S008614,C08614,Professional,2025-07-22,,51,19.0
S008615,C08615,Professional,2025-03-07,2026-06-30,17,19.0
S008616,C08616,Professional,2025-05-06,,77,19.0
S008617,C08617,Professional,2025-10-09,2026-06-06,41,19.0
S008618,C08618,Professional,2025-12-10,,66,19.0
S008619,C08619,Starter,2025-01-06,,16,9.0
S008620,C08620,Free,2025-08-18,,2,0.0
S008621,C08621,Enterprise,2025-01-10,2025-08-06,459,299.0
S008622,C08622,Professional,2025-07-09,,75,19.0
S008623,C08623,Professional,2025-11-18,,76,19.0
S008624,C08624,Professional,2025-10-19,2026-06-30,24,19.0
S008625,C08625,Professional,2025-03-26,,19,19.0
S008626,C08626,Free,2025-04-05,,3,0.0
S008627,C08627,Starter,2025-10-13,,7,9.0
S008628,C08628,Starter,2025-10-27,,14,9.0
S008629,C08629,Professional,2025-04-13,,57,19.0
S008630,C08630,Professional,2025-01-02,,12,19.0
S008631,C08631,Starter,2025-06-12,,16,9.0
S008632,C08632,Starter,2025-08-15,,5,9.0
S008633,C08633,Professional,2025-06-11,,50,19.0
S008634,C08634,Professional,2025-12-08,,48,19.0
S008635,C08635,Professional,2025-10-24,,11,19.0
S008636,C08636,Starter,2025-10-15,,6,9.0
S008637,C08637,Starter,2025-01-08,,12,9.0
S008638,C08638,Professional,2025-11-08,,39,19.0
S008639,C08639,Free,2025-10-03,,3,0.0
S008640,C08640,Starter,2025-05-25,,15,9.0
S008641,C08641,Starter,2025-08-04,,15,9.0
S008642,C08642,Professional,2025-10-28,,54,19.0
S008643,C08643,Starter,2025-11-27,,16,9.0
S008644,C08644,Free,2025-07-21,,5,0.0
S008645,C08645,Starter,2025-01-16,2025-06-17,6,9.0
S008646,C08646,Starter,2025-08-14,2026-02-28,19,9.0
S008647,C08647,Professional,2025-09-06,,43,19.0
S008648,C08648,Professional,2025-01-22,,75,19.0
S008649,C08649,Starter,2025-10-26,2026-06-15,14,9.0
S008650,C08650,Professional,2025-03-15,,37,19.0
S008651,C08651,Starter,2025-11-22,,3,9.0
S008652,C08652,Professional,2025-07-21,,18,19.0
S008653,C08653,Professional,2025-04-28,,54,19.0
S008654,C08654,Starter,2025-01-22,,15,9.0
S008655,C08655,Professional,2025-01-07,,19,19.0
S008656,C08656,Free,2025-09-28,,5,0.0
S008657,C08657,Enterprise,2025-05-18,2025-12-20,231,299.0
S008658,C08658,Professional,2025-11-03,,64,19.0
S008659,C08659,Free,2025-03-26,,4,0.0
S008660,C08660,Professional,2025-12-02,,59,19.0
S008661,C08661,Starter,2025-12-10,,19,9.0
S008662,C08662,Enterprise,2025-02-07,,421,299.0
S008663,C08663,Starter,2025-08-25,,5,9.0
S008664,C08664,Professional,2025-12-09,,39,19.0
S008665,C08665,Starter,2025-04-28,,13,9.0
S008666,C08666,Starter,2025-01-25,,12,9.0
S008667,C08667,Professional,2025-11-16,2026-06-30,47,19.0
S008668,C08668,Professional,2025-06-23,2026-03-16,24,19.0
S008669,C08669,Professional,2025-01-10,2026-03-30,78,19.0
S008670,C08670,Enterprise,2025-11-03,,369,299.0
S008671,C08671,Enterprise,2025-09-05,,422,299.0
S008672,C08672,Professional,2025-01-26,2025-11-08,34,19.0
S008673,C08673,Free,2025-04-05,,4,0.0
S008674,C08674,Professional,2025-01-07,,28,19.0
S008675,C08675,Starter,2025-12-15,,13,9.0
S008676,C08676,Professional,2025-01-10,,27,19.0
S008677,C08677,Enterprise,2025-10-18,,474,299.0
S008678,C08678,Starter,2025-07-06,,12,9.0
S008679,C08679,Free,2025-08-01,,3,0.0
S008680,C08680,Professional,2025-10-24,,48,19.0
S008681,C08681,Free,2025-11-23,2026-06-30,2,0.0
S008682,C08682,Free,2025-02-16,,5,0.0
S008683,C08683,Starter,2025-01-07,,8,9.0
S008684,C08684,Professional,2025-02-15,,75,19.0
S008685,C08685,Starter,2025-09-07,,18,9.0
S008686,C08686,Starter,2025-07-27,,8,9.0
S008687,C08687,Enterprise,2025-01-31,,322,299.0
S008688,C08688,Professional,2025-03-27,,33,19.0
S008689,C08689,Professional,2025-07-16,2026-06-30,19,19.0
S008690,C08690,Starter,2025-09-24,,8,9.0
S008691,C08691,Professional,2025-05-06,,71,19.0
S008692,C08692,Starter,2025-12-13,,8,9.0
S008693,C08693,Enterprise,2025-12-29,,472,299.0
S008694,C08694,Starter,2025-10-07,,16,9.0
S008695,C08695,Professional,2025-06-15,,41,19.0
S008696,C08696,Enterprise,2025-11-17,,352,299.0
S008697,C08697,Starter,2025-09-23,,18,9.0
S008698,C08698,Starter,2025-07-09,,4,9.0
S008699,C08699,Free,2025-06-11,,5,0.0
S008700,C08700,Starter,2025-10-31,,13,9.0
S008701,C08701,Starter,2025-07-23,2026-02-15,20,9.0
S008702,C08702,Free,2025-03-08,,5,0.0
S008703,C08703,Free,2025-12-31,,5,0.0
S008704,C08704,Starter,2025-01-25,,4,9.0
S008705,C08705,Free,2025-09-11,2025-12-05,3,0.0
S008706,C08706,Professional,2025-08-28,,74,19.0
S008707,C08707,Starter,2025-08-02,,7,9.0
S008708,C08708,Free,2025-01-19,,2,0.0
S008709,C08709,Free,2025-06-29,2026-06-30,4,0.0
S008710,C08710,Starter,2025-11-22,,8,9.0
S008711,C08711,Free,2025-03-29,,3,0.0
S008712,C08712,Starter,2025-09-10,,10,9.0
S008713,C08713,Starter,2025-11-10,,11,9.0
S008714,C08714,Starter,2025-12-14,,5,9.0
S008715,C08715,Starter,2025-07-08,,18,9.0
S008716,C08716,Professional,2025-04-25,,16,19.0
S008717,C08717,Enterprise,2025-09-13,2025-11-25,168,299.0
S008718,C08718,Professional,2025-06-27,,27,19.0
S008719,C08719,Free,2025-08-17,,2,0.0
S008720,C08720,Starter,2025-09-28,,3,9.0
S008721,C08721,Professional,2025-09-17,,78,19.0
S008722,C08722,Professional,2025-03-30,,50,19.0
S008723,C08723,Free,2025-10-03,,3,0.0
S008724,C08724,Professional,2025-07-17,2026-06-30,19,19.0
S008725,C08725,Free,2025-12-06,,4,0.0
S008726,C08726,Starter,2025-08-29,2025-11-02,4,9.0
S008727,C08727,Professional,2025-11-22,,29,19.0
S008728,C08728,Enterprise,2025-12-24,,325,299.0
S008729,C08729,Professional,2025-12-29,,79,19.0
S008730,C08730,Enterprise,2025-09-29,,337,299.0
S008731,C08731,Starter,2025-08-07,,11,9.0
S008732,C08732,Starter,2025-02-13,,14,9.0
S008733,C08733,Free,2025-05-21,,4,0.0
S008734,C08734,Starter,2025-06-23,,12,9.0
S008735,C08735,Professional,2025-10-12,,34,19.0
S008736,C08736,Free,2025-08-03,2025-12-12,5,0.0
S008737,C08737,Starter,2025-06-10,2025-11-13,8,9.0
S008738,C08738,Enterprise,2025-02-23,,150,299.0
S008739,C08739,Free,2025-09-19,,2,0.0
S008740,C08740,Starter,2025-06-07,,17,9.0
S008741,C08741,Enterprise,2025-01-14,,130,299.0
S008742,C08742,Starter,2025-04-14,,10,9.0
S008743,C08743,Professional,2025-11-18,,12,19.0
S008744,C08744,Starter,2025-02-13,,19,9.0
S008745,C08745,Starter,2025-05-29,,8,9.0
S008746,C08746,Free,2025-07-06,,2,0.0
S008747,C08747,Free,2025-01-31,,4,0.0
S008748,C08748,Starter,2025-03-02,,20,9.0
S008749,C08749,Professional,2025-12-10,,13,19.0
S008750,C08750,Starter,2025-08-04,,18,9.0
S008751,C08751,Starter,2025-03-18,,10,9.0
S008752,C08752,Starter,2025-03-03,,6,9.0
S008753,C08753,Professional,2025-06-05,,15,19.0
S008754,C08754,Starter,2025-09-22,,10,9.0
S008755,C08755,Free,2025-09-24,,2,0.0
S008756,C08756,Enterprise,2025-03-13,,197,299.0
S008757,C08757,Enterprise,2025-09-22,,174,299.0
S008758,C08758,Starter,2025-11-24,,5,9.0
S008759,C08759,Starter,2025-03-24,,17,9.0
S008760,C08760,Professional,2025-01-10,,37,19.0
S008761,C08761,Starter,2025-12-16,,17,9.0
S008762,C08762,Professional,2025-07-10,,47,19.0
S008763,C08763,Starter,2025-10-11,,4,9.0
S008764,C08764,Free,2025-04-27,,3,0.0
S008765,C08765,Professional,2025-04-20,,16,19.0
S008766,C08766,Free,2025-03-24,,2,0.0
S008767,C08767,Starter,2025-03-21,2025-11-10,17,9.0
S008768,C08768,Professional,2025-06-22,,33,19.0
S008769,C08769,Enterprise,2025-02-08,2025-10-11,195,299.0
S008770,C08770,Starter,2025-11-04,,5,9.0
S008771,C08771,Professional,2025-07-06,,19,19.0
S008772,C08772,Free,2025-12-01,,2,0.0
S008773,C08773,Professional,2025-07-03,,74,19.0
S008774,C08774,Starter,2025-04-21,,12,9.0
S008775,C08775,Starter,2025-07-07,,17,9.0
S008776,C08776,Free,2025-02-26,,1,0.0
S008777,C08777,Professional,2025-10-28,2026-06-30,53,19.0
S008778,C08778,Free,2025-09-20,,5,0.0
S008779,C08779,Professional,2025-02-23,,65,19.0
S008780,C08780,Starter,2025-08-01,,16,9.0
S008781,C08781,Professional,2025-07-16,,63,19.0
S008782,C08782,Enterprise,2025-03-15,,496,299.0
S008783,C08783,Starter,2025-02-14,2026-03-12,9,9.0
S008784,C08784,Professional,2025-10-05,,32,19.0
S008785,C08785,Starter,2025-04-07,,4,9.0
S008786,C08786,Starter,2025-07-09,,6,9.0
S008787,C08787,Free,2025-04-01,,3,0.0
S008788,C08788,Starter,2025-08-27,,4,9.0
S008789,C08789,Professional,2025-01-18,,63,19.0
S008790,C08790,Starter,2025-05-12,2026-01-14,9,9.0
S008791,C08791,Free,2025-07-19,,2,0.0
S008792,C08792,Starter,2025-06-10,,19,9.0
S008793,C08793,Professional,2025-08-12,,14,19.0
S008794,C08794,Enterprise,2025-03-07,,337,299.0
S008795,C08795,Professional,2025-06-11,,52,19.0
S008796,C08796,Professional,2025-10-04,,78,19.0
S008797,C08797,Enterprise,2025-05-02,,264,299.0
S008798,C08798,Professional,2025-02-27,,74,19.0
S008799,C08799,Starter,2025-11-06,,15,9.0
S008800,C08800,Starter,2025-10-12,,9,9.0
S008801,C08801,Enterprise,2025-09-06,,312,299.0
S008802,C08802,Free,2025-10-19,2026-06-30,3,0.0
S008803,C08803,Starter,2025-10-12,,13,9.0
S008804,C08804,Professional,2025-09-30,,31,19.0
S008805,C08805,Free,2025-07-05,,2,0.0
S008806,C08806,Professional,2025-01-08,,62,19.0
S008807,C08807,Professional,2025-08-06,,79,19.0
S008808,C08808,Starter,2025-04-10,,13,9.0
S008809,C08809,Professional,2025-10-10,2026-06-30,33,19.0
S008810,C08810,Free,2025-06-20,,1,0.0
S008811,C08811,Enterprise,2025-11-27,,476,299.0
S008812,C08812,Free,2025-08-06,,5,0.0
S008813,C08813,Free,2025-07-20,,2,0.0
S008814,C08814,Starter,2025-12-02,,17,9.0
S008815,C08815,Professional,2025-06-23,,58,19.0
S008816,C08816,Professional,2025-05-18,,76,19.0
S008817,C08817,Professional,2025-05-16,,45,19.0
S008818,C08818,Professional,2025-11-16,,27,19.0
S008819,C08819,Professional,2025-10-04,,34,19.0
S008820,C08820,Professional,2025-03-01,2026-02-02,63,19.0
S008821,C08821,Free,2025-06-29,,2,0.0
S008822,C08822,Enterprise,2025-05-16,,354,299.0
S008823,C08823,Professional,2025-08-25,,68,19.0
S008824,C08824,Professional,2025-01-20,,18,19.0
S008825,C08825,Starter,2025-09-18,,12,9.0
S008826,C08826,Enterprise,2025-09-29,,204,299.0
S008827,C08827,Free,2025-03-24,,3,0.0
S008828,C08828,Free,2025-02-24,,1,0.0
S008829,C08829,Starter,2025-08-18,,8,9.0
S008830,C08830,Enterprise,2025-04-04,,161,299.0
S008831,C08831,Enterprise,2025-12-10,,258,299.0
S008832,C08832,Starter,2025-10-10,,14,9.0
S008833,C08833,Professional,2025-12-15,,31,19.0
S008834,C08834,Starter,2025-07-15,,18,9.0
S008835,C08835,Free,2025-12-09,,4,0.0
S008836,C08836,Professional,2025-01-06,,80,19.0
S008837,C08837,Free,2025-04-16,,4,0.0
S008838,C08838,Professional,2025-01-01,,25,19.0
S008839,C08839,Starter,2025-09-05,,13,9.0
S008840,C08840,Starter,2025-07-06,2026-06-30,15,9.0
S008841,C08841,Professional,2025-04-15,,43,19.0
S008842,C08842,Starter,2025-04-22,2026-03-06,4,9.0
S008843,C08843,Professional,2025-08-23,,22,19.0
S008844,C08844,Professional,2025-03-07,,26,19.0
S008845,C08845,Starter,2025-07-07,,10,9.0
S008846,C08846,Professional,2025-08-12,,70,19.0
S008847,C08847,Free,2025-03-29,,1,0.0
S008848,C08848,Professional,2025-03-25,,76,19.0
S008849,C08849,Starter,2025-05-10,,12,9.0
S008850,C08850,Starter,2025-08-05,,20,9.0
S008851,C08851,Starter,2025-04-03,,15,9.0
S008852,C08852,Enterprise,2025-05-19,,286,299.0
S008853,C08853,Starter,2025-07-18,,5,9.0
S008854,C08854,Enterprise,2025-03-10,2025-08-02,395,299.0
S008855,C08855,Professional,2025-07-27,,53,19.0
S008856,C08856,Starter,2025-02-20,,9,9.0
S008857,C08857,Professional,2025-02-22,,67,19.0
S008858,C08858,Professional,2025-03-28,,59,19.0
S008859,C08859,Starter,2025-04-15,,8,9.0
S008860,C08860,Free,2025-01-11,,1,0.0
S008861,C08861,Professional,2025-12-17,,56,19.0
S008862,C08862,Professional,2025-04-23,2026-06-30,18,19.0
S008863,C08863,Professional,2025-10-21,,47,19.0
S008864,C08864,Professional,2025-11-26,,79,19.0
S008865,C08865,Starter,2025-10-20,,16,9.0
S008866,C08866,Starter,2025-10-31,,8,9.0
S008867,C08867,Professional,2025-02-06,,78,19.0
S008868,C08868,Free,2025-05-16,,5,0.0
S008869,C08869,Professional,2025-09-30,,44,19.0
S008870,C08870,Free,2025-07-30,,1,0.0
S008871,C08871,Professional,2025-01-03,2025-12-21,73,19.0
S008872,C08872,Free,2025-07-27,,5,0.0
S008873,C08873,Professional,2025-10-21,2026-01-20,79,19.0
S008874,C08874,Starter,2025-10-30,,19,9.0
S008875,C08875,Enterprise,2025-05-21,,297,299.0
S008876,C08876,Professional,2025-03-28,,11,19.0
S008877,C08877,Starter,2025-04-23,,10,9.0
S008878,C08878,Free,2025-04-19,,2,0.0
S008879,C08879,Professional,2025-05-07,,31,19.0
S008880,C08880,Starter,2025-04-21,2026-04-07,17,9.0
S008881,C08881,Professional,2025-06-16,,67,19.0
S008882,C08882,Professional,2025-01-15,,10,19.0
S008883,C08883,Professional,2025-04-11,,74,19.0
S008884,C08884,Starter,2025-04-25,2025-07-06,8,9.0
S008885,C08885,Free,2025-02-25,,1,0.0
S008886,C08886,Starter,2025-11-17,,7,9.0
S008887,C08887,Starter,2025-09-04,,4,9.0
S008888,C08888,Professional,2025-11-29,,19,19.0
S008889,C08889,Starter,2025-07-24,,8,9.0
S008890,C08890,Starter,2025-02-10,,4,9.0
S008891,C08891,Starter,2025-11-27,,6,9.0
S008892,C08892,Starter,2025-06-17,,7,9.0
S008893,C08893,Professional,2025-09-07,,64,19.0
S008894,C08894,Free,2025-05-20,2026-06-30,1,0.0
S008895,C08895,Free,2025-06-30,,5,0.0
S008896,C08896,Starter,2025-06-28,,20,9.0
S008897,C08897,Starter,2025-04-14,,9,9.0
S008898,C08898,Professional,2025-07-22,,11,19.0
S008899,C08899,Professional,2025-09-25,2026-06-30,30,19.0
S008900,C08900,Professional,2025-01-08,,19,19.0
S008901,C08901,Enterprise,2025-02-17,,112,299.0
S008902,C08902,Free,2025-11-04,,5,0.0
S008903,C08903,Free,2025-07-27,2026-03-06,1,0.0
S008904,C08904,Free,2025-12-22,2026-05-08,4,0.0
S008905,C08905,Professional,2025-08-09,,57,19.0
S008906,C08906,Starter,2025-08-27,,11,9.0
S008907,C08907,Starter,2025-11-25,,8,9.0
S008908,C08908,Starter,2025-08-30,,9,9.0
S008909,C08909,Professional,2025-05-01,,32,19.0
S008910,C08910,Free,2025-07-12,,2,0.0
S008911,C08911,Starter,2025-03-27,,7,9.0
S008912,C08912,Starter,2025-05-03,,20,9.0
S008913,C08913,Starter,2025-09-06,,19,9.0
S008914,C08914,Professional,2025-02-24,,71,19.0
S008915,C08915,Professional,2025-09-03,,69,19.0
S008916,C08916,Professional,2025-08-02,,28,19.0
S008917,C08917,Professional,2025-04-23,,71,19.0
S008918,C08918,Starter,2025-01-17,2025-06-21,11,9.0
S008919,C08919,Professional,2025-09-15,,21,19.0
S008920,C08920,Professional,2025-10-28,2026-06-30,62,19.0
S008921,C08921,Professional,2025-09-24,,78,19.0
S008922,C08922,Starter,2025-06-03,,17,9.0
S008923,C08923,Free,2025-08-27,,1,0.0
S008924,C08924,Professional,2025-06-01,,18,19.0
S008925,C08925,Enterprise,2025-05-11,,152,299.0
S008926,C08926,Enterprise,2025-04-30,,483,299.0
S008927,C08927,Free,2025-03-18,,3,0.0
S008928,C08928,Starter,2025-12-20,2026-04-18,17,9.0
S008929,C08929,Professional,2025-09-01,,19,19.0
S008930,C08930,Starter,2025-03-05,2026-03-12,12,9.0
S008931,C08931,Starter,2025-11-12,2026-05-11,9,9.0
S008932,C08932,Enterprise,2025-02-25,,300,299.0
S008933,C08933,Starter,2025-08-05,,15,9.0
S008934,C08934,Free,2025-03-02,,3,0.0
S008935,C08935,Free,2025-05-12,,1,0.0
S008936,C08936,Starter,2025-08-29,2025-12-08,17,9.0
S008937,C08937,Starter,2025-12-31,,19,9.0
S008938,C08938,Enterprise,2025-12-29,,319,299.0
S008939,C08939,Professional,2025-11-23,,22,19.0
S008940,C08940,Free,2025-03-27,,5,0.0
S008941,C08941,Professional,2025-02-04,,52,19.0
S008942,C08942,Free,2025-11-27,,5,0.0
S008943,C08943,Free,2025-12-03,,4,0.0
S008944,C08944,Professional,2025-04-12,,59,19.0
S008945,C08945,Starter,2025-01-07,,17,9.0
S008946,C08946,Starter,2025-08-25,2025-11-04,3,9.0
S008947,C08947,Starter,2025-01-28,,7,9.0
S008948,C08948,Enterprise,2025-01-15,,279,299.0
S008949,C08949,Professional,2025-12-09,,60,19.0
S008950,C08950,Starter,2025-06-30,,7,9.0
S008951,C08951,Enterprise,2025-02-10,,280,299.0
S008952,C08952,Free,2025-08-27,,1,0.0
S008953,C08953,Free,2025-05-15,,4,0.0
S008954,C08954,Starter,2025-07-15,,14,9.0
S008955,C08955,Starter,2025-11-25,,12,9.0
S008956,C08956,Free,2025-03-28,,3,0.0
S008957,C08957,Starter,2025-08-24,,20,9.0
S008958,C08958,Professional,2025-10-30,,14,19.0
S008959,C08959,Starter,2025-06-04,,15,9.0
S008960,C08960,Free,2025-12-21,2026-06-30,4,0.0
S008961,C08961,Professional,2025-06-13,,42,19.0
S008962,C08962,Starter,2025-06-17,2026-06-24,6,9.0
S008963,C08963,Professional,2025-11-19,,76,19.0
S008964,C08964,Starter,2025-08-21,2026-06-30,19,9.0
S008965,C08965,Professional,2025-11-14,,34,19.0
S008966,C08966,Enterprise,2025-10-16,,379,299.0
S008967,C08967,Starter,2025-09-18,,4,9.0
S008968,C08968,Professional,2025-03-30,,10,19.0
S008969,C08969,Professional,2025-05-26,,78,19.0
S008970,C08970,Professional,2025-11-12,,71,19.0
S008971,C08971,Starter,2025-08-13,,3,9.0
S008972,C08972,Starter,2025-04-13,,4,9.0
S008973,C08973,Professional,2025-04-30,,20,19.0
S008974,C08974,Starter,2025-10-11,2026-06-01,3,9.0
S008975,C08975,Professional,2025-03-07,,36,19.0
S008976,C08976,Free,2025-02-10,,2,0.0
S008977,C08977,Free,2025-10-07,,4,0.0
S008978,C08978,Starter,2025-04-16,,5,9.0
S008979,C08979,Starter,2025-10-07,,18,9.0
S008980,C08980,Professional,2025-07-14,,68,19.0
S008981,C08981,Free,2025-12-31,,4,0.0
S008982,C08982,Professional,2025-07-11,2025-12-06,77,19.0
S008983,C08983,Professional,2025-11-13,,23,19.0
S008984,C08984,Enterprise,2025-11-07,,414,299.0
S008985,C08985,Professional,2025-03-19,,40,19.0
S008986,C08986,Starter,2025-12-30,,9,9.0
S008987,C08987,Professional,2025-09-30,,58,19.0
S008988,C08988,Starter,2025-02-09,,8,9.0
S008989,C08989,Free,2025-01-03,,1,0.0
S008990,C08990,Enterprise,2025-04-10,,237,299.0
S008991,C08991,Free,2025-01-06,,4,0.0
S008992,C08992,Starter,2025-05-11,,4,9.0
S008993,C08993,Free,2025-12-30,,5,0.0
S008994,C08994,Professional,2025-06-24,2026-04-22,74,19.0
S008995,C08995,Professional,2025-01-09,,43,19.0
S008996,C08996,Professional,2025-06-30,,27,19.0
S008997,C08997,Free,2025-03-21,,5,0.0
S008998,C08998,Free,2025-11-09,,2,0.0
S008999,C08999,Starter,2025-02-03,,6,9.0
S009000,C09000,Free,2025-10-09,2026-06-30,4,0.0
S009001,C09001,Free,2025-06-12,,2,0.0
S009002,C09002,Starter,2025-01-07,,14,9.0
S009003,C09003,Enterprise,2025-09-03,,191,299.0
S009004,C09004,Professional,2025-06-16,,78,19.0
S009005,C09005,Starter,2025-10-09,,6,9.0
S009006,C09006,Starter,2025-08-14,2026-03-02,20,9.0
S009007,C09007,Enterprise,2025-10-15,,404,299.0
S009008,C09008,Professional,2025-06-18,2025-11-26,39,19.0
S009009,C09009,Professional,2025-01-03,,58,19.0
S009010,C09010,Professional,2025-02-17,,75,19.0
S009011,C09011,Free,2025-06-17,,4,0.0
S009012,C09012,Free,2025-05-26,,5,0.0
S009013,C09013,Starter,2025-10-17,,19,9.0
S009014,C09014,Professional,2025-05-31,2025-08-09,70,19.0
S009015,C09015,Enterprise,2025-11-10,,468,299.0
S009016,C09016,Starter,2025-03-10,,19,9.0
S009017,C09017,Professional,2025-05-21,,11,19.0
S009018,C09018,Professional,2025-10-04,,52,19.0
S009019,C09019,Professional,2025-02-15,,57,19.0
S009020,C09020,Professional,2025-04-28,,18,19.0
S009021,C09021,Starter,2025-10-02,,14,9.0
S009022,C09022,Professional,2025-08-03,,71,19.0
S009023,C09023,Professional,2025-10-11,,62,19.0
S009024,C09024,Professional,2025-07-08,,31,19.0
S009025,C09025,Free,2025-11-10,,3,0.0
S009026,C09026,Starter,2025-11-17,2026-04-08,19,9.0
S009027,C09027,Professional,2025-12-22,,29,19.0
S009028,C09028,Professional,2025-02-14,,46,19.0
S009029,C09029,Free,2025-08-04,,5,0.0
S009030,C09030,Free,2025-02-11,2025-05-19,3,0.0
S009031,C09031,Starter,2025-03-25,,4,9.0
S009032,C09032,Professional,2025-04-20,,69,19.0
S009033,C09033,Starter,2025-08-24,2026-06-12,9,9.0
S009034,C09034,Starter,2025-06-07,,9,9.0
S009035,C09035,Professional,2025-11-12,,69,19.0
S009036,C09036,Starter,2025-04-19,,4,9.0
S009037,C09037,Professional,2025-08-14,,62,19.0
S009038,C09038,Starter,2025-10-06,,17,9.0
S009039,C09039,Professional,2025-12-24,2026-06-30,73,19.0
S009040,C09040,Free,2025-03-31,2026-02-03,2,0.0
S009041,C09041,Free,2025-09-25,,1,0.0
S009042,C09042,Professional,2025-01-31,2026-02-28,70,19.0
S009043,C09043,Free,2025-07-18,,1,0.0
S009044,C09044,Starter,2025-06-01,,19,9.0
S009045,C09045,Starter,2025-12-16,,15,9.0
S009046,C09046,Professional,2025-10-10,,37,19.0
S009047,C09047,Professional,2025-12-05,,36,19.0
S009048,C09048,Professional,2025-11-07,,57,19.0
S009049,C09049,Starter,2025-05-30,,18,9.0
S009050,C09050,Free,2025-09-25,,1,0.0
S009051,C09051,Enterprise,2025-01-12,,108,299.0
S009052,C09052,Free,2025-07-23,,4,0.0
S009053,C09053,Professional,2025-01-18,,39,19.0
S009054,C09054,Free,2025-09-22,,3,0.0
S009055,C09055,Starter,2025-12-19,,3,9.0
S009056,C09056,Professional,2025-09-06,,28,19.0
S009057,C09057,Starter,2025-11-03,,13,9.0
S009058,C09058,Professional,2025-03-27,,72,19.0
S009059,C09059,Free,2025-12-29,,1,0.0
S009060,C09060,Free,2025-07-21,,3,0.0
S009061,C09061,Professional,2025-09-04,,62,19.0
S009062,C09062,Professional,2025-10-09,,68,19.0
S009063,C09063,Professional,2025-08-22,,44,19.0
S009064,C09064,Starter,2025-04-26,2025-12-11,10,9.0
S009065,C09065,Enterprise,2025-08-12,,434,299.0
S009066,C09066,Starter,2025-08-27,,20,9.0
S009067,C09067,Starter,2025-11-09,2026-06-30,16,9.0
S009068,C09068,Free,2025-06-25,,4,0.0
S009069,C09069,Professional,2025-07-03,,59,19.0
S009070,C09070,Free,2025-07-03,,4,0.0
S009071,C09071,Free,2025-02-11,,3,0.0
S009072,C09072,Free,2025-02-02,2025-08-16,1,0.0
S009073,C09073,Free,2025-01-08,,5,0.0
S009074,C09074,Starter,2025-09-01,2025-11-22,16,9.0
S009075,C09075,Free,2025-06-02,,2,0.0
S009076,C09076,Starter,2025-11-12,,12,9.0
S009077,C09077,Starter,2025-09-14,,4,9.0
S009078,C09078,Free,2025-02-21,,4,0.0
S009079,C09079,Free,2025-02-06,2026-03-29,3,0.0
S009080,C09080,Starter,2025-05-14,,18,9.0
S009081,C09081,Professional,2025-12-03,,25,19.0
S009082,C09082,Professional,2025-01-18,,59,19.0
S009083,C09083,Free,2025-03-10,,2,0.0
S009084,C09084,Free,2025-01-11,,3,0.0
S009085,C09085,Free,2025-05-31,,2,0.0
S009086,C09086,Professional,2025-12-28,,70,19.0
S009087,C09087,Enterprise,2025-09-07,,183,299.0
S009088,C09088,Starter,2025-06-30,2025-09-22,16,9.0
S009089,C09089,Enterprise,2025-02-22,,110,299.0
S009090,C09090,Free,2025-05-10,,4,0.0
S009091,C09091,Professional,2025-07-11,,43,19.0
S009092,C09092,Professional,2025-04-11,2026-03-06,74,19.0
S009093,C09093,Starter,2025-09-15,,10,9.0
S009094,C09094,Professional,2025-12-24,,19,19.0
S009095,C09095,Starter,2025-03-17,,15,9.0
S009096,C09096,Professional,2025-04-03,2026-05-03,45,19.0
S009097,C09097,Free,2025-02-16,,1,0.0
S009098,C09098,Free,2025-09-22,,1,0.0
S009099,C09099,Starter,2025-06-18,,11,9.0
S009100,C09100,Free,2025-04-14,2025-09-24,4,0.0
S009101,C09101,Free,2025-03-22,,5,0.0
S009102,C09102,Free,2025-01-26,,3,0.0
S009103,C09103,Starter,2025-06-23,2025-12-22,20,9.0
S009104,C09104,Professional,2025-09-07,,61,19.0
S009105,C09105,Professional,2025-03-27,2026-02-20,48,19.0
S009106,C09106,Starter,2025-01-01,,5,9.0
S009107,C09107,Free,2025-06-22,,5,0.0
S009108,C09108,Starter,2025-09-04,,14,9.0
S009109,C09109,Starter,2025-05-06,,17,9.0
S009110,C09110,Starter,2025-04-02,,5,9.0
S009111,C09111,Starter,2025-02-26,,19,9.0
S009112,C09112,Free,2025-09-30,,2,0.0
S009113,C09113,Starter,2025-11-11,,10,9.0
S009114,C09114,Enterprise,2025-10-08,,314,299.0
S009115,C09115,Professional,2025-07-09,,12,19.0
S009116,C09116,Enterprise,2025-09-22,2026-06-30,377,299.0
S009117,C09117,Professional,2025-05-25,,28,19.0
S009118,C09118,Free,2025-01-09,,3,0.0
S009119,C09119,Professional,2025-05-15,,47,19.0
S009120,C09120,Professional,2025-09-14,,61,19.0
S009121,C09121,Enterprise,2025-08-25,,421,299.0
S009122,C09122,Professional,2025-12-28,2026-06-30,22,19.0
S009123,C09123,Free,2025-12-31,,5,0.0
S009124,C09124,Professional,2025-03-30,,55,19.0
S009125,C09125,Free,2025-01-04,,5,0.0
S009126,C09126,Free,2025-04-11,,2,0.0
S009127,C09127,Starter,2025-11-16,2026-06-30,13,9.0
S009128,C09128,Free,2025-10-24,,1,0.0
S009129,C09129,Starter,2025-02-06,,9,9.0
S009130,C09130,Enterprise,2025-02-28,,442,299.0
S009131,C09131,Professional,2025-07-25,,65,19.0
S009132,C09132,Professional,2025-08-30,,79,19.0
S009133,C09133,Professional,2025-12-25,,70,19.0
S009134,C09134,Starter,2025-10-03,2026-06-30,7,9.0
S009135,C09135,Professional,2025-03-19,,33,19.0
S009136,C09136,Professional,2025-01-14,,21,19.0
S009137,C09137,Starter,2025-08-20,,12,9.0
S009138,C09138,Starter,2025-07-22,,16,9.0
S009139,C09139,Professional,2025-12-03,,68,19.0
S009140,C09140,Professional,2025-07-30,2025-11-24,80,19.0
S009141,C09141,Starter,2025-07-02,,9,9.0
S009142,C09142,Professional,2025-04-21,,39,19.0
S009143,C09143,Professional,2025-02-01,2025-11-11,50,19.0
S009144,C09144,Enterprise,2025-11-16,,417,299.0
S009145,C09145,Professional,2025-10-29,2026-06-30,78,19.0
S009146,C09146,Free,2025-03-01,,1,0.0
S009147,C09147,Professional,2025-09-14,,34,19.0
S009148,C09148,Enterprise,2025-05-13,,191,299.0
S009149,C09149,Starter,2025-06-09,,7,9.0
S009150,C09150,Professional,2025-11-06,,20,19.0
S009151,C09151,Starter,2025-11-04,,13,9.0
S009152,C09152,Starter,2025-03-11,,14,9.0
S009153,C09153,Professional,2025-04-23,,40,19.0
S009154,C09154,Starter,2025-10-27,,13,9.0
S009155,C09155,Starter,2025-12-01,,15,9.0
S009156,C09156,Professional,2025-01-29,,56,19.0
S009157,C09157,Starter,2025-11-01,,19,9.0
S009158,C09158,Enterprise,2025-06-28,,167,299.0
S009159,C09159,Free,2025-08-04,2025-12-02,5,0.0
S009160,C09160,Professional,2025-01-28,,15,19.0
S009161,C09161,Free,2025-09-06,,1,0.0
S009162,C09162,Professional,2025-09-05,,47,19.0
S009163,C09163,Professional,2025-08-30,,44,19.0
S009164,C09164,Professional,2025-10-16,,47,19.0
S009165,C09165,Professional,2025-12-12,2026-05-28,80,19.0
S009166,C09166,Free,2025-11-07,2026-06-30,3,0.0
S009167,C09167,Enterprise,2025-09-29,,439,299.0
S009168,C09168,Starter,2025-12-25,,15,9.0
S009169,C09169,Free,2025-09-04,2026-06-30,1,0.0
S009170,C09170,Free,2025-09-03,,3,0.0
S009171,C09171,Professional,2025-07-17,,19,19.0
S009172,C09172,Professional,2025-10-08,,70,19.0
S009173,C09173,Professional,2025-01-27,,36,19.0
S009174,C09174,Professional,2025-07-04,,65,19.0
S009175,C09175,Professional,2025-06-05,,15,19.0
S009176,C09176,Enterprise,2025-11-30,,234,299.0
S009177,C09177,Professional,2025-01-27,,66,19.0
S009178,C09178,Starter,2025-08-23,,19,9.0
S009179,C09179,Enterprise,2025-03-09,,110,299.0
S009180,C09180,Enterprise,2025-11-19,,297,299.0
S009181,C09181,Professional,2025-11-07,2026-06-30,72,19.0
S009182,C09182,Professional,2025-03-27,,42,19.0
S009183,C09183,Enterprise,2025-11-15,,220,299.0
S009184,C09184,Professional,2025-07-01,,61,19.0
S009185,C09185,Free,2025-12-21,,4,0.0
S009186,C09186,Enterprise,2025-09-24,,483,299.0
S009187,C09187,Professional,2025-01-13,,74,19.0
S009188,C09188,Professional,2025-03-15,,12,19.0
S009189,C09189,Starter,2025-05-28,,17,9.0
S009190,C09190,Free,2025-03-19,,1,0.0
S009191,C09191,Starter,2025-02-18,,18,9.0
S009192,C09192,Starter,2025-12-23,,17,9.0
S009193,C09193,Starter,2025-11-14,,7,9.0
S009194,C09194,Professional,2025-06-08,,41,19.0
S009195,C09195,Starter,2025-03-20,,16,9.0
S009196,C09196,Starter,2025-03-08,2026-01-16,18,9.0
S009197,C09197,Starter,2025-12-01,,18,9.0
S009198,C09198,Professional,2025-05-01,2026-03-07,34,19.0
S009199,C09199,Professional,2025-01-05,,15,19.0
S009200,C09200,Starter,2025-05-26,,20,9.0
S009201,C09201,Starter,2025-06-15,,18,9.0
S009202,C09202,Starter,2025-08-16,,6,9.0
S009203,C09203,Professional,2025-05-04,,51,19.0
S009204,C09204,Professional,2025-12-03,,77,19.0
S009205,C09205,Professional,2025-08-23,,33,19.0
S009206,C09206,Professional,2025-12-27,,66,19.0
S009207,C09207,Professional,2025-05-14,2026-01-29,44,19.0
S009208,C09208,Starter,2025-08-26,,20,9.0
S009209,C09209,Starter,2025-05-14,,10,9.0
S009210,C09210,Starter,2025-09-13,,5,9.0
S009211,C09211,Starter,2025-09-30,,20,9.0
S009212,C09212,Free,2025-04-28,,2,0.0
S009213,C09213,Free,2025-12-09,,2,0.0
S009214,C09214,Free,2025-11-09,2026-06-30,1,0.0
S009215,C09215,Free,2025-11-23,,3,0.0
S009216,C09216,Professional,2025-03-21,,68,19.0
S009217,C09217,Starter,2025-09-20,,9,9.0
S009218,C09218,Starter,2025-02-08,,7,9.0
S009219,C09219,Starter,2025-02-08,,10,9.0
S009220,C09220,Professional,2025-12-22,2026-06-30,47,19.0
S009221,C09221,Enterprise,2025-02-25,,431,299.0
S009222,C09222,Starter,2025-11-12,,6,9.0
S009223,C09223,Professional,2025-06-07,,32,19.0
S009224,C09224,Enterprise,2025-04-21,,383,299.0
S009225,C09225,Professional,2025-01-27,,40,19.0
S009226,C09226,Professional,2025-09-04,,62,19.0
S009227,C09227,Starter,2025-09-21,2026-06-30,10,9.0
S009228,C09228,Free,2025-06-20,,1,0.0
S009229,C09229,Professional,2025-10-23,,71,19.0
S009230,C09230,Enterprise,2025-04-28,,375,299.0
S009231,C09231,Professional,2025-07-21,,19,19.0
S009232,C09232,Free,2025-04-15,,1,0.0
S009233,C09233,Free,2025-08-01,,2,0.0
S009234,C09234,Starter,2025-02-19,,20,9.0
S009235,C09235,Enterprise,2025-06-23,,220,299.0
S009236,C09236,Free,2025-07-20,,5,0.0
S009237,C09237,Starter,2025-07-23,,11,9.0
S009238,C09238,Professional,2025-06-13,,24,19.0
S009239,C09239,Free,2025-08-23,,1,0.0
S009240,C09240,Free,2025-07-06,,2,0.0
S009241,C09241,Free,2025-04-14,,2,0.0
S009242,C09242,Starter,2025-03-20,,13,9.0
S009243,C09243,Starter,2025-08-25,2026-06-30,20,9.0
S009244,C09244,Free,2025-12-09,,5,0.0
S009245,C09245,Starter,2025-10-02,2026-05-16,8,9.0
S009246,C09246,Professional,2025-08-22,,76,19.0
S009247,C09247,Professional,2025-12-03,,78,19.0
S009248,C09248,Professional,2025-11-25,2026-03-22,39,19.0
S009249,C09249,Professional,2025-07-04,,44,19.0
S009250,C09250,Professional,2025-02-09,,44,19.0
S009251,C09251,Free,2025-08-20,,3,0.0
S009252,C09252,Free,2025-08-16,,1,0.0
S009253,C09253,Professional,2025-04-12,,73,19.0
S009254,C09254,Starter,2025-11-07,,9,9.0
S009255,C09255,Starter,2025-11-14,2026-06-30,4,9.0
S009256,C09256,Free,2025-05-01,,5,0.0
S009257,C09257,Professional,2025-06-24,,18,19.0
S009258,C09258,Professional,2025-03-13,,76,19.0
S009259,C09259,Free,2025-03-07,,1,0.0
S009260,C09260,Starter,2025-04-07,,10,9.0
S009261,C09261,Starter,2025-05-14,,12,9.0
S009262,C09262,Starter,2025-04-10,,7,9.0
S009263,C09263,Starter,2025-02-25,,13,9.0
S009264,C09264,Starter,2025-06-13,2026-03-19,13,9.0
S009265,C09265,Professional,2025-08-16,,71,19.0
S009266,C09266,Enterprise,2025-04-29,2025-10-02,269,299.0
S009267,C09267,Free,2025-07-14,,5,0.0
S009268,C09268,Starter,2025-04-10,2025-12-04,16,9.0
S009269,C09269,Professional,2025-09-14,2026-06-30,67,19.0
S009270,C09270,Starter,2025-08-25,,14,9.0
S009271,C09271,Free,2025-12-17,,1,0.0
S009272,C09272,Free,2025-01-20,,4,0.0
S009273,C09273,Professional,2025-11-08,,60,19.0
S009274,C09274,Free,2025-05-05,,2,0.0
S009275,C09275,Free,2025-01-25,,4,0.0
S009276,C09276,Professional,2025-09-09,,53,19.0
S009277,C09277,Starter,2025-03-04,,14,9.0
S009278,C09278,Professional,2025-03-06,,58,19.0
S009279,C09279,Starter,2025-12-24,,15,9.0
S009280,C09280,Free,2025-03-22,2025-12-30,4,0.0
S009281,C09281,Free,2025-07-19,2026-06-30,2,0.0
S009282,C09282,Professional,2025-03-15,,59,19.0
S009283,C09283,Free,2025-02-15,,1,0.0
S009284,C09284,Starter,2025-01-01,,19,9.0
S009285,C09285,Starter,2025-01-06,,17,9.0
S009286,C09286,Enterprise,2025-06-22,,207,299.0
S009287,C09287,Enterprise,2025-06-08,,129,299.0
S009288,C09288,Professional,2025-01-15,,21,19.0
S009289,C09289,Starter,2025-05-08,,15,9.0
S009290,C09290,Free,2025-04-10,2026-06-18,1,0.0
S009291,C09291,Free,2025-07-28,,1,0.0
S009292,C09292,Free,2025-12-30,,4,0.0
S009293,C09293,Enterprise,2025-09-10,,296,299.0
S009294,C09294,Professional,2025-12-02,,33,19.0
S009295,C09295,Free,2025-03-12,,2,0.0
S009296,C09296,Professional,2025-03-20,,45,19.0
S009297,C09297,Free,2025-10-02,,2,0.0
S009298,C09298,Starter,2025-04-24,2025-10-11,4,9.0
S009299,C09299,Free,2025-11-06,2026-04-27,3,0.0
S009300,C09300,Starter,2025-06-19,,19,9.0
S009301,C09301,Starter,2025-03-15,,12,9.0
S009302,C09302,Free,2025-11-05,,3,0.0
S009303,C09303,Enterprise,2025-07-20,,233,299.0
S009304,C09304,Enterprise,2025-10-20,,150,299.0
S009305,C09305,Starter,2025-06-15,,16,9.0
S009306,C09306,Professional,2025-02-16,,38,19.0
S009307,C09307,Starter,2025-09-06,,4,9.0
S009308,C09308,Starter,2025-02-15,,8,9.0
S009309,C09309,Starter,2025-08-31,,3,9.0
S009310,C09310,Free,2025-06-02,,5,0.0
S009311,C09311,Starter,2025-10-16,2026-06-30,20,9.0
S009312,C09312,Professional,2025-11-14,,72,19.0
S009313,C09313,Professional,2025-05-29,,67,19.0
S009314,C09314,Starter,2025-11-18,,17,9.0
S009315,C09315,Starter,2025-02-10,,11,9.0
S009316,C09316,Professional,2025-02-09,,37,19.0
S009317,C09317,Enterprise,2025-12-29,,131,299.0
S009318,C09318,Free,2025-07-29,,5,0.0
S009319,C09319,Starter,2025-06-14,,3,9.0
S009320,C09320,Enterprise,2025-02-26,2026-04-23,210,299.0
S009321,C09321,Professional,2025-04-16,,40,19.0
S009322,C09322,Professional,2025-09-08,,56,19.0
S009323,C09323,Starter,2025-10-27,,20,9.0
S009324,C09324,Enterprise,2025-12-01,,309,299.0
S009325,C09325,Professional,2025-05-29,2026-05-02,67,19.0
S009326,C09326,Starter,2025-06-15,,10,9.0
S009327,C09327,Free,2025-03-01,,5,0.0
S009328,C09328,Professional,2025-01-31,,23,19.0
S009329,C09329,Starter,2025-06-09,,10,9.0
S009330,C09330,Starter,2025-07-31,2026-06-05,7,9.0
S009331,C09331,Starter,2025-02-08,,7,9.0
S009332,C09332,Starter,2025-05-30,,17,9.0
S009333,C09333,Professional,2025-08-23,,60,19.0
S009334,C09334,Free,2025-10-23,,4,0.0
S009335,C09335,Starter,2025-12-09,,4,9.0
S009336,C09336,Professional,2025-05-05,,76,19.0
S009337,C09337,Professional,2025-05-23,,77,19.0
S009338,C09338,Starter,2025-11-16,2026-03-08,15,9.0
S009339,C09339,Free,2025-09-11,,3,0.0
S009340,C09340,Starter,2025-04-10,,4,9.0
S009341,C09341,Professional,2025-09-08,,41,19.0
S009342,C09342,Starter,2025-02-27,2026-03-23,5,9.0
S009343,C09343,Starter,2025-06-13,,14,9.0
S009344,C09344,Enterprise,2025-04-22,2026-04-21,390,299.0
S009345,C09345,Free,2025-12-29,,1,0.0
S009346,C09346,Professional,2025-01-13,,27,19.0
S009347,C09347,Professional,2025-11-09,,56,19.0
S009348,C09348,Starter,2025-04-13,,7,9.0
S009349,C09349,Enterprise,2025-01-14,,442,299.0
S009350,C09350,Free,2025-08-29,,3,0.0
S009351,C09351,Professional,2025-09-05,,57,19.0
S009352,C09352,Free,2025-02-21,,4,0.0
S009353,C09353,Starter,2025-01-14,,13,9.0
S009354,C09354,Free,2025-02-10,,4,0.0
S009355,C09355,Starter,2025-05-30,,13,9.0
S009356,C09356,Free,2025-02-18,,1,0.0
S009357,C09357,Starter,2025-09-14,,8,9.0
S009358,C09358,Free,2025-01-29,,5,0.0
S009359,C09359,Starter,2025-10-15,,9,9.0
S009360,C09360,Free,2025-11-16,,5,0.0
S009361,C09361,Professional,2025-09-19,,50,19.0
S009362,C09362,Professional,2025-12-11,,66,19.0
S009363,C09363,Professional,2025-12-09,2026-06-30,26,19.0
S009364,C09364,Professional,2025-01-17,,23,19.0
S009365,C09365,Free,2025-05-05,,2,0.0
S009366,C09366,Starter,2025-10-05,,17,9.0
S009367,C09367,Professional,2025-05-04,,58,19.0
S009368,C09368,Starter,2025-09-27,2026-06-30,12,9.0
S009369,C09369,Professional,2025-10-10,,22,19.0
S009370,C09370,Free,2025-12-30,,1,0.0
S009371,C09371,Starter,2025-05-01,,5,9.0
S009372,C09372,Starter,2025-05-07,2025-12-21,15,9.0
S009373,C09373,Professional,2025-01-09,,77,19.0
S009374,C09374,Enterprise,2025-04-15,,491,299.0
S009375,C09375,Professional,2025-04-13,,64,19.0
S009376,C09376,Professional,2025-06-15,2026-05-11,40,19.0
S009377,C09377,Professional,2025-06-03,,61,19.0
S009378,C09378,Enterprise,2025-11-09,,125,299.0
S009379,C09379,Professional,2025-10-10,,35,19.0
S009380,C09380,Starter,2025-09-23,,7,9.0
S009381,C09381,Starter,2025-01-02,,20,9.0
S009382,C09382,Enterprise,2025-06-22,,323,299.0
S009383,C09383,Professional,2025-09-24,,76,19.0
S009384,C09384,Starter,2025-03-31,,17,9.0
S009385,C09385,Professional,2025-06-05,,62,19.0
S009386,C09386,Starter,2025-09-23,,6,9.0
S009387,C09387,Professional,2025-10-18,,15,19.0
S009388,C09388,Starter,2025-11-08,,6,9.0
S009389,C09389,Professional,2025-06-06,,68,19.0
S009390,C09390,Professional,2025-05-26,,75,19.0
S009391,C09391,Starter,2025-05-20,,15,9.0
S009392,C09392,Enterprise,2025-09-02,,453,299.0
S009393,C09393,Starter,2025-06-03,,4,9.0
S009394,C09394,Professional,2025-05-27,,75,19.0
S009395,C09395,Starter,2025-03-03,,4,9.0
S009396,C09396,Starter,2025-06-24,,6,9.0
S009397,C09397,Professional,2025-03-28,,68,19.0
S009398,C09398,Professional,2025-07-11,,76,19.0
S009399,C09399,Enterprise,2025-11-21,,163,299.0
S009400,C09400,Professional,2025-10-11,,34,19.0
S009401,C09401,Starter,2025-06-24,,17,9.0
S009402,C09402,Professional,2025-12-23,,46,19.0
S009403,C09403,Enterprise,2025-12-24,,262,299.0
S009404,C09404,Enterprise,2025-06-12,,283,299.0
S009405,C09405,Enterprise,2025-10-06,,217,299.0
S009406,C09406,Professional,2025-05-05,,79,19.0
S009407,C09407,Professional,2025-11-17,,47,19.0
S009408,C09408,Professional,2025-05-17,,28,19.0
S009409,C09409,Starter,2025-04-05,,19,9.0
S009410,C09410,Professional,2025-02-18,,78,19.0
S009411,C09411,Starter,2025-11-04,,4,9.0
S009412,C09412,Starter,2025-04-19,,20,9.0
S009413,C09413,Starter,2025-10-24,,20,9.0
S009414,C09414,Free,2025-02-01,,5,0.0
S009415,C09415,Professional,2025-07-02,,20,19.0
S009416,C09416,Starter,2025-06-06,,9,9.0
S009417,C09417,Starter,2025-06-10,,18,9.0
S009418,C09418,Starter,2025-03-03,,9,9.0
S009419,C09419,Professional,2025-01-27,,40,19.0
S009420,C09420,Free,2025-05-07,,2,0.0
S009421,C09421,Starter,2025-06-21,,10,9.0
S009422,C09422,Starter,2025-10-17,,11,9.0
S009423,C09423,Enterprise,2025-06-18,,263,299.0
S009424,C09424,Free,2025-03-31,2026-01-07,2,0.0
S009425,C09425,Enterprise,2025-04-06,,135,299.0
S009426,C09426,Free,2025-08-12,,4,0.0
S009427,C09427,Free,2025-06-09,,1,0.0
S009428,C09428,Enterprise,2025-11-25,,447,299.0
S009429,C09429,Professional,2025-06-10,2025-11-01,15,19.0
S009430,C09430,Starter,2025-07-26,,20,9.0
S009431,C09431,Professional,2025-01-24,,49,19.0
S009432,C09432,Free,2025-03-12,,3,0.0
S009433,C09433,Free,2025-11-07,,5,0.0
S009434,C09434,Free,2025-05-06,,3,0.0
S009435,C09435,Starter,2025-06-03,,5,9.0
S009436,C09436,Free,2025-08-04,,3,0.0
S009437,C09437,Starter,2025-01-22,,11,9.0
S009438,C09438,Professional,2025-07-04,,74,19.0
S009439,C09439,Starter,2025-05-07,,12,9.0
S009440,C09440,Starter,2025-02-24,2025-10-28,4,9.0
S009441,C09441,Free,2025-06-02,,2,0.0
S009442,C09442,Enterprise,2025-06-13,,222,299.0
S009443,C09443,Free,2025-03-10,,2,0.0
S009444,C09444,Starter,2025-07-18,,6,9.0
S009445,C09445,Enterprise,2025-09-30,,131,299.0
S009446,C09446,Starter,2025-04-08,,16,9.0
S009447,C09447,Starter,2025-12-19,,10,9.0
S009448,C09448,Professional,2025-08-12,,36,19.0
S009449,C09449,Free,2025-10-10,,3,0.0
S009450,C09450,Starter,2025-01-26,,20,9.0
S009451,C09451,Professional,2025-10-08,,59,19.0
S009452,C09452,Enterprise,2025-05-03,,492,299.0
S009453,C09453,Enterprise,2025-09-17,2026-06-30,340,299.0
S009454,C09454,Professional,2025-10-21,,72,19.0
S009455,C09455,Starter,2025-04-02,,19,9.0
S009456,C09456,Professional,2025-04-05,,46,19.0
S009457,C09457,Enterprise,2025-01-22,,297,299.0
S009458,C09458,Professional,2025-08-09,,76,19.0
S009459,C09459,Free,2025-10-10,,4,0.0
S009460,C09460,Enterprise,2025-05-30,,251,299.0
S009461,C09461,Enterprise,2025-02-28,,228,299.0
S009462,C09462,Starter,2025-04-26,,10,9.0
S009463,C09463,Professional,2025-05-28,,28,19.0
S009464,C09464,Professional,2025-12-01,,43,19.0
S009465,C09465,Starter,2025-02-15,,15,9.0
S009466,C09466,Enterprise,2025-05-06,,379,299.0
S009467,C09467,Free,2025-08-21,,1,0.0
S009468,C09468,Starter,2025-03-28,,4,9.0
S009469,C09469,Enterprise,2025-11-19,,352,299.0
S009470,C09470,Enterprise,2025-11-28,,314,299.0
S009471,C09471,Free,2025-05-19,,1,0.0
S009472,C09472,Professional,2025-09-30,,78,19.0
S009473,C09473,Professional,2025-10-03,,79,19.0
S009474,C09474,Professional,2025-09-06,,14,19.0
S009475,C09475,Starter,2025-03-10,,3,9.0
S009476,C09476,Enterprise,2025-01-19,,134,299.0
S009477,C09477,Professional,2025-05-07,,56,19.0
S009478,C09478,Professional,2025-02-17,2026-05-27,77,19.0
S009479,C09479,Starter,2025-04-17,,10,9.0
S009480,C09480,Starter,2025-08-21,,17,9.0
S009481,C09481,Starter,2025-08-03,,6,9.0
S009482,C09482,Free,2025-03-18,,1,0.0
S009483,C09483,Enterprise,2025-01-07,,293,299.0
S009484,C09484,Professional,2025-03-24,,42,19.0
S009485,C09485,Professional,2025-06-16,2026-06-30,80,19.0
S009486,C09486,Starter,2025-10-12,2026-03-09,8,9.0
S009487,C09487,Professional,2025-05-14,,40,19.0
S009488,C09488,Starter,2025-04-15,,6,9.0
S009489,C09489,Professional,2025-07-21,,38,19.0
S009490,C09490,Free,2025-01-27,,1,0.0
S009491,C09491,Starter,2025-03-24,2026-04-07,9,9.0
S009492,C09492,Starter,2025-01-14,,7,9.0
S009493,C09493,Free,2025-07-11,,2,0.0
S009494,C09494,Professional,2025-06-11,,56,19.0
S009495,C09495,Professional,2025-08-01,,65,19.0
S009496,C09496,Starter,2025-08-14,,8,9.0
S009497,C09497,Professional,2025-05-25,,72,19.0
S009498,C09498,Enterprise,2025-11-14,,223,299.0
S009499,C09499,Professional,2025-12-02,,15,19.0
S009500,C09500,Professional,2025-02-10,,28,19.0
S009501,C09501,Starter,2025-12-02,,7,9.0
S009502,C09502,Professional,2025-03-13,,16,19.0
S009503,C09503,Starter,2025-04-01,,14,9.0
S009504,C09504,Starter,2025-07-13,,13,9.0
S009505,C09505,Free,2025-01-11,2026-01-19,2,0.0
S009506,C09506,Starter,2025-05-13,,16,9.0
S009507,C09507,Starter,2025-03-13,2025-08-06,6,9.0
S009508,C09508,Starter,2025-06-26,,20,9.0
S009509,C09509,Professional,2025-10-25,,34,19.0
S009510,C09510,Starter,2025-12-04,,7,9.0
S009511,C09511,Starter,2025-03-19,,16,9.0
S009512,C09512,Starter,2025-07-18,,5,9.0
S009513,C09513,Starter,2025-06-23,,20,9.0
S009514,C09514,Starter,2025-06-01,,15,9.0
S009515,C09515,Professional,2025-08-19,,24,19.0
S009516,C09516,Free,2025-12-28,,2,0.0
S009517,C09517,Starter,2025-05-28,2026-06-18,20,9.0
S009518,C09518,Professional,2025-01-24,,46,19.0
S009519,C09519,Starter,2025-12-01,,12,9.0
S009520,C09520,Enterprise,2025-12-07,,384,299.0
S009521,C09521,Free,2025-04-28,,2,0.0
S009522,C09522,Starter,2025-07-03,,10,9.0
S009523,C09523,Starter,2025-11-11,2026-06-30,10,9.0
S009524,C09524,Enterprise,2025-07-03,,248,299.0
S009525,C09525,Free,2025-06-25,,2,0.0
S009526,C09526,Starter,2025-12-03,,10,9.0
S009527,C09527,Starter,2025-10-30,,17,9.0
S009528,C09528,Enterprise,2025-07-05,2026-04-24,283,299.0
S009529,C09529,Professional,2025-02-28,,16,19.0
S009530,C09530,Starter,2025-06-10,,3,9.0
S009531,C09531,Professional,2025-09-04,2026-06-30,11,19.0
S009532,C09532,Professional,2025-04-10,,23,19.0
S009533,C09533,Free,2025-07-16,,4,0.0
S009534,C09534,Starter,2025-08-29,,13,9.0
S009535,C09535,Starter,2025-02-01,,9,9.0
S009536,C09536,Starter,2025-07-27,,3,9.0
S009537,C09537,Professional,2025-09-27,,33,19.0
S009538,C09538,Enterprise,2025-03-20,,210,299.0
S009539,C09539,Professional,2025-07-20,,45,19.0
S009540,C09540,Free,2025-09-16,,3,0.0
S009541,C09541,Starter,2025-01-17,,6,9.0
S009542,C09542,Starter,2025-08-24,2026-05-27,10,9.0
S009543,C09543,Professional,2025-04-05,,18,19.0
S009544,C09544,Professional,2025-05-26,,13,19.0
S009545,C09545,Professional,2025-08-25,,75,19.0
S009546,C09546,Enterprise,2025-01-02,,451,299.0
S009547,C09547,Free,2025-01-07,,5,0.0
S009548,C09548,Professional,2025-06-13,,16,19.0
S009549,C09549,Professional,2025-12-13,,58,19.0
S009550,C09550,Starter,2025-01-03,,18,9.0
S009551,C09551,Professional,2025-10-15,,38,19.0
S009552,C09552,Free,2025-01-28,,5,0.0
S009553,C09553,Professional,2025-06-28,,78,19.0
S009554,C09554,Starter,2025-06-07,,6,9.0
S009555,C09555,Starter,2025-06-20,,18,9.0
S009556,C09556,Professional,2025-01-30,,15,19.0
S009557,C09557,Starter,2025-10-03,,5,9.0
S009558,C09558,Free,2025-04-11,2026-06-30,1,0.0
S009559,C09559,Professional,2025-10-09,2026-06-30,79,19.0
S009560,C09560,Starter,2025-08-28,,18,9.0
S009561,C09561,Free,2025-07-21,,2,0.0
S009562,C09562,Professional,2025-04-23,,79,19.0
S009563,C09563,Enterprise,2025-08-27,,151,299.0
S009564,C09564,Starter,2025-12-31,,13,9.0
S009565,C09565,Enterprise,2025-12-03,,446,299.0
S009566,C09566,Enterprise,2025-12-01,2026-06-30,479,299.0
S009567,C09567,Starter,2025-03-22,,6,9.0
S009568,C09568,Enterprise,2025-08-02,,408,299.0
S009569,C09569,Professional,2025-05-26,,58,19.0
S009570,C09570,Professional,2025-12-19,,50,19.0
S009571,C09571,Free,2025-12-13,,5,0.0
S009572,C09572,Professional,2025-11-13,,74,19.0
S009573,C09573,Starter,2025-03-01,,5,9.0
S009574,C09574,Professional,2025-04-27,,43,19.0
S009575,C09575,Starter,2025-09-17,,6,9.0
S009576,C09576,Professional,2025-10-01,,39,19.0
S009577,C09577,Professional,2025-05-08,,36,19.0
S009578,C09578,Starter,2025-02-19,,15,9.0
S009579,C09579,Starter,2025-02-19,,14,9.0
S009580,C09580,Free,2025-09-07,,4,0.0
S009581,C09581,Starter,2025-06-15,2026-06-30,15,9.0
S009582,C09582,Enterprise,2025-06-29,,242,299.0
S009583,C09583,Professional,2025-10-25,,55,19.0
S009584,C09584,Professional,2025-01-07,,43,19.0
S009585,C09585,Professional,2025-10-03,,48,19.0
S009586,C09586,Professional,2025-04-11,,25,19.0
S009587,C09587,Starter,2025-12-06,,7,9.0
S009588,C09588,Starter,2025-12-15,,5,9.0
S009589,C09589,Free,2025-07-03,,1,0.0
S009590,C09590,Professional,2025-04-26,,34,19.0
S009591,C09591,Professional,2025-03-27,,23,19.0
S009592,C09592,Starter,2025-03-08,,11,9.0
S009593,C09593,Starter,2025-12-31,,15,9.0
S009594,C09594,Professional,2025-03-10,,21,19.0
S009595,C09595,Professional,2025-06-12,2026-06-30,24,19.0
S009596,C09596,Professional,2025-06-24,,21,19.0
S009597,C09597,Free,2025-09-05,2026-03-08,5,0.0
S009598,C09598,Professional,2025-11-04,,18,19.0
S009599,C09599,Professional,2025-07-23,,75,19.0
S009600,C09600,Free,2025-10-04,,5,0.0
S009601,C09601,Professional,2025-07-26,,37,19.0
S009602,C09602,Starter,2025-06-09,,15,9.0
S009603,C09603,Professional,2025-02-27,,22,19.0
S009604,C09604,Enterprise,2025-03-18,2025-08-14,158,299.0
S009605,C09605,Professional,2025-06-07,2025-09-10,56,19.0
S009606,C09606,Starter,2025-01-17,,14,9.0
S009607,C09607,Enterprise,2025-04-26,,221,299.0
S009608,C09608,Starter,2025-06-18,,11,9.0
S009609,C09609,Starter,2025-06-22,,12,9.0
S009610,C09610,Starter,2025-10-25,,13,9.0
S009611,C09611,Free,2025-12-20,,2,0.0
S009612,C09612,Professional,2025-09-24,2026-04-18,68,19.0
S009613,C09613,Starter,2025-01-30,,13,9.0
S009614,C09614,Professional,2025-05-30,,43,19.0
S009615,C09615,Professional,2025-09-24,,46,19.0
S009616,C09616,Professional,2025-08-06,,30,19.0
S009617,C09617,Free,2025-06-17,,2,0.0
S009618,C09618,Starter,2025-06-09,2026-06-30,17,9.0
S009619,C09619,Enterprise,2025-05-29,,152,299.0
S009620,C09620,Starter,2025-07-31,,5,9.0
S009621,C09621,Free,2025-03-07,,1,0.0
S009622,C09622,Professional,2025-07-08,2025-10-23,75,19.0
S009623,C09623,Professional,2025-03-17,,67,19.0
S009624,C09624,Professional,2025-09-06,,76,19.0
S009625,C09625,Starter,2025-11-12,,8,9.0
S009626,C09626,Starter,2025-07-05,,9,9.0
S009627,C09627,Starter,2025-05-22,,8,9.0
S009628,C09628,Professional,2025-12-10,,64,19.0
S009629,C09629,Enterprise,2025-08-29,,403,299.0
S009630,C09630,Professional,2025-06-06,,75,19.0
S009631,C09631,Professional,2025-01-11,,30,19.0
S009632,C09632,Professional,2025-01-06,2025-07-23,75,19.0
S009633,C09633,Professional,2025-03-22,,77,19.0
S009634,C09634,Starter,2025-03-28,,5,9.0
S009635,C09635,Professional,2025-09-21,2026-06-30,34,19.0
S009636,C09636,Professional,2025-07-02,,21,19.0
S009637,C09637,Starter,2025-12-31,,20,9.0
S009638,C09638,Professional,2025-07-17,,44,19.0
S009639,C09639,Starter,2025-11-26,,3,9.0
S009640,C09640,Starter,2025-07-21,,12,9.0
S009641,C09641,Professional,2025-05-11,,22,19.0
S009642,C09642,Professional,2025-09-18,,34,19.0
S009643,C09643,Starter,2025-06-14,,13,9.0
S009644,C09644,Professional,2025-04-11,2026-05-30,15,19.0
S009645,C09645,Free,2025-06-22,,5,0.0
S009646,C09646,Professional,2025-08-31,2025-12-28,40,19.0
S009647,C09647,Starter,2025-05-18,,14,9.0
S009648,C09648,Professional,2025-09-14,,29,19.0
S009649,C09649,Professional,2025-12-24,,64,19.0
S009650,C09650,Free,2025-05-31,,3,0.0
S009651,C09651,Professional,2025-04-18,,46,19.0
S009652,C09652,Professional,2025-05-27,,29,19.0
S009653,C09653,Professional,2025-11-02,2026-06-30,23,19.0
S009654,C09654,Enterprise,2025-03-07,,274,299.0
S009655,C09655,Starter,2025-12-22,,8,9.0
S009656,C09656,Free,2025-06-01,,3,0.0
S009657,C09657,Professional,2025-11-04,,51,19.0
S009658,C09658,Professional,2025-10-15,,35,19.0
S009659,C09659,Professional,2025-10-14,,19,19.0
S009660,C09660,Professional,2025-11-28,,24,19.0
S009661,C09661,Professional,2025-03-09,,29,19.0
S009662,C09662,Starter,2025-08-05,,10,9.0
S009663,C09663,Starter,2025-02-06,,16,9.0
S009664,C09664,Enterprise,2025-04-20,,204,299.0
S009665,C09665,Starter,2025-01-15,2025-12-18,16,9.0
S009666,C09666,Professional,2025-09-07,,14,19.0
S009667,C09667,Professional,2025-08-10,,56,19.0
S009668,C09668,Free,2025-09-28,,4,0.0
S009669,C09669,Professional,2025-03-06,,66,19.0
S009670,C09670,Free,2025-05-02,,4,0.0
S009671,C09671,Enterprise,2025-09-04,,226,299.0
S009672,C09672,Professional,2025-10-29,,32,19.0
S009673,C09673,Free,2025-11-20,,5,0.0
S009674,C09674,Professional,2025-01-27,,78,19.0
S009675,C09675,Professional,2025-05-27,,46,19.0
S009676,C09676,Starter,2025-01-04,,17,9.0
S009677,C09677,Free,2025-10-26,,5,0.0
S009678,C09678,Starter,2025-02-14,,19,9.0
S009679,C09679,Professional,2025-10-28,2026-06-30,12,19.0
S009680,C09680,Free,2025-02-26,,3,0.0
S009681,C09681,Professional,2025-01-06,2025-08-16,52,19.0
S009682,C09682,Starter,2025-11-17,,12,9.0
S009683,C09683,Professional,2025-06-10,,51,19.0
S009684,C09684,Professional,2025-06-05,,59,19.0
S009685,C09685,Free,2025-08-25,,2,0.0
S009686,C09686,Professional,2025-04-11,,51,19.0
S009687,C09687,Starter,2025-09-10,,15,9.0
S009688,C09688,Starter,2025-06-06,,15,9.0
S009689,C09689,Free,2025-04-10,,3,0.0
S009690,C09690,Professional,2025-05-25,2025-10-18,40,19.0
S009691,C09691,Professional,2025-01-03,,35,19.0
S009692,C09692,Starter,2025-04-21,,5,9.0
S009693,C09693,Free,2025-08-04,2026-06-30,4,0.0
S009694,C09694,Professional,2025-02-20,,67,19.0
S009695,C09695,Enterprise,2025-02-13,2025-08-22,495,299.0
S009696,C09696,Professional,2025-08-28,,37,19.0
S009697,C09697,Starter,2025-06-06,,6,9.0
S009698,C09698,Professional,2025-02-19,,53,19.0
S009699,C09699,Starter,2025-09-30,,13,9.0
S009700,C09700,Starter,2025-10-11,,9,9.0
S009701,C09701,Free,2025-01-13,,2,0.0
S009702,C09702,Free,2025-03-15,,3,0.0
S009703,C09703,Professional,2025-05-16,,40,19.0
S009704,C09704,Professional,2025-09-24,,55,19.0
S009705,C09705,Professional,2025-01-28,2025-05-09,61,19.0
S009706,C09706,Enterprise,2025-10-22,2026-06-01,331,299.0
S009707,C09707,Starter,2025-04-27,,15,9.0
S009708,C09708,Professional,2025-02-15,,20,19.0
S009709,C09709,Professional,2025-11-12,2026-06-30,32,19.0
S009710,C09710,Starter,2025-02-01,,7,9.0
S009711,C09711,Free,2025-02-17,,4,0.0
S009712,C09712,Professional,2025-12-13,2026-06-30,22,19.0
S009713,C09713,Free,2025-07-09,2026-01-07,5,0.0
S009714,C09714,Enterprise,2025-06-19,,330,299.0
S009715,C09715,Professional,2025-09-08,2026-02-04,22,19.0
S009716,C09716,Free,2025-08-19,2026-06-30,2,0.0
S009717,C09717,Free,2025-08-12,,1,0.0
S009718,C09718,Professional,2025-01-09,,27,19.0
S009719,C09719,Professional,2025-07-21,,52,19.0
S009720,C09720,Professional,2025-04-12,,13,19.0
S009721,C09721,Starter,2025-10-22,,12,9.0
S009722,C09722,Professional,2025-07-04,2026-06-30,64,19.0
S009723,C09723,Professional,2025-02-15,2025-04-24,27,19.0
S009724,C09724,Professional,2025-11-20,,13,19.0
S009725,C09725,Enterprise,2025-04-14,,349,299.0
S009726,C09726,Professional,2025-04-10,,37,19.0
S009727,C09727,Professional,2025-12-08,,39,19.0
S009728,C09728,Professional,2025-10-10,,42,19.0
S009729,C09729,Enterprise,2025-11-10,,335,299.0
S009730,C09730,Professional,2025-08-30,,42,19.0
S009731,C09731,Professional,2025-11-29,,31,19.0
S009732,C09732,Free,2025-02-12,,1,0.0
S009733,C09733,Professional,2025-08-07,,79,19.0
S009734,C09734,Professional,2025-04-18,,60,19.0
S009735,C09735,Professional,2025-05-26,,57,19.0
S009736,C09736,Professional,2025-03-28,,26,19.0
S009737,C09737,Professional,2025-03-16,,11,19.0
S009738,C09738,Professional,2025-06-11,,54,19.0
S009739,C09739,Free,2025-12-02,,5,0.0
S009740,C09740,Professional,2025-08-20,,36,19.0
S009741,C09741,Starter,2025-05-08,,5,9.0
S009742,C09742,Starter,2025-06-08,,12,9.0
S009743,C09743,Enterprise,2025-07-13,,495,299.0
S009744,C09744,Free,2025-03-31,,3,0.0
S009745,C09745,Enterprise,2025-07-10,,235,299.0
S009746,C09746,Professional,2025-09-11,,77,19.0
S009747,C09747,Enterprise,2025-03-30,,196,299.0
S009748,C09748,Starter,2025-08-02,,9,9.0
S009749,C09749,Free,2025-09-16,,2,0.0
S009750,C09750,Professional,2025-07-09,,20,19.0
S009751,C09751,Starter,2025-04-17,,18,9.0
S009752,C09752,Professional,2025-07-22,,35,19.0
S009753,C09753,Professional,2025-10-17,,66,19.0
S009754,C09754,Starter,2025-03-22,,11,9.0
S009755,C09755,Enterprise,2025-07-29,,391,299.0
S009756,C09756,Starter,2025-09-06,,4,9.0
S009757,C09757,Starter,2025-04-28,,13,9.0
S009758,C09758,Professional,2025-05-22,,75,19.0
S009759,C09759,Starter,2025-11-21,,20,9.0
S009760,C09760,Professional,2025-05-13,,24,19.0
S009761,C09761,Professional,2025-08-07,,64,19.0
S009762,C09762,Starter,2025-02-24,,19,9.0
S009763,C09763,Starter,2025-12-04,,16,9.0
S009764,C09764,Free,2025-08-06,,3,0.0
S009765,C09765,Starter,2025-10-05,2026-06-30,5,9.0
S009766,C09766,Starter,2025-08-08,,12,9.0
S009767,C09767,Free,2025-05-10,,1,0.0
S009768,C09768,Professional,2025-05-05,,58,19.0
S009769,C09769,Professional,2025-09-13,2026-06-30,39,19.0
S009770,C09770,Free,2025-11-10,,1,0.0
S009771,C09771,Professional,2025-02-16,,59,19.0
S009772,C09772,Starter,2025-11-05,,10,9.0
S009773,C09773,Free,2025-10-30,,3,0.0
S009774,C09774,Free,2025-02-09,,2,0.0
S009775,C09775,Professional,2025-02-09,,40,19.0
S009776,C09776,Free,2025-09-11,,1,0.0
S009777,C09777,Professional,2025-11-04,,23,19.0
S009778,C09778,Professional,2025-05-24,,57,19.0
S009779,C09779,Professional,2025-08-22,,69,19.0
S009780,C09780,Professional,2025-12-31,2026-06-30,21,19.0
S009781,C09781,Free,2025-04-28,,1,0.0
S009782,C09782,Professional,2025-03-24,,51,19.0
S009783,C09783,Starter,2025-12-28,,13,9.0
S009784,C09784,Starter,2025-04-13,,10,9.0
S009785,C09785,Starter,2025-06-22,,20,9.0
S009786,C09786,Free,2025-06-11,,5,0.0
S009787,C09787,Professional,2025-07-10,,55,19.0
S009788,C09788,Starter,2025-04-09,,19,9.0
S009789,C09789,Free,2025-09-05,,3,0.0
S009790,C09790,Professional,2025-09-10,,10,19.0
S009791,C09791,Free,2025-03-15,,1,0.0
S009792,C09792,Starter,2025-06-25,,17,9.0
S009793,C09793,Free,2025-01-21,,1,0.0
S009794,C09794,Starter,2025-03-22,2026-06-03,6,9.0
S009795,C09795,Professional,2025-12-27,2026-06-30,58,19.0
S009796,C09796,Professional,2025-07-04,,43,19.0
S009797,C09797,Professional,2025-08-16,,27,19.0
S009798,C09798,Starter,2025-11-21,,17,9.0
S009799,C09799,Professional,2025-09-18,,61,19.0
S009800,C09800,Professional,2025-10-17,,30,19.0
S009801,C09801,Professional,2025-09-17,,24,19.0
S009802,C09802,Starter,2025-07-02,,16,9.0
S009803,C09803,Professional,2025-08-19,,26,19.0
S009804,C09804,Free,2025-04-16,,2,0.0
S009805,C09805,Starter,2025-11-22,,18,9.0
S009806,C09806,Professional,2025-03-07,,71,19.0
S009807,C09807,Professional,2025-11-19,,79,19.0
S009808,C09808,Professional,2025-11-17,,41,19.0
S009809,C09809,Starter,2025-02-21,,16,9.0
S009810,C09810,Starter,2025-09-17,,6,9.0
S009811,C09811,Enterprise,2025-12-28,,497,299.0
S009812,C09812,Starter,2025-07-28,,3,9.0
S009813,C09813,Free,2025-05-05,,5,0.0
S009814,C09814,Starter,2025-11-17,,13,9.0
S009815,C09815,Professional,2025-07-07,,76,19.0
S009816,C09816,Starter,2025-02-14,,15,9.0
S009817,C09817,Free,2025-04-01,,1,0.0
S009818,C09818,Professional,2025-09-07,,58,19.0
S009819,C09819,Professional,2025-06-16,,62,19.0
S009820,C09820,Professional,2025-03-21,,45,19.0
S009821,C09821,Free,2025-10-19,,3,0.0
S009822,C09822,Free,2025-02-14,,3,0.0
S009823,C09823,Starter,2025-03-21,,7,9.0
S009824,C09824,Starter,2025-06-19,,14,9.0
S009825,C09825,Free,2025-01-15,,3,0.0
S009826,C09826,Professional,2025-05-22,,12,19.0
S009827,C09827,Enterprise,2025-11-29,,403,299.0
S009828,C09828,Free,2025-12-10,,2,0.0
S009829,C09829,Professional,2025-11-15,,13,19.0
S009830,C09830,Starter,2025-04-29,,7,9.0
S009831,C09831,Starter,2025-01-24,,19,9.0
S009832,C09832,Professional,2025-10-25,,65,19.0
S009833,C09833,Starter,2025-05-17,,10,9.0
S009834,C09834,Starter,2025-10-01,,10,9.0
S009835,C09835,Free,2025-02-13,,3,0.0
S009836,C09836,Professional,2025-09-01,,13,19.0
S009837,C09837,Professional,2025-08-03,,35,19.0
S009838,C09838,Free,2025-12-02,,5,0.0
S009839,C09839,Starter,2025-02-07,,14,9.0
S009840,C09840,Starter,2025-05-29,,9,9.0
S009841,C09841,Starter,2025-12-28,,20,9.0
S009842,C09842,Free,2025-05-23,,1,0.0
S009843,C09843,Professional,2025-08-29,,71,19.0
S009844,C09844,Professional,2025-02-28,2025-09-26,39,19.0
S009845,C09845,Professional,2025-09-23,,45,19.0
S009846,C09846,Starter,2025-04-11,,20,9.0
S009847,C09847,Professional,2025-07-28,,76,19.0
S009848,C09848,Professional,2025-11-18,,66,19.0
S009849,C09849,Starter,2025-08-30,2026-06-30,12,9.0
S009850,C09850,Starter,2025-06-23,,13,9.0
S009851,C09851,Professional,2025-03-11,,74,19.0
S009852,C09852,Professional,2025-05-05,,63,19.0
S009853,C09853,Starter,2025-11-06,2026-06-30,8,9.0
S009854,C09854,Professional,2025-03-20,,46,19.0
S009855,C09855,Starter,2025-08-28,,17,9.0
S009856,C09856,Free,2025-06-27,2026-06-30,5,0.0
S009857,C09857,Professional,2025-04-28,,31,19.0
S009858,C09858,Professional,2025-09-19,2026-06-30,69,19.0
S009859,C09859,Starter,2025-05-13,,13,9.0
S009860,C09860,Free,2025-04-15,,2,0.0
S009861,C09861,Enterprise,2025-07-13,,297,299.0
S009862,C09862,Professional,2025-10-04,,41,19.0
S009863,C09863,Starter,2025-11-12,2026-06-30,4,9.0
S009864,C09864,Starter,2025-08-18,2026-06-30,7,9.0
S009865,C09865,Professional,2025-08-30,,19,19.0
S009866,C09866,Free,2025-10-15,,4,0.0
S009867,C09867,Starter,2025-04-09,,10,9.0
S009868,C09868,Enterprise,2025-04-02,,154,299.0
S009869,C09869,Professional,2025-06-26,,52,19.0
S009870,C09870,Enterprise,2025-08-19,2026-06-30,289,299.0
S009871,C09871,Starter,2025-08-24,,15,9.0
S009872,C09872,Free,2025-02-26,,5,0.0
S009873,C09873,Enterprise,2025-10-12,,495,299.0
S009874,C09874,Professional,2025-05-13,,43,19.0
S009875,C09875,Professional,2025-11-17,,12,19.0
S009876,C09876,Starter,2025-09-22,,4,9.0
S009877,C09877,Professional,2025-12-25,,19,19.0
S009878,C09878,Free,2025-08-19,2026-06-20,1,0.0
S009879,C09879,Enterprise,2025-07-12,,358,299.0
S009880,C09880,Professional,2025-03-10,,77,19.0
S009881,C09881,Free,2025-05-26,,4,0.0
S009882,C09882,Free,2025-11-10,,4,0.0
S009883,C09883,Free,2025-05-20,2026-06-30,2,0.0
S009884,C09884,Professional,2025-01-20,,60,19.0
S009885,C09885,Free,2025-03-31,2026-06-30,3,0.0
S009886,C09886,Starter,2025-08-06,,9,9.0
S009887,C09887,Starter,2025-08-18,,3,9.0
S009888,C09888,Professional,2025-12-26,,45,19.0
S009889,C09889,Professional,2025-12-07,,39,19.0
S009890,C09890,Starter,2025-07-13,,13,9.0
S009891,C09891,Starter,2025-07-22,,11,9.0
S009892,C09892,Starter,2025-10-20,,16,9.0
S009893,C09893,Enterprise,2025-01-18,,461,299.0
S009894,C09894,Starter,2025-08-06,,12,9.0
S009895,C09895,Starter,2025-06-23,,9,9.0
S009896,C09896,Starter,2025-10-13,,8,9.0
S009897,C09897,Free,2025-10-20,,5,0.0
S009898,C09898,Professional,2025-08-28,,47,19.0
S009899,C09899,Starter,2025-08-28,,20,9.0
S009900,C09900,Enterprise,2025-09-10,,373,299.0
S009901,C09901,Professional,2025-07-31,,51,19.0
S009902,C09902,Professional,2025-03-25,,14,19.0
S009903,C09903,Starter,2025-04-14,,16,9.0
S009904,C09904,Free,2025-09-28,,3,0.0
S009905,C09905,Free,2025-08-14,,1,0.0
S009906,C09906,Professional,2025-03-28,,34,19.0
S009907,C09907,Enterprise,2025-11-17,,282,299.0
S009908,C09908,Starter,2025-12-24,,19,9.0
S009909,C09909,Enterprise,2025-08-17,,355,299.0
S009910,C09910,Professional,2025-03-25,,37,19.0
S009911,C09911,Professional,2025-12-09,,79,19.0
S009912,C09912,Enterprise,2025-03-28,,352,299.0
S009913,C09913,Enterprise,2025-06-07,,489,299.0
S009914,C09914,Professional,2025-11-10,,42,19.0
S009915,C09915,Starter,2025-07-10,,18,9.0
S009916,C09916,Professional,2025-03-30,2026-02-01,67,19.0
S009917,C09917,Starter,2025-01-30,,15,9.0
S009918,C09918,Starter,2025-05-12,,19,9.0
S009919,C09919,Professional,2025-09-03,,49,19.0
S009920,C09920,Free,2025-09-18,,1,0.0
S009921,C09921,Starter,2025-03-23,,9,9.0
S009922,C09922,Starter,2025-02-27,,3,9.0
S009923,C09923,Professional,2025-09-14,2026-06-30,28,19.0
S009924,C09924,Free,2025-02-28,,4,0.0
S009925,C09925,Enterprise,2025-01-24,,151,299.0
S009926,C09926,Professional,2025-06-27,,54,19.0
S009927,C09927,Free,2025-07-28,,4,0.0
S009928,C09928,Starter,2025-03-30,,12,9.0
S009929,C09929,Free,2025-03-19,,4,0.0
S009930,C09930,Free,2025-03-28,,3,0.0
S009931,C09931,Starter,2025-05-06,,14,9.0
S009932,C09932,Starter,2025-01-04,,16,9.0
S009933,C09933,Starter,2025-01-05,2025-08-03,13,9.0
S009934,C09934,Starter,2025-05-16,,15,9.0
S009935,C09935,Starter,2025-01-08,,16,9.0
S009936,C09936,Enterprise,2025-04-27,,267,299.0
S009937,C09937,Professional,2025-08-01,,75,19.0
S009938,C09938,Free,2025-01-12,,2,0.0
S009939,C09939,Professional,2025-08-14,,14,19.0
S009940,C09940,Free,2025-08-15,,5,0.0
S009941,C09941,Professional,2025-07-29,,69,19.0
S009942,C09942,Professional,2025-08-17,,38,19.0
S009943,C09943,Professional,2025-10-23,2026-06-30,25,19.0
S009944,C09944,Professional,2025-01-26,,24,19.0
S009945,C09945,Professional,2025-03-03,,50,19.0
S009946,C09946,Free,2025-04-26,,5,0.0
S009947,C09947,Professional,2025-09-09,,32,19.0
S009948,C09948,Free,2025-11-15,,4,0.0
S009949,C09949,Free,2025-12-02,,2,0.0
S009950,C09950,Professional,2025-08-01,,49,19.0
S009951,C09951,Starter,2025-05-30,,14,9.0
S009952,C09952,Free,2025-05-31,,4,0.0
S009953,C09953,Free,2025-01-22,,4,0.0
S009954,C09954,Enterprise,2025-06-19,,189,299.0
S009955,C09955,Starter,2025-07-07,,5,9.0
S009956,C09956,Starter,2025-03-18,,13,9.0
S009957,C09957,Starter,2025-10-08,,10,9.0
S009958,C09958,Enterprise,2025-10-24,,209,299.0
S009959,C09959,Free,2025-04-21,,1,0.0
S009960,C09960,Professional,2025-11-30,,71,19.0
S009961,C09961,Starter,2025-02-09,,4,9.0
S009962,C09962,Professional,2025-11-29,,19,19.0
S009963,C09963,Professional,2025-10-08,,34,19.0
S009964,C09964,Free,2025-03-23,,2,0.0
S009965,C09965,Free,2025-08-26,,1,0.0
S009966,C09966,Starter,2025-04-24,,7,9.0
S009967,C09967,Starter,2025-10-19,,9,9.0
S009968,C09968,Professional,2025-02-28,,41,19.0
S009969,C09969,Starter,2025-03-31,,12,9.0
S009970,C09970,Professional,2025-04-23,,19,19.0
S009971,C09971,Free,2025-03-14,2025-06-26,5,0.0
S009972,C09972,Free,2025-05-02,,3,0.0
S009973,C09973,Professional,2025-08-08,,38,19.0
S009974,C09974,Professional,2025-08-20,,62,19.0
S009975,C09975,Free,2025-07-22,,5,0.0
S009976,C09976,Enterprise,2025-03-11,,103,299.0
S009977,C09977,Free,2025-03-15,,3,0.0
S009978,C09978,Professional,2025-12-02,,72,19.0
S009979,C09979,Free,2025-04-02,2025-07-10,2,0.0
S009980,C09980,Free,2025-02-07,2025-11-27,5,0.0
S009981,C09981,Professional,2025-06-15,,51,19.0
S009982,C09982,Free,2025-01-03,,1,0.0
S009983,C09983,Starter,2025-05-06,,18,9.0
S009984,C09984,Professional,2025-11-09,,14,19.0
S009985,C09985,Free,2025-04-08,,4,0.0
S009986,C09986,Professional,2025-09-14,,50,19.0
S009987,C09987,Starter,2025-06-28,,17,9.0
S009988,C09988,Starter,2025-05-10,2025-12-23,8,9.0
S009989,C09989,Free,2025-08-30,,1,0.0
S009990,C09990,Starter,2025-08-06,,11,9.0
S009991,C09991,Starter,2025-04-27,,16,9.0
S009992,C09992,Starter,2025-03-23,,13,9.0
S009993,C09993,Professional,2025-12-01,,16,19.0
S009994,C09994,Starter,2025-03-03,,14,9.0
S009995,C09995,Starter,2025-12-17,,10,9.0
S009996,C09996,Professional,2025-06-21,,61,19.0
S009997,C09997,Starter,2025-12-30,2026-04-26,19,9.0
S009998,C09998,Enterprise,2025-05-09,,443,299.0
S009999,C09999,Professional,2025-07-26,,80,19.0
S010000,C10000,Enterprise,2025-08-13,2026-06-30,343,299.0
